[TB] Reset released. Starting 2-Channel AXI-Stream Transfer...

======================================================
 [TB] VALID WINDOW DETECTED (#35)
======================================================
 Channel 0 (IR) 3x3 Window:
   [   0    0  100]
   [   0  200  200]
   [   0  300  300]

 Channel 1 (Radar) 3x3 Window:
   [   0    0    2]
   [   0    2    3]
   [   0    2    3]
======================================================
[FLUSH] t=0 state=FLUSHING flush_cnt=0 target=103 axis_fire=1 m_axis_tvalid=1 m_axis_tlast=0 row_cnt=32 col_cnt=32
[FLUSH] t=0 flush_cnt=0 m_axis_tvalid=1 row_cnt=32 col_cnt=32
[FLUSH] t=0 state=FLUSHING flush_cnt=1 target=103 axis_fire=1 m_axis_tvalid=1 m_axis_tlast=0 row_cnt=32 col_cnt=33
[FLUSH] t=0 flush_cnt=1 m_axis_tvalid=1 row_cnt=32 col_cnt=33
[FLUSH] t=0 state=FLUSHING flush_cnt=2 target=103 axis_fire=1 m_axis_tvalid=1 m_axis_tlast=0 row_cnt=33 col_cnt=0
[FLUSH] t=0 flush_cnt=2 m_axis_tvalid=1 row_cnt=33 col_cnt=0
[FLUSH] t=0 state=FLUSHING flush_cnt=3 target=103 axis_fire=1 m_axis_tvalid=1 m_axis_tlast=0 row_cnt=33 col_cnt=1
[FLUSH] t=0 flush_cnt=3 m_axis_tvalid=1 row_cnt=33 col_cnt=1
[FLUSH] t=0 state=FLUSHING flush_cnt=4 target=103 axis_fire=1 m_axis_tvalid=1 m_axis_tlast=0 row_cnt=33 col_cnt=2
[FLUSH] t=0 flush_cnt=4 m_axis_tvalid=1 row_cnt=33 col_cnt=2
[FLUSH] t=0 state=FLUSHING flush_cnt=5 target=103 axis_fire=1 m_axis_tvalid=1 m_axis_tlast=0 row_cnt=33 col_cnt=3
[FLUSH] t=0 flush_cnt=5 m_axis_tvalid=1 row_cnt=33 col_cnt=3
[FLUSH] t=0 state=FLUSHING flush_cnt=6 target=103 axis_fire=1 m_axis_tvalid=1 m_axis_tlast=0 row_cnt=33 col_cnt=4
[FLUSH] t=0 flush_cnt=6 m_axis_tvalid=1 row_cnt=33 col_cnt=4
[FLUSH] t=0 state=FLUSHING flush_cnt=7 target=103 axis_fire=1 m_axis_tvalid=1 m_axis_tlast=0 row_cnt=33 col_cnt=5
[FLUSH] t=0 flush_cnt=7 m_axis_tvalid=1 row_cnt=33 col_cnt=5
[FLUSH] t=0 state=FLUSHING flush_cnt=8 target=103 axis_fire=1 m_axis_tvalid=1 m_axis_tlast=0 row_cnt=33 col_cnt=6
[FLUSH] t=0 flush_cnt=8 m_axis_tvalid=1 row_cnt=33 col_cnt=6
[FLUSH] t=0 state=FLUSHING flush_cnt=9 target=103 axis_fire=1 m_axis_tvalid=1 m_axis_tlast=0 row_cnt=33 col_cnt=7
[FLUSH] t=0 flush_cnt=9 m_axis_tvalid=1 row_cnt=33 col_cnt=7
[FLUSH] t=0 state=FLUSHING flush_cnt=10 target=103 axis_fire=1 m_axis_tvalid=1 m_axis_tlast=0 row_cnt=33 col_cnt=8
[FLUSH] t=0 flush_cnt=10 m_axis_tvalid=1 row_cnt=33 col_cnt=8
[FLUSH] t=0 state=FLUSHING flush_cnt=11 target=103 axis_fire=1 m_axis_tvalid=1 m_axis_tlast=0 row_cnt=33 col_cnt=9
[FLUSH] t=0 flush_cnt=11 m_axis_tvalid=1 row_cnt=33 col_cnt=9
[FLUSH] t=0 state=FLUSHING flush_cnt=12 target=103 axis_fire=1 m_axis_tvalid=1 m_axis_tlast=0 row_cnt=33 col_cnt=10
[FLUSH] t=0 flush_cnt=12 m_axis_tvalid=1 row_cnt=33 col_cnt=10
[FLUSH] t=0 state=FLUSHING flush_cnt=13 target=103 axis_fire=1 m_axis_tvalid=1 m_axis_tlast=0 row_cnt=33 col_cnt=11
[FLUSH] t=0 flush_cnt=13 m_axis_tvalid=1 row_cnt=33 col_cnt=11
[FLUSH] t=0 state=FLUSHING flush_cnt=14 target=103 axis_fire=1 m_axis_tvalid=1 m_axis_tlast=0 row_cnt=33 col_cnt=12
[FLUSH] t=0 flush_cnt=14 m_axis_tvalid=1 row_cnt=33 col_cnt=12
[FLUSH] t=0 state=FLUSHING flush_cnt=15 target=103 axis_fire=1 m_axis_tvalid=1 m_axis_tlast=0 row_cnt=33 col_cnt=13
[FLUSH] t=0 flush_cnt=15 m_axis_tvalid=1 row_cnt=33 col_cnt=13
[FLUSH] t=0 state=FLUSHING flush_cnt=16 target=103 axis_fire=1 m_axis_tvalid=1 m_axis_tlast=0 row_cnt=33 col_cnt=14
[FLUSH] t=0 flush_cnt=16 m_axis_tvalid=1 row_cnt=33 col_cnt=14
[FLUSH] t=0 state=FLUSHING flush_cnt=17 target=103 axis_fire=1 m_axis_tvalid=1 m_axis_tlast=0 row_cnt=33 col_cnt=15
[FLUSH] t=0 flush_cnt=17 m_axis_tvalid=1 row_cnt=33 col_cnt=15
[FLUSH] t=0 state=FLUSHING flush_cnt=18 target=103 axis_fire=1 m_axis_tvalid=1 m_axis_tlast=0 row_cnt=33 col_cnt=16
[FLUSH] t=0 flush_cnt=18 m_axis_tvalid=1 row_cnt=33 col_cnt=16
[FLUSH] t=0 state=FLUSHING flush_cnt=19 target=103 axis_fire=1 m_axis_tvalid=1 m_axis_tlast=0 row_cnt=33 col_cnt=17
[FLUSH] t=0 flush_cnt=19 m_axis_tvalid=1 row_cnt=33 col_cnt=17
[FLUSH] t=0 state=FLUSHING flush_cnt=20 target=103 axis_fire=1 m_axis_tvalid=1 m_axis_tlast=0 row_cnt=33 col_cnt=18
[FLUSH] t=0 flush_cnt=20 m_axis_tvalid=1 row_cnt=33 col_cnt=18
[FLUSH] t=0 state=FLUSHING flush_cnt=21 target=103 axis_fire=1 m_axis_tvalid=1 m_axis_tlast=0 row_cnt=33 col_cnt=19
[FLUSH] t=0 flush_cnt=21 m_axis_tvalid=1 row_cnt=33 col_cnt=19
[FLUSH] t=0 state=FLUSHING flush_cnt=22 target=103 axis_fire=1 m_axis_tvalid=1 m_axis_tlast=0 row_cnt=33 col_cnt=20
[FLUSH] t=0 flush_cnt=22 m_axis_tvalid=1 row_cnt=33 col_cnt=20
[FLUSH] t=0 state=FLUSHING flush_cnt=23 target=103 axis_fire=1 m_axis_tvalid=1 m_axis_tlast=0 row_cnt=33 col_cnt=21
[FLUSH] t=0 flush_cnt=23 m_axis_tvalid=1 row_cnt=33 col_cnt=21
[FLUSH] t=0 state=FLUSHING flush_cnt=24 target=103 axis_fire=1 m_axis_tvalid=1 m_axis_tlast=0 row_cnt=33 col_cnt=22
[FLUSH] t=0 flush_cnt=24 m_axis_tvalid=1 row_cnt=33 col_cnt=22
[FLUSH] t=0 state=FLUSHING flush_cnt=25 target=103 axis_fire=1 m_axis_tvalid=1 m_axis_tlast=0 row_cnt=33 col_cnt=23
[FLUSH] t=0 flush_cnt=25 m_axis_tvalid=1 row_cnt=33 col_cnt=23
[FLUSH] t=0 state=FLUSHING flush_cnt=26 target=103 axis_fire=1 m_axis_tvalid=1 m_axis_tlast=0 row_cnt=33 col_cnt=24
[FLUSH] t=0 flush_cnt=26 m_axis_tvalid=1 row_cnt=33 col_cnt=24
[FLUSH] t=0 state=FLUSHING flush_cnt=27 target=103 axis_fire=1 m_axis_tvalid=1 m_axis_tlast=0 row_cnt=33 col_cnt=25
[FLUSH] t=0 flush_cnt=27 m_axis_tvalid=1 row_cnt=33 col_cnt=25
[FLUSH] t=0 state=FLUSHING flush_cnt=28 target=103 axis_fire=1 m_axis_tvalid=1 m_axis_tlast=0 row_cnt=33 col_cnt=26
[FLUSH] t=0 flush_cnt=28 m_axis_tvalid=1 row_cnt=33 col_cnt=26
[FLUSH] t=0 state=FLUSHING flush_cnt=29 target=103 axis_fire=1 m_axis_tvalid=1 m_axis_tlast=0 row_cnt=33 col_cnt=27
[FLUSH] t=0 flush_cnt=29 m_axis_tvalid=1 row_cnt=33 col_cnt=27
[FLUSH] t=0 state=FLUSHING flush_cnt=30 target=103 axis_fire=1 m_axis_tvalid=1 m_axis_tlast=0 row_cnt=33 col_cnt=28
[FLUSH] t=0 flush_cnt=30 m_axis_tvalid=1 row_cnt=33 col_cnt=28
[FLUSH] t=0 state=FLUSHING flush_cnt=31 target=103 axis_fire=1 m_axis_tvalid=1 m_axis_tlast=0 row_cnt=33 col_cnt=29
[FLUSH] t=0 flush_cnt=31 m_axis_tvalid=1 row_cnt=33 col_cnt=29
[FLUSH] t=0 state=FLUSHING flush_cnt=32 target=103 axis_fire=1 m_axis_tvalid=1 m_axis_tlast=0 row_cnt=33 col_cnt=30
[FLUSH] t=0 flush_cnt=32 m_axis_tvalid=1 row_cnt=33 col_cnt=30
[FLUSH] t=0 state=FLUSHING flush_cnt=33 target=103 axis_fire=1 m_axis_tvalid=1 m_axis_tlast=0 row_cnt=33 col_cnt=31
[FLUSH] t=0 flush_cnt=33 m_axis_tvalid=1 row_cnt=33 col_cnt=31
[FLUSH] t=0 state=FLUSHING flush_cnt=34 target=103 axis_fire=1 m_axis_tvalid=1 m_axis_tlast=0 row_cnt=33 col_cnt=32
[FLUSH] t=0 flush_cnt=34 m_axis_tvalid=1 row_cnt=33 col_cnt=32
[FLUSH] t=0 state=FLUSHING flush_cnt=35 target=103 axis_fire=1 m_axis_tvalid=1 m_axis_tlast=0 row_cnt=33 col_cnt=33
[FLUSH] t=0 flush_cnt=35 m_axis_tvalid=1 row_cnt=33 col_cnt=33
[FLUSH] t=0 state=FLUSHING flush_cnt=36 target=103 axis_fire=1 m_axis_tvalid=1 m_axis_tlast=0 row_cnt=0 col_cnt=0
[FLUSH] t=0 flush_cnt=36 m_axis_tvalid=1 row_cnt=0 col_cnt=0
[FLUSH] t=0 state=FLUSHING flush_cnt=37 target=103 axis_fire=1 m_axis_tvalid=1 m_axis_tlast=0 row_cnt=0 col_cnt=1
[FLUSH] t=0 flush_cnt=37 m_axis_tvalid=1 row_cnt=0 col_cnt=1
[FLUSH] t=0 state=FLUSHING flush_cnt=38 target=103 axis_fire=1 m_axis_tvalid=1 m_axis_tlast=0 row_cnt=0 col_cnt=2
[FLUSH] t=0 flush_cnt=38 m_axis_tvalid=1 row_cnt=0 col_cnt=2
[FLUSH] t=0 state=FLUSHING flush_cnt=39 target=103 axis_fire=1 m_axis_tvalid=1 m_axis_tlast=0 row_cnt=0 col_cnt=3
[FLUSH] t=0 flush_cnt=39 m_axis_tvalid=1 row_cnt=0 col_cnt=3
[FLUSH] t=0 state=FLUSHING flush_cnt=40 target=103 axis_fire=1 m_axis_tvalid=1 m_axis_tlast=0 row_cnt=0 col_cnt=4
[FLUSH] t=0 flush_cnt=40 m_axis_tvalid=1 row_cnt=0 col_cnt=4
[FLUSH] t=0 state=FLUSHING flush_cnt=41 target=103 axis_fire=1 m_axis_tvalid=1 m_axis_tlast=0 row_cnt=0 col_cnt=5
[FLUSH] t=0 flush_cnt=41 m_axis_tvalid=1 row_cnt=0 col_cnt=5
[FLUSH] t=0 state=FLUSHING flush_cnt=42 target=103 axis_fire=1 m_axis_tvalid=1 m_axis_tlast=0 row_cnt=0 col_cnt=6
[FLUSH] t=0 flush_cnt=42 m_axis_tvalid=1 row_cnt=0 col_cnt=6
[FLUSH] t=0 state=FLUSHING flush_cnt=43 target=103 axis_fire=1 m_axis_tvalid=1 m_axis_tlast=0 row_cnt=0 col_cnt=7
[FLUSH] t=0 flush_cnt=43 m_axis_tvalid=1 row_cnt=0 col_cnt=7
[FLUSH] t=0 state=FLUSHING flush_cnt=44 target=103 axis_fire=1 m_axis_tvalid=1 m_axis_tlast=0 row_cnt=0 col_cnt=8
[FLUSH] t=0 flush_cnt=44 m_axis_tvalid=1 row_cnt=0 col_cnt=8
[FLUSH] t=0 state=FLUSHING flush_cnt=45 target=103 axis_fire=1 m_axis_tvalid=1 m_axis_tlast=0 row_cnt=0 col_cnt=9
[FLUSH] t=0 flush_cnt=45 m_axis_tvalid=1 row_cnt=0 col_cnt=9
[FLUSH] t=0 state=FLUSHING flush_cnt=46 target=103 axis_fire=1 m_axis_tvalid=1 m_axis_tlast=0 row_cnt=0 col_cnt=10
[FLUSH] t=0 flush_cnt=46 m_axis_tvalid=1 row_cnt=0 col_cnt=10
[FLUSH] t=0 state=FLUSHING flush_cnt=47 target=103 axis_fire=1 m_axis_tvalid=1 m_axis_tlast=0 row_cnt=0 col_cnt=11
[FLUSH] t=0 flush_cnt=47 m_axis_tvalid=1 row_cnt=0 col_cnt=11
[FLUSH] t=0 state=FLUSHING flush_cnt=48 target=103 axis_fire=1 m_axis_tvalid=1 m_axis_tlast=0 row_cnt=0 col_cnt=12
[FLUSH] t=0 flush_cnt=48 m_axis_tvalid=1 row_cnt=0 col_cnt=12
[FLUSH] t=0 state=FLUSHING flush_cnt=49 target=103 axis_fire=1 m_axis_tvalid=1 m_axis_tlast=0 row_cnt=0 col_cnt=13
[FLUSH] t=0 flush_cnt=49 m_axis_tvalid=1 row_cnt=0 col_cnt=13
[FLUSH] t=0 state=FLUSHING flush_cnt=50 target=103 axis_fire=1 m_axis_tvalid=1 m_axis_tlast=0 row_cnt=0 col_cnt=14
[FLUSH] t=0 flush_cnt=50 m_axis_tvalid=1 row_cnt=0 col_cnt=14
[FLUSH] t=0 state=FLUSHING flush_cnt=51 target=103 axis_fire=1 m_axis_tvalid=1 m_axis_tlast=0 row_cnt=0 col_cnt=15
[FLUSH] t=0 flush_cnt=51 m_axis_tvalid=1 row_cnt=0 col_cnt=15
[FLUSH] t=0 state=FLUSHING flush_cnt=52 target=103 axis_fire=1 m_axis_tvalid=1 m_axis_tlast=0 row_cnt=0 col_cnt=16
[FLUSH] t=0 flush_cnt=52 m_axis_tvalid=1 row_cnt=0 col_cnt=16
[FLUSH] t=0 state=FLUSHING flush_cnt=53 target=103 axis_fire=1 m_axis_tvalid=1 m_axis_tlast=0 row_cnt=0 col_cnt=17
[FLUSH] t=0 flush_cnt=53 m_axis_tvalid=1 row_cnt=0 col_cnt=17
[FLUSH] t=0 state=FLUSHING flush_cnt=54 target=103 axis_fire=1 m_axis_tvalid=1 m_axis_tlast=0 row_cnt=0 col_cnt=18
[FLUSH] t=0 flush_cnt=54 m_axis_tvalid=1 row_cnt=0 col_cnt=18
[FLUSH] t=0 state=FLUSHING flush_cnt=55 target=103 axis_fire=1 m_axis_tvalid=1 m_axis_tlast=0 row_cnt=0 col_cnt=19
[FLUSH] t=0 flush_cnt=55 m_axis_tvalid=1 row_cnt=0 col_cnt=19
[FLUSH] t=0 state=FLUSHING flush_cnt=56 target=103 axis_fire=1 m_axis_tvalid=1 m_axis_tlast=0 row_cnt=0 col_cnt=20
[FLUSH] t=0 flush_cnt=56 m_axis_tvalid=1 row_cnt=0 col_cnt=20
[FLUSH] t=0 state=FLUSHING flush_cnt=57 target=103 axis_fire=1 m_axis_tvalid=1 m_axis_tlast=0 row_cnt=0 col_cnt=21
[FLUSH] t=0 flush_cnt=57 m_axis_tvalid=1 row_cnt=0 col_cnt=21
[FLUSH] t=0 state=FLUSHING flush_cnt=58 target=103 axis_fire=1 m_axis_tvalid=1 m_axis_tlast=0 row_cnt=0 col_cnt=22
[FLUSH] t=0 flush_cnt=58 m_axis_tvalid=1 row_cnt=0 col_cnt=22
[FLUSH] t=0 state=FLUSHING flush_cnt=59 target=103 axis_fire=1 m_axis_tvalid=1 m_axis_tlast=0 row_cnt=0 col_cnt=23
[FLUSH] t=0 flush_cnt=59 m_axis_tvalid=1 row_cnt=0 col_cnt=23
[FLUSH] t=0 state=FLUSHING flush_cnt=60 target=103 axis_fire=1 m_axis_tvalid=1 m_axis_tlast=0 row_cnt=0 col_cnt=24
[FLUSH] t=0 flush_cnt=60 m_axis_tvalid=1 row_cnt=0 col_cnt=24
[FLUSH] t=0 state=FLUSHING flush_cnt=61 target=103 axis_fire=1 m_axis_tvalid=1 m_axis_tlast=0 row_cnt=0 col_cnt=25
[FLUSH] t=0 flush_cnt=61 m_axis_tvalid=1 row_cnt=0 col_cnt=25
[FLUSH] t=0 state=FLUSHING flush_cnt=62 target=103 axis_fire=1 m_axis_tvalid=1 m_axis_tlast=0 row_cnt=0 col_cnt=26
[FLUSH] t=0 flush_cnt=62 m_axis_tvalid=1 row_cnt=0 col_cnt=26
[FLUSH] t=0 state=FLUSHING flush_cnt=63 target=103 axis_fire=1 m_axis_tvalid=1 m_axis_tlast=0 row_cnt=0 col_cnt=27
[FLUSH] t=0 flush_cnt=63 m_axis_tvalid=1 row_cnt=0 col_cnt=27
[FLUSH] t=0 state=FLUSHING flush_cnt=64 target=103 axis_fire=1 m_axis_tvalid=1 m_axis_tlast=0 row_cnt=0 col_cnt=28
[FLUSH] t=0 flush_cnt=64 m_axis_tvalid=1 row_cnt=0 col_cnt=28
[FLUSH] t=0 state=FLUSHING flush_cnt=65 target=103 axis_fire=1 m_axis_tvalid=1 m_axis_tlast=0 row_cnt=0 col_cnt=29
[FLUSH] t=0 flush_cnt=65 m_axis_tvalid=1 row_cnt=0 col_cnt=29
[FLUSH] t=0 state=FLUSHING flush_cnt=66 target=103 axis_fire=1 m_axis_tvalid=1 m_axis_tlast=0 row_cnt=0 col_cnt=30
[FLUSH] t=0 flush_cnt=66 m_axis_tvalid=1 row_cnt=0 col_cnt=30
[FLUSH] t=0 state=FLUSHING flush_cnt=67 target=103 axis_fire=1 m_axis_tvalid=1 m_axis_tlast=0 row_cnt=0 col_cnt=31
[FLUSH] t=0 flush_cnt=67 m_axis_tvalid=1 row_cnt=0 col_cnt=31
[FLUSH] t=0 state=FLUSHING flush_cnt=68 target=103 axis_fire=1 m_axis_tvalid=1 m_axis_tlast=0 row_cnt=0 col_cnt=32
[FLUSH] t=0 flush_cnt=68 m_axis_tvalid=1 row_cnt=0 col_cnt=32
[FLUSH] t=0 state=FLUSHING flush_cnt=69 target=103 axis_fire=1 m_axis_tvalid=1 m_axis_tlast=0 row_cnt=0 col_cnt=33
[FLUSH] t=0 flush_cnt=69 m_axis_tvalid=1 row_cnt=0 col_cnt=33
[FLUSH] t=0 state=FLUSHING flush_cnt=70 target=103 axis_fire=1 m_axis_tvalid=1 m_axis_tlast=0 row_cnt=1 col_cnt=0
[FLUSH] t=0 flush_cnt=70 m_axis_tvalid=1 row_cnt=1 col_cnt=0
[FLUSH] t=0 state=FLUSHING flush_cnt=71 target=103 axis_fire=1 m_axis_tvalid=1 m_axis_tlast=0 row_cnt=1 col_cnt=1
[FLUSH] t=0 flush_cnt=71 m_axis_tvalid=1 row_cnt=1 col_cnt=1
[FLUSH] t=0 state=FLUSHING flush_cnt=72 target=103 axis_fire=1 m_axis_tvalid=1 m_axis_tlast=0 row_cnt=1 col_cnt=2
[FLUSH] t=0 flush_cnt=72 m_axis_tvalid=1 row_cnt=1 col_cnt=2
[FLUSH] t=0 state=FLUSHING flush_cnt=73 target=103 axis_fire=1 m_axis_tvalid=1 m_axis_tlast=0 row_cnt=1 col_cnt=3
[FLUSH] t=0 flush_cnt=73 m_axis_tvalid=1 row_cnt=1 col_cnt=3
[FLUSH] t=0 state=FLUSHING flush_cnt=74 target=103 axis_fire=1 m_axis_tvalid=1 m_axis_tlast=0 row_cnt=1 col_cnt=4
[FLUSH] t=0 flush_cnt=74 m_axis_tvalid=1 row_cnt=1 col_cnt=4
[FLUSH] t=0 state=FLUSHING flush_cnt=75 target=103 axis_fire=1 m_axis_tvalid=1 m_axis_tlast=0 row_cnt=1 col_cnt=5
[FLUSH] t=0 flush_cnt=75 m_axis_tvalid=1 row_cnt=1 col_cnt=5
[FLUSH] t=0 state=FLUSHING flush_cnt=76 target=103 axis_fire=1 m_axis_tvalid=1 m_axis_tlast=0 row_cnt=1 col_cnt=6
[FLUSH] t=0 flush_cnt=76 m_axis_tvalid=1 row_cnt=1 col_cnt=6
[FLUSH] t=0 state=FLUSHING flush_cnt=77 target=103 axis_fire=1 m_axis_tvalid=1 m_axis_tlast=0 row_cnt=1 col_cnt=7
[FLUSH] t=0 flush_cnt=77 m_axis_tvalid=1 row_cnt=1 col_cnt=7
[FLUSH] t=0 state=FLUSHING flush_cnt=78 target=103 axis_fire=1 m_axis_tvalid=1 m_axis_tlast=0 row_cnt=1 col_cnt=8
[FLUSH] t=0 flush_cnt=78 m_axis_tvalid=1 row_cnt=1 col_cnt=8
[FLUSH] t=0 state=FLUSHING flush_cnt=79 target=103 axis_fire=1 m_axis_tvalid=1 m_axis_tlast=0 row_cnt=1 col_cnt=9
[FLUSH] t=0 flush_cnt=79 m_axis_tvalid=1 row_cnt=1 col_cnt=9
[FLUSH] t=0 state=FLUSHING flush_cnt=80 target=103 axis_fire=1 m_axis_tvalid=1 m_axis_tlast=0 row_cnt=1 col_cnt=10
[FLUSH] t=0 flush_cnt=80 m_axis_tvalid=1 row_cnt=1 col_cnt=10
[FLUSH] t=0 state=FLUSHING flush_cnt=81 target=103 axis_fire=1 m_axis_tvalid=1 m_axis_tlast=0 row_cnt=1 col_cnt=11
[FLUSH] t=0 flush_cnt=81 m_axis_tvalid=1 row_cnt=1 col_cnt=11
[FLUSH] t=0 state=FLUSHING flush_cnt=82 target=103 axis_fire=1 m_axis_tvalid=1 m_axis_tlast=0 row_cnt=1 col_cnt=12
[FLUSH] t=0 flush_cnt=82 m_axis_tvalid=1 row_cnt=1 col_cnt=12
[FLUSH] t=0 state=FLUSHING flush_cnt=83 target=103 axis_fire=1 m_axis_tvalid=1 m_axis_tlast=0 row_cnt=1 col_cnt=13
[FLUSH] t=0 flush_cnt=83 m_axis_tvalid=1 row_cnt=1 col_cnt=13
[FLUSH] t=0 state=FLUSHING flush_cnt=84 target=103 axis_fire=1 m_axis_tvalid=1 m_axis_tlast=0 row_cnt=1 col_cnt=14
[FLUSH] t=0 flush_cnt=84 m_axis_tvalid=1 row_cnt=1 col_cnt=14
[FLUSH] t=0 state=FLUSHING flush_cnt=85 target=103 axis_fire=1 m_axis_tvalid=1 m_axis_tlast=0 row_cnt=1 col_cnt=15
[FLUSH] t=0 flush_cnt=85 m_axis_tvalid=1 row_cnt=1 col_cnt=15
[FLUSH] t=0 state=FLUSHING flush_cnt=86 target=103 axis_fire=1 m_axis_tvalid=1 m_axis_tlast=0 row_cnt=1 col_cnt=16
[FLUSH] t=0 flush_cnt=86 m_axis_tvalid=1 row_cnt=1 col_cnt=16
[FLUSH] t=0 state=FLUSHING flush_cnt=87 target=103 axis_fire=1 m_axis_tvalid=1 m_axis_tlast=0 row_cnt=1 col_cnt=17
[FLUSH] t=0 flush_cnt=87 m_axis_tvalid=1 row_cnt=1 col_cnt=17
[FLUSH] t=0 state=FLUSHING flush_cnt=88 target=103 axis_fire=1 m_axis_tvalid=1 m_axis_tlast=0 row_cnt=1 col_cnt=18
[FLUSH] t=0 flush_cnt=88 m_axis_tvalid=1 row_cnt=1 col_cnt=18
[FLUSH] t=0 state=FLUSHING flush_cnt=89 target=103 axis_fire=1 m_axis_tvalid=1 m_axis_tlast=0 row_cnt=1 col_cnt=19
[FLUSH] t=0 flush_cnt=89 m_axis_tvalid=1 row_cnt=1 col_cnt=19
[FLUSH] t=0 state=FLUSHING flush_cnt=90 target=103 axis_fire=1 m_axis_tvalid=1 m_axis_tlast=0 row_cnt=1 col_cnt=20
[FLUSH] t=0 flush_cnt=90 m_axis_tvalid=1 row_cnt=1 col_cnt=20
[FLUSH] t=0 state=FLUSHING flush_cnt=91 target=103 axis_fire=1 m_axis_tvalid=1 m_axis_tlast=0 row_cnt=1 col_cnt=21
[FLUSH] t=0 flush_cnt=91 m_axis_tvalid=1 row_cnt=1 col_cnt=21
[FLUSH] t=0 state=FLUSHING flush_cnt=92 target=103 axis_fire=1 m_axis_tvalid=1 m_axis_tlast=0 row_cnt=1 col_cnt=22
[FLUSH] t=0 flush_cnt=92 m_axis_tvalid=1 row_cnt=1 col_cnt=22
[FLUSH] t=0 state=FLUSHING flush_cnt=93 target=103 axis_fire=1 m_axis_tvalid=1 m_axis_tlast=0 row_cnt=1 col_cnt=23
[FLUSH] t=0 flush_cnt=93 m_axis_tvalid=1 row_cnt=1 col_cnt=23
[FLUSH] t=0 state=FLUSHING flush_cnt=94 target=103 axis_fire=1 m_axis_tvalid=1 m_axis_tlast=0 row_cnt=1 col_cnt=24
[FLUSH] t=0 flush_cnt=94 m_axis_tvalid=1 row_cnt=1 col_cnt=24
[FLUSH] t=0 state=FLUSHING flush_cnt=95 target=103 axis_fire=1 m_axis_tvalid=1 m_axis_tlast=0 row_cnt=1 col_cnt=25
[FLUSH] t=0 flush_cnt=95 m_axis_tvalid=1 row_cnt=1 col_cnt=25
[FLUSH] t=0 state=FLUSHING flush_cnt=96 target=103 axis_fire=1 m_axis_tvalid=1 m_axis_tlast=0 row_cnt=1 col_cnt=26
[FLUSH] t=0 flush_cnt=96 m_axis_tvalid=1 row_cnt=1 col_cnt=26
[FLUSH] t=0 state=FLUSHING flush_cnt=97 target=103 axis_fire=1 m_axis_tvalid=1 m_axis_tlast=0 row_cnt=1 col_cnt=27
[FLUSH] t=0 flush_cnt=97 m_axis_tvalid=1 row_cnt=1 col_cnt=27
[FLUSH] t=0 state=FLUSHING flush_cnt=98 target=103 axis_fire=1 m_axis_tvalid=1 m_axis_tlast=0 row_cnt=1 col_cnt=28
[FLUSH] t=0 flush_cnt=98 m_axis_tvalid=1 row_cnt=1 col_cnt=28
[FLUSH] t=0 state=FLUSHING flush_cnt=99 target=103 axis_fire=1 m_axis_tvalid=1 m_axis_tlast=0 row_cnt=1 col_cnt=29
[FLUSH] t=0 flush_cnt=99 m_axis_tvalid=1 row_cnt=1 col_cnt=29
[FLUSH] t=0 state=FLUSHING flush_cnt=100 target=103 axis_fire=1 m_axis_tvalid=1 m_axis_tlast=0 row_cnt=1 col_cnt=30
[FLUSH] t=0 flush_cnt=100 m_axis_tvalid=1 row_cnt=1 col_cnt=30
[FLUSH] t=0 state=FLUSHING flush_cnt=101 target=103 axis_fire=1 m_axis_tvalid=1 m_axis_tlast=0 row_cnt=1 col_cnt=31
[FLUSH] t=0 flush_cnt=101 m_axis_tvalid=1 row_cnt=1 col_cnt=31
[FLUSH] t=0 state=FLUSHING flush_cnt=102 target=103 axis_fire=1 m_axis_tvalid=1 m_axis_tlast=0 row_cnt=1 col_cnt=32
[FLUSH] t=0 flush_cnt=102 m_axis_tvalid=1 row_cnt=1 col_cnt=32
[FLUSH-TRANSITION] t=0 firing IDLE transition, flush_cnt=103
[FLUSH-TRANSITION] t=0 firing IDLE transition, flush_cnt=103
[FLUSH-TRANSITION] t=0 firing IDLE transition, flush_cnt=103
[FLUSH-TRANSITION] t=0 firing IDLE transition, flush_cnt=103
[FLUSH] t=0 state=FLUSHING flush_cnt=103 target=103 axis_fire=1 m_axis_tvalid=1 m_axis_tlast=1 row_cnt=1 col_cnt=33
[FLUSH] t=0 flush_cnt=103 m_axis_tvalid=1 row_cnt=1 col_cnt=33
[CPP-FLUSH] iter=0 tvalid=0 tlast=0 trdy=1
[CPP-FLUSH] iter=1 tvalid=0 tlast=0 trdy=1
[CPP-FLUSH] iter=2 tvalid=0 tlast=0 trdy=1
[CPP-FLUSH] iter=3 tvalid=0 tlast=0 trdy=1
[CPP-FLUSH] iter=4 tvalid=0 tlast=0 trdy=1
[CPP-FLUSH] iter=5 tvalid=0 tlast=0 trdy=1
[CPP-FLUSH] iter=6 tvalid=0 tlast=0 trdy=1
[CPP-FLUSH] iter=7 tvalid=0 tlast=0 trdy=1
[CPP-FLUSH] iter=8 tvalid=0 tlast=0 trdy=1
[CPP-FLUSH] iter=9 tvalid=0 tlast=0 trdy=1
[CPP-FLUSH] iter=10 tvalid=0 tlast=0 trdy=1
[CPP-FLUSH] iter=11 tvalid=0 tlast=0 trdy=1
[CPP-FLUSH] iter=12 tvalid=0 tlast=0 trdy=1
[CPP-FLUSH] iter=13 tvalid=0 tlast=0 trdy=1
[CPP-FLUSH] iter=14 tvalid=0 tlast=0 trdy=1
[CPP-FLUSH] iter=15 tvalid=0 tlast=0 trdy=1
[CPP-FLUSH] iter=16 tvalid=0 tlast=0 trdy=1
[CPP-FLUSH] iter=17 tvalid=0 tlast=0 trdy=1
[CPP-FLUSH] iter=18 tvalid=0 tlast=0 trdy=1
[CPP-FLUSH] iter=19 tvalid=0 tlast=0 trdy=1
[CPP-FLUSH] iter=20 tvalid=0 tlast=0 trdy=1
[CPP-FLUSH] iter=21 tvalid=0 tlast=0 trdy=1
[CPP-FLUSH] iter=22 tvalid=0 tlast=0 trdy=1
[CPP-FLUSH] iter=23 tvalid=0 tlast=0 trdy=1
[CPP-FLUSH] iter=24 tvalid=0 tlast=0 trdy=1
[CPP-FLUSH] iter=25 tvalid=0 tlast=0 trdy=1
[CPP-FLUSH] iter=26 tvalid=0 tlast=0 trdy=1
[CPP-FLUSH] iter=27 tvalid=0 tlast=0 trdy=1
[CPP-FLUSH] iter=28 tvalid=0 tlast=0 trdy=1
[CPP-FLUSH] iter=29 tvalid=0 tlast=0 trdy=1
[CPP-FLUSH] iter=30 tvalid=0 tlast=0 trdy=1
[CPP-FLUSH] iter=31 tvalid=0 tlast=0 trdy=1
[CPP-FLUSH] iter=32 tvalid=0 tlast=0 trdy=1
[CPP-FLUSH] iter=33 tvalid=0 tlast=0 trdy=1
[CPP-FLUSH] iter=34 tvalid=0 tlast=0 trdy=1
[CPP-FLUSH] iter=35 tvalid=0 tlast=0 trdy=1
[CPP-FLUSH] iter=36 tvalid=0 tlast=0 trdy=1
[CPP-FLUSH] iter=37 tvalid=0 tlast=0 trdy=1
[CPP-FLUSH] iter=38 tvalid=0 tlast=0 trdy=1
[CPP-FLUSH] iter=39 tvalid=0 tlast=0 trdy=1
[CPP-FLUSH] iter=40 tvalid=0 tlast=0 trdy=1
[CPP-FLUSH] iter=41 tvalid=0 tlast=0 trdy=1
[CPP-FLUSH] iter=42 tvalid=0 tlast=0 trdy=1
[CPP-FLUSH] iter=43 tvalid=0 tlast=0 trdy=1
[CPP-FLUSH] iter=44 tvalid=0 tlast=0 trdy=1
[CPP-FLUSH] iter=45 tvalid=0 tlast=0 trdy=1
[CPP-FLUSH] iter=46 tvalid=0 tlast=0 trdy=1
[CPP-FLUSH] iter=47 tvalid=0 tlast=0 trdy=1
[CPP-FLUSH] iter=48 tvalid=0 tlast=0 trdy=1
[CPP-FLUSH] iter=49 tvalid=0 tlast=0 trdy=1
[CPP-FLUSH] iter=50 tvalid=0 tlast=0 trdy=1
[CPP-FLUSH] iter=51 tvalid=0 tlast=0 trdy=1
[CPP-FLUSH] iter=52 tvalid=0 tlast=0 trdy=1
[CPP-FLUSH] iter=53 tvalid=0 tlast=0 trdy=1
[CPP-FLUSH] iter=54 tvalid=0 tlast=0 trdy=1
[CPP-FLUSH] iter=55 tvalid=0 tlast=0 trdy=1
[CPP-FLUSH] iter=56 tvalid=0 tlast=0 trdy=1
[CPP-FLUSH] iter=57 tvalid=0 tlast=0 trdy=1
[CPP-FLUSH] iter=58 tvalid=0 tlast=0 trdy=1
[CPP-FLUSH] iter=59 tvalid=0 tlast=0 trdy=1
[CPP-FLUSH] iter=60 tvalid=0 tlast=0 trdy=1
[CPP-FLUSH] iter=61 tvalid=0 tlast=0 trdy=1
[CPP-FLUSH] iter=62 tvalid=0 tlast=0 trdy=1
[CPP-FLUSH] iter=63 tvalid=0 tlast=0 trdy=1
[CPP-FLUSH] iter=64 tvalid=0 tlast=0 trdy=1
[CPP-FLUSH] iter=65 tvalid=0 tlast=0 trdy=1
[CPP-FLUSH] iter=66 tvalid=0 tlast=0 trdy=1
[CPP-FLUSH] iter=67 tvalid=0 tlast=0 trdy=1
[CPP-FLUSH] iter=68 tvalid=0 tlast=0 trdy=1
[CPP-FLUSH] iter=69 tvalid=0 tlast=0 trdy=1
[CPP-FLUSH] iter=70 tvalid=0 tlast=0 trdy=1
[CPP-FLUSH] iter=71 tvalid=0 tlast=0 trdy=1
[CPP-FLUSH] iter=72 tvalid=0 tlast=0 trdy=1
[CPP-FLUSH] iter=73 tvalid=0 tlast=0 trdy=1
[CPP-FLUSH] iter=74 tvalid=0 tlast=0 trdy=1
[CPP-FLUSH] iter=75 tvalid=0 tlast=0 trdy=1
[CPP-FLUSH] iter=76 tvalid=0 tlast=0 trdy=1
[CPP-FLUSH] iter=77 tvalid=0 tlast=0 trdy=1
[CPP-FLUSH] iter=78 tvalid=0 tlast=0 trdy=1
[CPP-FLUSH] iter=79 tvalid=0 tlast=0 trdy=1
[CPP-FLUSH] iter=80 tvalid=0 tlast=0 trdy=1
[CPP-FLUSH] iter=81 tvalid=0 tlast=0 trdy=1
[CPP-FLUSH] iter=82 tvalid=0 tlast=0 trdy=1
[CPP-FLUSH] iter=83 tvalid=0 tlast=0 trdy=1
[CPP-FLUSH] iter=84 tvalid=0 tlast=0 trdy=1
[CPP-FLUSH] iter=85 tvalid=0 tlast=0 trdy=1
[CPP-FLUSH] iter=86 tvalid=0 tlast=0 trdy=1
[CPP-FLUSH] iter=87 tvalid=0 tlast=0 trdy=1
[CPP-FLUSH] iter=88 tvalid=0 tlast=0 trdy=1
[CPP-FLUSH] iter=89 tvalid=0 tlast=0 trdy=1
[CPP-FLUSH] iter=90 tvalid=0 tlast=0 trdy=1
[CPP-FLUSH] iter=91 tvalid=0 tlast=0 trdy=1
[CPP-FLUSH] iter=92 tvalid=0 tlast=0 trdy=1
[CPP-FLUSH] iter=93 tvalid=0 tlast=0 trdy=1
[CPP-FLUSH] iter=94 tvalid=0 tlast=0 trdy=1
[CPP-FLUSH] iter=95 tvalid=0 tlast=0 trdy=1
[CPP-FLUSH] iter=96 tvalid=0 tlast=0 trdy=1
[CPP-FLUSH] iter=97 tvalid=0 tlast=0 trdy=1
[CPP-FLUSH] iter=98 tvalid=0 tlast=0 trdy=1
[CPP-FLUSH] iter=99 tvalid=0 tlast=0 trdy=1
[CPP-FLUSH] iter=100 tvalid=0 tlast=0 trdy=1
[CPP-FLUSH] iter=101 tvalid=0 tlast=0 trdy=1
[CPP-FLUSH] iter=102 tvalid=0 tlast=0 trdy=1
[CPP-FLUSH] iter=103 tvalid=0 tlast=0 trdy=1
[CPP-FLUSH] iter=104 tvalid=0 tlast=0 trdy=1
[CPP-FLUSH] iter=105 tvalid=0 tlast=0 trdy=1
[CPP-FLUSH] iter=106 tvalid=0 tlast=0 trdy=1
[CPP-FLUSH] iter=107 tvalid=0 tlast=0 trdy=1
[CPP-FLUSH] iter=108 tvalid=0 tlast=0 trdy=1
[CPP-FLUSH] iter=109 tvalid=0 tlast=0 trdy=1
[CPP-FLUSH] iter=110 tvalid=0 tlast=0 trdy=1
[CPP-FLUSH] iter=111 tvalid=0 tlast=0 trdy=1
[CPP-FLUSH] iter=112 tvalid=0 tlast=0 trdy=1
[CPP-FLUSH] iter=113 tvalid=0 tlast=0 trdy=1
[CPP-FLUSH] iter=114 tvalid=0 tlast=0 trdy=1
[CPP-FLUSH] iter=115 tvalid=0 tlast=0 trdy=1
[CPP-FLUSH] iter=116 tvalid=0 tlast=0 trdy=1
[CPP-FLUSH] iter=117 tvalid=0 tlast=0 trdy=1
[CPP-FLUSH] iter=118 tvalid=0 tlast=0 trdy=1
[CPP-FLUSH] iter=119 tvalid=0 tlast=0 trdy=1
[CPP-FLUSH] iter=120 tvalid=0 tlast=0 trdy=1
[CPP-FLUSH] iter=121 tvalid=0 tlast=0 trdy=1
[CPP-FLUSH] iter=122 tvalid=0 tlast=0 trdy=1
[CPP-FLUSH] iter=123 tvalid=0 tlast=0 trdy=1
[CPP-FLUSH] iter=124 tvalid=0 tlast=0 trdy=1
[CPP-FLUSH] iter=125 tvalid=0 tlast=0 trdy=1
[CPP-FLUSH] iter=126 tvalid=0 tlast=0 trdy=1
[CPP-FLUSH] iter=127 tvalid=0 tlast=0 trdy=1
[CPP-FLUSH] iter=128 tvalid=0 tlast=0 trdy=1
[CPP-FLUSH] iter=129 tvalid=0 tlast=0 trdy=1
[CPP-FLUSH] iter=130 tvalid=0 tlast=0 trdy=1
[CPP-FLUSH] iter=131 tvalid=0 tlast=0 trdy=1
[CPP-FLUSH] iter=132 tvalid=0 tlast=0 trdy=1
[CPP-FLUSH] iter=133 tvalid=0 tlast=0 trdy=1
[CPP-FLUSH] iter=134 tvalid=0 tlast=0 trdy=1
[CPP-FLUSH] iter=135 tvalid=0 tlast=0 trdy=1
[CPP-FLUSH] iter=136 tvalid=0 tlast=0 trdy=1
[CPP-FLUSH] iter=137 tvalid=0 tlast=0 trdy=1
[CPP-FLUSH] iter=138 tvalid=0 tlast=0 trdy=1
[CPP-FLUSH] iter=139 tvalid=0 tlast=0 trdy=1
[CPP-FLUSH] iter=140 tvalid=0 tlast=0 trdy=1
[CPP-FLUSH] iter=141 tvalid=0 tlast=0 trdy=1
[CPP-FLUSH] iter=142 tvalid=0 tlast=0 trdy=1
[CPP-FLUSH] iter=143 tvalid=0 tlast=0 trdy=1
[CPP-FLUSH] iter=144 tvalid=0 tlast=0 trdy=1
[CPP-FLUSH] iter=145 tvalid=0 tlast=0 trdy=1
[CPP-FLUSH] iter=146 tvalid=0 tlast=0 trdy=1
[CPP-FLUSH] iter=147 tvalid=0 tlast=0 trdy=1
[CPP-FLUSH] iter=148 tvalid=0 tlast=0 trdy=1
[CPP-FLUSH] iter=149 tvalid=0 tlast=0 trdy=1
[CPP-FLUSH] iter=150 tvalid=0 tlast=0 trdy=1
[CPP-FLUSH] iter=151 tvalid=0 tlast=0 trdy=1
[CPP-FLUSH] iter=152 tvalid=0 tlast=0 trdy=1
[CPP-FLUSH] iter=153 tvalid=0 tlast=0 trdy=1
[CPP-FLUSH] iter=154 tvalid=0 tlast=0 trdy=1
[CPP-FLUSH] iter=155 tvalid=0 tlast=0 trdy=1
[CPP-FLUSH] iter=156 tvalid=0 tlast=0 trdy=1
[CPP-FLUSH] iter=157 tvalid=0 tlast=0 trdy=1
[CPP-FLUSH] iter=158 tvalid=0 tlast=0 trdy=1
[CPP-FLUSH] iter=159 tvalid=0 tlast=0 trdy=1
[CPP-FLUSH] iter=160 tvalid=0 tlast=0 trdy=1
[CPP-FLUSH] iter=161 tvalid=0 tlast=0 trdy=1
[CPP-FLUSH] iter=162 tvalid=0 tlast=0 trdy=1
[CPP-FLUSH] iter=163 tvalid=0 tlast=0 trdy=1
[CPP-FLUSH] iter=164 tvalid=0 tlast=0 trdy=1
[CPP-FLUSH] iter=165 tvalid=0 tlast=0 trdy=1
[CPP-FLUSH] iter=166 tvalid=0 tlast=0 trdy=1
[CPP-FLUSH] iter=167 tvalid=0 tlast=0 trdy=1
[CPP-FLUSH] iter=168 tvalid=0 tlast=0 trdy=1
[CPP-FLUSH] iter=169 tvalid=0 tlast=0 trdy=1
[CPP-FLUSH] iter=170 tvalid=0 tlast=0 trdy=1
[CPP-FLUSH] iter=171 tvalid=0 tlast=0 trdy=1
[CPP-FLUSH] iter=172 tvalid=0 tlast=0 trdy=1
[CPP-FLUSH] iter=173 tvalid=0 tlast=0 trdy=1
[CPP-FLUSH] iter=174 tvalid=0 tlast=0 trdy=1
[CPP-FLUSH] iter=175 tvalid=0 tlast=0 trdy=1
[CPP-FLUSH] iter=176 tvalid=0 tlast=0 trdy=1
[CPP-FLUSH] iter=177 tvalid=0 tlast=0 trdy=1
[CPP-FLUSH] iter=178 tvalid=0 tlast=0 trdy=1
[CPP-FLUSH] iter=179 tvalid=0 tlast=0 trdy=1
[CPP-FLUSH] iter=180 tvalid=0 tlast=0 trdy=1
[CPP-FLUSH] iter=181 tvalid=0 tlast=0 trdy=1
[CPP-FLUSH] iter=182 tvalid=0 tlast=0 trdy=1
[CPP-FLUSH] iter=183 tvalid=0 tlast=0 trdy=1
[CPP-FLUSH] iter=184 tvalid=0 tlast=0 trdy=1
[CPP-FLUSH] iter=185 tvalid=0 tlast=0 trdy=1
[CPP-FLUSH] iter=186 tvalid=0 tlast=0 trdy=1
[CPP-FLUSH] iter=187 tvalid=0 tlast=0 trdy=1
[CPP-FLUSH] iter=188 tvalid=0 tlast=0 trdy=1
[CPP-FLUSH] iter=189 tvalid=0 tlast=0 trdy=1
[CPP-FLUSH] iter=190 tvalid=0 tlast=0 trdy=1
[CPP-FLUSH] iter=191 tvalid=0 tlast=0 trdy=1
[CPP-FLUSH] iter=192 tvalid=0 tlast=0 trdy=1
[CPP-FLUSH] iter=193 tvalid=0 tlast=0 trdy=1
[CPP-FLUSH] iter=194 tvalid=0 tlast=0 trdy=1
[CPP-FLUSH] iter=195 tvalid=0 tlast=0 trdy=1
[CPP-FLUSH] iter=196 tvalid=0 tlast=0 trdy=1
[CPP-FLUSH] iter=197 tvalid=0 tlast=0 trdy=1
[CPP-FLUSH] iter=198 tvalid=0 tlast=0 trdy=1
[CPP-FLUSH] iter=199 tvalid=0 tlast=0 trdy=1
[CPP-FLUSH] iter=200 tvalid=0 tlast=0 trdy=1
[CPP-FLUSH] iter=201 tvalid=0 tlast=0 trdy=1
[CPP-FLUSH] iter=202 tvalid=0 tlast=0 trdy=1
[CPP-FLUSH] iter=203 tvalid=0 tlast=0 trdy=1
[CPP-FLUSH] iter=204 tvalid=0 tlast=0 trdy=1
[CPP-FLUSH] iter=205 tvalid=0 tlast=0 trdy=1
[CPP-FLUSH] iter=206 tvalid=0 tlast=0 trdy=1
[CPP-FLUSH] iter=207 tvalid=0 tlast=0 trdy=1
[CPP-FLUSH] iter=208 tvalid=0 tlast=0 trdy=1
[CPP-FLUSH] iter=209 tvalid=0 tlast=0 trdy=1
[CPP-FLUSH] iter=210 tvalid=0 tlast=0 trdy=1
[CPP-FLUSH] iter=211 tvalid=0 tlast=0 trdy=1
[CPP-FLUSH] iter=212 tvalid=0 tlast=0 trdy=1
[CPP-FLUSH] iter=213 tvalid=0 tlast=0 trdy=1
[CPP-FLUSH] iter=214 tvalid=0 tlast=0 trdy=1
[CPP-FLUSH] iter=215 tvalid=0 tlast=0 trdy=1
[CPP-FLUSH] iter=216 tvalid=0 tlast=0 trdy=1
[CPP-FLUSH] iter=217 tvalid=0 tlast=0 trdy=1
[CPP-FLUSH] iter=218 tvalid=0 tlast=0 trdy=1
[CPP-FLUSH] iter=219 tvalid=0 tlast=0 trdy=1
[CPP-FLUSH] iter=220 tvalid=0 tlast=0 trdy=1
[CPP-FLUSH] iter=221 tvalid=0 tlast=0 trdy=1
[CPP-FLUSH] iter=222 tvalid=0 tlast=0 trdy=1
[CPP-FLUSH] iter=223 tvalid=0 tlast=0 trdy=1
[CPP-FLUSH] iter=224 tvalid=0 tlast=0 trdy=1
[CPP-FLUSH] iter=225 tvalid=0 tlast=0 trdy=1
[CPP-FLUSH] iter=226 tvalid=0 tlast=0 trdy=1
[CPP-FLUSH] iter=227 tvalid=0 tlast=0 trdy=1
[CPP-FLUSH] iter=228 tvalid=0 tlast=0 trdy=1
[CPP-FLUSH] iter=229 tvalid=0 tlast=0 trdy=1
[CPP-FLUSH] iter=230 tvalid=0 tlast=0 trdy=1
[CPP-FLUSH] iter=231 tvalid=0 tlast=0 trdy=1
[CPP-FLUSH] iter=232 tvalid=0 tlast=0 trdy=1
[CPP-FLUSH] iter=233 tvalid=0 tlast=0 trdy=1
[CPP-FLUSH] iter=234 tvalid=0 tlast=0 trdy=1
[CPP-FLUSH] iter=235 tvalid=0 tlast=0 trdy=1
[CPP-FLUSH] iter=236 tvalid=0 tlast=0 trdy=1
[CPP-FLUSH] iter=237 tvalid=0 tlast=0 trdy=1
[CPP-FLUSH] iter=238 tvalid=0 tlast=0 trdy=1
[CPP-FLUSH] iter=239 tvalid=0 tlast=0 trdy=1
[CPP-FLUSH] iter=240 tvalid=0 tlast=0 trdy=1
[CPP-FLUSH] iter=241 tvalid=0 tlast=0 trdy=1
[CPP-FLUSH] iter=242 tvalid=0 tlast=0 trdy=1
[CPP-FLUSH] iter=243 tvalid=0 tlast=0 trdy=1
[CPP-FLUSH] iter=244 tvalid=0 tlast=0 trdy=1
[CPP-FLUSH] iter=245 tvalid=0 tlast=0 trdy=1
[CPP-FLUSH] iter=246 tvalid=0 tlast=0 trdy=1
[CPP-FLUSH] iter=247 tvalid=0 tlast=0 trdy=1
[CPP-FLUSH] iter=248 tvalid=0 tlast=0 trdy=1
[CPP-FLUSH] iter=249 tvalid=0 tlast=0 trdy=1
[CPP-FLUSH] iter=250 tvalid=0 tlast=0 trdy=1
[CPP-FLUSH] iter=251 tvalid=0 tlast=0 trdy=1
[CPP-FLUSH] iter=252 tvalid=0 tlast=0 trdy=1
[CPP-FLUSH] iter=253 tvalid=0 tlast=0 trdy=1
[CPP-FLUSH] iter=254 tvalid=0 tlast=0 trdy=1
[CPP-FLUSH] iter=255 tvalid=0 tlast=0 trdy=1
[CPP-FLUSH] iter=256 tvalid=0 tlast=0 trdy=1
[CPP-FLUSH] iter=257 tvalid=0 tlast=0 trdy=1
[CPP-FLUSH] iter=258 tvalid=0 tlast=0 trdy=1
[CPP-FLUSH] iter=259 tvalid=0 tlast=0 trdy=1
[CPP-FLUSH] iter=260 tvalid=0 tlast=0 trdy=1
[CPP-FLUSH] iter=261 tvalid=0 tlast=0 trdy=1
[CPP-FLUSH] iter=262 tvalid=0 tlast=0 trdy=1
[CPP-FLUSH] iter=263 tvalid=0 tlast=0 trdy=1
[CPP-FLUSH] iter=264 tvalid=0 tlast=0 trdy=1
[CPP-FLUSH] iter=265 tvalid=0 tlast=0 trdy=1
[CPP-FLUSH] iter=266 tvalid=0 tlast=0 trdy=1
[CPP-FLUSH] iter=267 tvalid=0 tlast=0 trdy=1
[CPP-FLUSH] iter=268 tvalid=0 tlast=0 trdy=1
[CPP-FLUSH] iter=269 tvalid=0 tlast=0 trdy=1
[CPP-FLUSH] iter=270 tvalid=0 tlast=0 trdy=1
[CPP-FLUSH] iter=271 tvalid=0 tlast=0 trdy=1
[CPP-FLUSH] iter=272 tvalid=0 tlast=0 trdy=1
[CPP-FLUSH] iter=273 tvalid=0 tlast=0 trdy=1
[CPP-FLUSH] iter=274 tvalid=0 tlast=0 trdy=1
[CPP-FLUSH] iter=275 tvalid=0 tlast=0 trdy=1
[CPP-FLUSH] iter=276 tvalid=0 tlast=0 trdy=1
[CPP-FLUSH] iter=277 tvalid=0 tlast=0 trdy=1
[CPP-FLUSH] iter=278 tvalid=0 tlast=0 trdy=1
[CPP-FLUSH] iter=279 tvalid=0 tlast=0 trdy=1
[CPP-FLUSH] iter=280 tvalid=0 tlast=0 trdy=1
[CPP-FLUSH] iter=281 tvalid=0 tlast=0 trdy=1
[CPP-FLUSH] iter=282 tvalid=0 tlast=0 trdy=1
[CPP-FLUSH] iter=283 tvalid=0 tlast=0 trdy=1
[CPP-FLUSH] iter=284 tvalid=0 tlast=0 trdy=1
[CPP-FLUSH] iter=285 tvalid=0 tlast=0 trdy=1
[CPP-FLUSH] iter=286 tvalid=0 tlast=0 trdy=1
[CPP-FLUSH] iter=287 tvalid=0 tlast=0 trdy=1
[CPP-FLUSH] iter=288 tvalid=0 tlast=0 trdy=1
[CPP-FLUSH] iter=289 tvalid=0 tlast=0 trdy=1
[CPP-FLUSH] iter=290 tvalid=0 tlast=0 trdy=1
[CPP-FLUSH] iter=291 tvalid=0 tlast=0 trdy=1
[CPP-FLUSH] iter=292 tvalid=0 tlast=0 trdy=1
[CPP-FLUSH] iter=293 tvalid=0 tlast=0 trdy=1
[CPP-FLUSH] iter=294 tvalid=0 tlast=0 trdy=1
[CPP-FLUSH] iter=295 tvalid=0 tlast=0 trdy=1
[CPP-FLUSH] iter=296 tvalid=0 tlast=0 trdy=1
[CPP-FLUSH] iter=297 tvalid=0 tlast=0 trdy=1
[CPP-FLUSH] iter=298 tvalid=0 tlast=0 trdy=1
[CPP-FLUSH] iter=299 tvalid=0 tlast=0 trdy=1
[CPP-FLUSH] iter=300 tvalid=0 tlast=0 trdy=1
[CPP-FLUSH] iter=301 tvalid=0 tlast=0 trdy=1
[CPP-FLUSH] iter=302 tvalid=0 tlast=0 trdy=1
[CPP-FLUSH] iter=303 tvalid=0 tlast=0 trdy=1
[CPP-FLUSH] iter=304 tvalid=0 tlast=0 trdy=1
[CPP-FLUSH] iter=305 tvalid=0 tlast=0 trdy=1
[CPP-FLUSH] iter=306 tvalid=0 tlast=0 trdy=1
[CPP-FLUSH] iter=307 tvalid=0 tlast=0 trdy=1
[CPP-FLUSH] iter=308 tvalid=0 tlast=0 trdy=1
[CPP-FLUSH] iter=309 tvalid=0 tlast=0 trdy=1
[CPP-FLUSH] iter=310 tvalid=0 tlast=0 trdy=1
[CPP-FLUSH] iter=311 tvalid=0 tlast=0 trdy=1
[CPP-FLUSH] iter=312 tvalid=0 tlast=0 trdy=1
[CPP-FLUSH] iter=313 tvalid=0 tlast=0 trdy=1
[CPP-FLUSH] iter=314 tvalid=0 tlast=0 trdy=1
[CPP-FLUSH] iter=315 tvalid=0 tlast=0 trdy=1
[CPP-FLUSH] iter=316 tvalid=0 tlast=0 trdy=1
[CPP-FLUSH] iter=317 tvalid=0 tlast=0 trdy=1
[CPP-FLUSH] iter=318 tvalid=0 tlast=0 trdy=1
[CPP-FLUSH] iter=319 tvalid=0 tlast=0 trdy=1
[CPP-FLUSH] iter=320 tvalid=0 tlast=0 trdy=1
[CPP-FLUSH] iter=321 tvalid=0 tlast=0 trdy=1
[CPP-FLUSH] iter=322 tvalid=0 tlast=0 trdy=1
[CPP-FLUSH] iter=323 tvalid=0 tlast=0 trdy=1
[CPP-FLUSH] iter=324 tvalid=0 tlast=0 trdy=1
[CPP-FLUSH] iter=325 tvalid=0 tlast=0 trdy=1
[CPP-FLUSH] iter=326 tvalid=0 tlast=0 trdy=1
[CPP-FLUSH] iter=327 tvalid=0 tlast=0 trdy=1
[CPP-FLUSH] iter=328 tvalid=0 tlast=0 trdy=1
[CPP-FLUSH] iter=329 tvalid=0 tlast=0 trdy=1
[CPP-FLUSH] iter=330 tvalid=0 tlast=0 trdy=1
[CPP-FLUSH] iter=331 tvalid=0 tlast=0 trdy=1
[CPP-FLUSH] iter=332 tvalid=0 tlast=0 trdy=1
[CPP-FLUSH] iter=333 tvalid=0 tlast=0 trdy=1
[CPP-FLUSH] iter=334 tvalid=0 tlast=0 trdy=1
[CPP-FLUSH] iter=335 tvalid=0 tlast=0 trdy=1
[CPP-FLUSH] iter=336 tvalid=0 tlast=0 trdy=1
[CPP-FLUSH] iter=337 tvalid=0 tlast=0 trdy=1
[CPP-FLUSH] iter=338 tvalid=0 tlast=0 trdy=1
[CPP-FLUSH] iter=339 tvalid=0 tlast=0 trdy=1
[CPP-FLUSH] iter=340 tvalid=0 tlast=0 trdy=1
[CPP-FLUSH] iter=341 tvalid=0 tlast=0 trdy=1
[CPP-FLUSH] iter=342 tvalid=0 tlast=0 trdy=1
[CPP-FLUSH] iter=343 tvalid=0 tlast=0 trdy=1
[CPP-FLUSH] iter=344 tvalid=0 tlast=0 trdy=1
[CPP-FLUSH] iter=345 tvalid=0 tlast=0 trdy=1
[CPP-FLUSH] iter=346 tvalid=0 tlast=0 trdy=1
[CPP-FLUSH] iter=347 tvalid=0 tlast=0 trdy=1
[CPP-FLUSH] iter=348 tvalid=0 tlast=0 trdy=1
[CPP-FLUSH] iter=349 tvalid=0 tlast=0 trdy=1
[CPP-FLUSH] iter=350 tvalid=0 tlast=0 trdy=1
[CPP-FLUSH] iter=351 tvalid=0 tlast=0 trdy=1
[CPP-FLUSH] iter=352 tvalid=0 tlast=0 trdy=1
[CPP-FLUSH] iter=353 tvalid=0 tlast=0 trdy=1
[CPP-FLUSH] iter=354 tvalid=0 tlast=0 trdy=1
[CPP-FLUSH] iter=355 tvalid=0 tlast=0 trdy=1
[CPP-FLUSH] iter=356 tvalid=0 tlast=0 trdy=1
[CPP-FLUSH] iter=357 tvalid=0 tlast=0 trdy=1
[CPP-FLUSH] iter=358 tvalid=0 tlast=0 trdy=1
[CPP-FLUSH] iter=359 tvalid=0 tlast=0 trdy=1
[CPP-FLUSH] iter=360 tvalid=0 tlast=0 trdy=1
[CPP-FLUSH] iter=361 tvalid=0 tlast=0 trdy=1
[CPP-FLUSH] iter=362 tvalid=0 tlast=0 trdy=1
[CPP-FLUSH] iter=363 tvalid=0 tlast=0 trdy=1
[CPP-FLUSH] iter=364 tvalid=0 tlast=0 trdy=1
[CPP-FLUSH] iter=365 tvalid=0 tlast=0 trdy=1
[CPP-FLUSH] iter=366 tvalid=0 tlast=0 trdy=1
[CPP-FLUSH] iter=367 tvalid=0 tlast=0 trdy=1
[CPP-FLUSH] iter=368 tvalid=0 tlast=0 trdy=1
[CPP-FLUSH] iter=369 tvalid=0 tlast=0 trdy=1
[CPP-FLUSH] iter=370 tvalid=0 tlast=0 trdy=1
[CPP-FLUSH] iter=371 tvalid=0 tlast=0 trdy=1
[CPP-FLUSH] iter=372 tvalid=0 tlast=0 trdy=1
[CPP-FLUSH] iter=373 tvalid=0 tlast=0 trdy=1
[CPP-FLUSH] iter=374 tvalid=0 tlast=0 trdy=1
[CPP-FLUSH] iter=375 tvalid=0 tlast=0 trdy=1
[CPP-FLUSH] iter=376 tvalid=0 tlast=0 trdy=1
[CPP-FLUSH] iter=377 tvalid=0 tlast=0 trdy=1
[CPP-FLUSH] iter=378 tvalid=0 tlast=0 trdy=1
[CPP-FLUSH] iter=379 tvalid=0 tlast=0 trdy=1
[CPP-FLUSH] iter=380 tvalid=0 tlast=0 trdy=1
[CPP-FLUSH] iter=381 tvalid=0 tlast=0 trdy=1
[CPP-FLUSH] iter=382 tvalid=0 tlast=0 trdy=1
[CPP-FLUSH] iter=383 tvalid=0 tlast=0 trdy=1
[CPP-FLUSH] iter=384 tvalid=0 tlast=0 trdy=1
[CPP-FLUSH] iter=385 tvalid=0 tlast=0 trdy=1
[CPP-FLUSH] iter=386 tvalid=0 tlast=0 trdy=1
[CPP-FLUSH] iter=387 tvalid=0 tlast=0 trdy=1
[CPP-FLUSH] iter=388 tvalid=0 tlast=0 trdy=1
[CPP-FLUSH] iter=389 tvalid=0 tlast=0 trdy=1
[CPP-FLUSH] iter=390 tvalid=0 tlast=0 trdy=1
[CPP-FLUSH] iter=391 tvalid=0 tlast=0 trdy=1
[CPP-FLUSH] iter=392 tvalid=0 tlast=0 trdy=1
[CPP-FLUSH] iter=393 tvalid=0 tlast=0 trdy=1
[CPP-FLUSH] iter=394 tvalid=0 tlast=0 trdy=1
[CPP-FLUSH] iter=395 tvalid=0 tlast=0 trdy=1
[CPP-FLUSH] iter=396 tvalid=0 tlast=0 trdy=1
[CPP-FLUSH] iter=397 tvalid=0 tlast=0 trdy=1
[CPP-FLUSH] iter=398 tvalid=0 tlast=0 trdy=1
[CPP-FLUSH] iter=399 tvalid=0 tlast=0 trdy=1
[CPP-FLUSH] iter=400 tvalid=0 tlast=0 trdy=1
[CPP-FLUSH] iter=401 tvalid=0 tlast=0 trdy=1
[CPP-FLUSH] iter=402 tvalid=0 tlast=0 trdy=1
[CPP-FLUSH] iter=403 tvalid=0 tlast=0 trdy=1
[CPP-FLUSH] iter=404 tvalid=0 tlast=0 trdy=1
[CPP-FLUSH] iter=405 tvalid=0 tlast=0 trdy=1
[CPP-FLUSH] iter=406 tvalid=0 tlast=0 trdy=1
[CPP-FLUSH] iter=407 tvalid=0 tlast=0 trdy=1
[CPP-FLUSH] iter=408 tvalid=0 tlast=0 trdy=1
[CPP-FLUSH] iter=409 tvalid=0 tlast=0 trdy=1
[CPP-FLUSH] iter=410 tvalid=0 tlast=0 trdy=1
[CPP-FLUSH] iter=411 tvalid=0 tlast=0 trdy=1
[CPP-FLUSH] iter=412 tvalid=0 tlast=0 trdy=1
[CPP-FLUSH] iter=413 tvalid=0 tlast=0 trdy=1
[CPP-FLUSH] iter=414 tvalid=0 tlast=0 trdy=1
[CPP-FLUSH] iter=415 tvalid=0 tlast=0 trdy=1
[CPP-FLUSH] iter=416 tvalid=0 tlast=0 trdy=1
[CPP-FLUSH] iter=417 tvalid=0 tlast=0 trdy=1
[CPP-FLUSH] iter=418 tvalid=0 tlast=0 trdy=1
[CPP-FLUSH] iter=419 tvalid=0 tlast=0 trdy=1
[CPP-FLUSH] iter=420 tvalid=0 tlast=0 trdy=1
[CPP-FLUSH] iter=421 tvalid=0 tlast=0 trdy=1
[CPP-FLUSH] iter=422 tvalid=0 tlast=0 trdy=1
[CPP-FLUSH] iter=423 tvalid=0 tlast=0 trdy=1
[CPP-FLUSH] iter=424 tvalid=0 tlast=0 trdy=1
[CPP-FLUSH] iter=425 tvalid=0 tlast=0 trdy=1
[CPP-FLUSH] iter=426 tvalid=0 tlast=0 trdy=1
[CPP-FLUSH] iter=427 tvalid=0 tlast=0 trdy=1
[CPP-FLUSH] iter=428 tvalid=0 tlast=0 trdy=1
[CPP-FLUSH] iter=429 tvalid=0 tlast=0 trdy=1
[CPP-FLUSH] iter=430 tvalid=0 tlast=0 trdy=1
[CPP-FLUSH] iter=431 tvalid=0 tlast=0 trdy=1
[CPP-FLUSH] iter=432 tvalid=0 tlast=0 trdy=1
[CPP-FLUSH] iter=433 tvalid=0 tlast=0 trdy=1
[CPP-FLUSH] iter=434 tvalid=0 tlast=0 trdy=1
[CPP-FLUSH] iter=435 tvalid=0 tlast=0 trdy=1
[CPP-FLUSH] iter=436 tvalid=0 tlast=0 trdy=1
[CPP-FLUSH] iter=437 tvalid=0 tlast=0 trdy=1
[CPP-FLUSH] iter=438 tvalid=0 tlast=0 trdy=1
[CPP-FLUSH] iter=439 tvalid=0 tlast=0 trdy=1
[CPP-FLUSH] iter=440 tvalid=0 tlast=0 trdy=1
[CPP-FLUSH] iter=441 tvalid=0 tlast=0 trdy=1
[CPP-FLUSH] iter=442 tvalid=0 tlast=0 trdy=1
[CPP-FLUSH] iter=443 tvalid=0 tlast=0 trdy=1
[CPP-FLUSH] iter=444 tvalid=0 tlast=0 trdy=1
[CPP-FLUSH] iter=445 tvalid=0 tlast=0 trdy=1
[CPP-FLUSH] iter=446 tvalid=0 tlast=0 trdy=1
[CPP-FLUSH] iter=447 tvalid=0 tlast=0 trdy=1
[CPP-FLUSH] iter=448 tvalid=0 tlast=0 trdy=1
[CPP-FLUSH] iter=449 tvalid=0 tlast=0 trdy=1
[CPP-FLUSH] iter=450 tvalid=0 tlast=0 trdy=1
[CPP-FLUSH] iter=451 tvalid=0 tlast=0 trdy=1
[CPP-FLUSH] iter=452 tvalid=0 tlast=0 trdy=1
[CPP-FLUSH] iter=453 tvalid=0 tlast=0 trdy=1
[CPP-FLUSH] iter=454 tvalid=0 tlast=0 trdy=1
[CPP-FLUSH] iter=455 tvalid=0 tlast=0 trdy=1
[CPP-FLUSH] iter=456 tvalid=0 tlast=0 trdy=1
[CPP-FLUSH] iter=457 tvalid=0 tlast=0 trdy=1
[CPP-FLUSH] iter=458 tvalid=0 tlast=0 trdy=1
[CPP-FLUSH] iter=459 tvalid=0 tlast=0 trdy=1
[CPP-FLUSH] iter=460 tvalid=0 tlast=0 trdy=1
[CPP-FLUSH] iter=461 tvalid=0 tlast=0 trdy=1
[CPP-FLUSH] iter=462 tvalid=0 tlast=0 trdy=1
[CPP-FLUSH] iter=463 tvalid=0 tlast=0 trdy=1
[CPP-FLUSH] iter=464 tvalid=0 tlast=0 trdy=1
[CPP-FLUSH] iter=465 tvalid=0 tlast=0 trdy=1
[CPP-FLUSH] iter=466 tvalid=0 tlast=0 trdy=1
[CPP-FLUSH] iter=467 tvalid=0 tlast=0 trdy=1
[CPP-FLUSH] iter=468 tvalid=0 tlast=0 trdy=1
[CPP-FLUSH] iter=469 tvalid=0 tlast=0 trdy=1
[CPP-FLUSH] iter=470 tvalid=0 tlast=0 trdy=1
[CPP-FLUSH] iter=471 tvalid=0 tlast=0 trdy=1
[CPP-FLUSH] iter=472 tvalid=0 tlast=0 trdy=1
[CPP-FLUSH] iter=473 tvalid=0 tlast=0 trdy=1
[CPP-FLUSH] iter=474 tvalid=0 tlast=0 trdy=1
[CPP-FLUSH] iter=475 tvalid=0 tlast=0 trdy=1
[CPP-FLUSH] iter=476 tvalid=0 tlast=0 trdy=1
[CPP-FLUSH] iter=477 tvalid=0 tlast=0 trdy=1
[CPP-FLUSH] iter=478 tvalid=0 tlast=0 trdy=1
[CPP-FLUSH] iter=479 tvalid=0 tlast=0 trdy=1
[CPP-FLUSH] iter=480 tvalid=0 tlast=0 trdy=1
[CPP-FLUSH] iter=481 tvalid=0 tlast=0 trdy=1
[CPP-FLUSH] iter=482 tvalid=0 tlast=0 trdy=1
[CPP-FLUSH] iter=483 tvalid=0 tlast=0 trdy=1
[CPP-FLUSH] iter=484 tvalid=0 tlast=0 trdy=1
[CPP-FLUSH] iter=485 tvalid=0 tlast=0 trdy=1
[CPP-FLUSH] iter=486 tvalid=0 tlast=0 trdy=1
[CPP-FLUSH] iter=487 tvalid=0 tlast=0 trdy=1
[CPP-FLUSH] iter=488 tvalid=0 tlast=0 trdy=1
[CPP-FLUSH] iter=489 tvalid=0 tlast=0 trdy=1
[CPP-FLUSH] iter=490 tvalid=0 tlast=0 trdy=1
[CPP-FLUSH] iter=491 tvalid=0 tlast=0 trdy=1
[CPP-FLUSH] iter=492 tvalid=0 tlast=0 trdy=1
[CPP-FLUSH] iter=493 tvalid=0 tlast=0 trdy=1
[CPP-FLUSH] iter=494 tvalid=0 tlast=0 trdy=1
[CPP-FLUSH] iter=495 tvalid=0 tlast=0 trdy=1
[CPP-FLUSH] iter=496 tvalid=0 tlast=0 trdy=1
[CPP-FLUSH] iter=497 tvalid=0 tlast=0 trdy=1
[CPP-FLUSH] iter=498 tvalid=0 tlast=0 trdy=1
[CPP-FLUSH] iter=499 tvalid=0 tlast=0 trdy=1
[CPP-FLUSH] iter=500 tvalid=0 tlast=0 trdy=1
[CPP-FLUSH] iter=501 tvalid=0 tlast=0 trdy=1
[CPP-FLUSH] iter=502 tvalid=0 tlast=0 trdy=1
[CPP-FLUSH] iter=503 tvalid=0 tlast=0 trdy=1
[CPP-FLUSH] iter=504 tvalid=0 tlast=0 trdy=1
[CPP-FLUSH] iter=505 tvalid=0 tlast=0 trdy=1
[CPP-FLUSH] iter=506 tvalid=0 tlast=0 trdy=1
[CPP-FLUSH] iter=507 tvalid=0 tlast=0 trdy=1
[CPP-FLUSH] iter=508 tvalid=0 tlast=0 trdy=1
[CPP-FLUSH] iter=509 tvalid=0 tlast=0 trdy=1
[CPP-FLUSH] iter=510 tvalid=0 tlast=0 trdy=1
[CPP-FLUSH] iter=511 tvalid=0 tlast=0 trdy=1
[CPP-FLUSH] iter=512 tvalid=0 tlast=0 trdy=1
[CPP-FLUSH] iter=513 tvalid=0 tlast=0 trdy=1
[CPP-FLUSH] iter=514 tvalid=0 tlast=0 trdy=1
[CPP-FLUSH] iter=515 tvalid=0 tlast=0 trdy=1
[CPP-FLUSH] iter=516 tvalid=0 tlast=0 trdy=1
[CPP-FLUSH] iter=517 tvalid=0 tlast=0 trdy=1
[CPP-FLUSH] iter=518 tvalid=0 tlast=0 trdy=1
[CPP-FLUSH] iter=519 tvalid=0 tlast=0 trdy=1
[CPP-FLUSH] iter=520 tvalid=0 tlast=0 trdy=1
[CPP-FLUSH] iter=521 tvalid=0 tlast=0 trdy=1
[CPP-FLUSH] iter=522 tvalid=0 tlast=0 trdy=1
[CPP-FLUSH] iter=523 tvalid=0 tlast=0 trdy=1
[CPP-FLUSH] iter=524 tvalid=0 tlast=0 trdy=1
[CPP-FLUSH] iter=525 tvalid=0 tlast=0 trdy=1
[CPP-FLUSH] iter=526 tvalid=0 tlast=0 trdy=1
[CPP-FLUSH] iter=527 tvalid=0 tlast=0 trdy=1
[CPP-FLUSH] iter=528 tvalid=0 tlast=0 trdy=1
[CPP-FLUSH] iter=529 tvalid=0 tlast=0 trdy=1
[CPP-FLUSH] iter=530 tvalid=0 tlast=0 trdy=1
[CPP-FLUSH] iter=531 tvalid=0 tlast=0 trdy=1
[CPP-FLUSH] iter=532 tvalid=0 tlast=0 trdy=1
[CPP-FLUSH] iter=533 tvalid=0 tlast=0 trdy=1
[CPP-FLUSH] iter=534 tvalid=0 tlast=0 trdy=1
[CPP-FLUSH] iter=535 tvalid=0 tlast=0 trdy=1
[CPP-FLUSH] iter=536 tvalid=0 tlast=0 trdy=1
[CPP-FLUSH] iter=537 tvalid=0 tlast=0 trdy=1
[CPP-FLUSH] iter=538 tvalid=0 tlast=0 trdy=1
[CPP-FLUSH] iter=539 tvalid=0 tlast=0 trdy=1
[CPP-FLUSH] iter=540 tvalid=0 tlast=0 trdy=1
[CPP-FLUSH] iter=541 tvalid=0 tlast=0 trdy=1
[CPP-FLUSH] iter=542 tvalid=0 tlast=0 trdy=1
[CPP-FLUSH] iter=543 tvalid=0 tlast=0 trdy=1
[CPP-FLUSH] iter=544 tvalid=0 tlast=0 trdy=1
[CPP-FLUSH] iter=545 tvalid=0 tlast=0 trdy=1
[CPP-FLUSH] iter=546 tvalid=0 tlast=0 trdy=1
[CPP-FLUSH] iter=547 tvalid=0 tlast=0 trdy=1
[CPP-FLUSH] iter=548 tvalid=0 tlast=0 trdy=1
[CPP-FLUSH] iter=549 tvalid=0 tlast=0 trdy=1
[CPP-FLUSH] iter=550 tvalid=0 tlast=0 trdy=1
[CPP-FLUSH] iter=551 tvalid=0 tlast=0 trdy=1
[CPP-FLUSH] iter=552 tvalid=0 tlast=0 trdy=1
[CPP-FLUSH] iter=553 tvalid=0 tlast=0 trdy=1
[CPP-FLUSH] iter=554 tvalid=0 tlast=0 trdy=1
[CPP-FLUSH] iter=555 tvalid=0 tlast=0 trdy=1
[CPP-FLUSH] iter=556 tvalid=0 tlast=0 trdy=1
[CPP-FLUSH] iter=557 tvalid=0 tlast=0 trdy=1
[CPP-FLUSH] iter=558 tvalid=0 tlast=0 trdy=1
[CPP-FLUSH] iter=559 tvalid=0 tlast=0 trdy=1
[CPP-FLUSH] iter=560 tvalid=0 tlast=0 trdy=1
[CPP-FLUSH] iter=561 tvalid=0 tlast=0 trdy=1
[CPP-FLUSH] iter=562 tvalid=0 tlast=0 trdy=1
[CPP-FLUSH] iter=563 tvalid=0 tlast=0 trdy=1
[CPP-FLUSH] iter=564 tvalid=0 tlast=0 trdy=1
[CPP-FLUSH] iter=565 tvalid=0 tlast=0 trdy=1
[CPP-FLUSH] iter=566 tvalid=0 tlast=0 trdy=1
[CPP-FLUSH] iter=567 tvalid=0 tlast=0 trdy=1
[CPP-FLUSH] iter=568 tvalid=0 tlast=0 trdy=1
[CPP-FLUSH] iter=569 tvalid=0 tlast=0 trdy=1
[CPP-FLUSH] iter=570 tvalid=0 tlast=0 trdy=1
[CPP-FLUSH] iter=571 tvalid=0 tlast=0 trdy=1
[CPP-FLUSH] iter=572 tvalid=0 tlast=0 trdy=1
[CPP-FLUSH] iter=573 tvalid=0 tlast=0 trdy=1
[CPP-FLUSH] iter=574 tvalid=0 tlast=0 trdy=1
[CPP-FLUSH] iter=575 tvalid=0 tlast=0 trdy=1
[CPP-FLUSH] iter=576 tvalid=0 tlast=0 trdy=1
[CPP-FLUSH] iter=577 tvalid=0 tlast=0 trdy=1
[CPP-FLUSH] iter=578 tvalid=0 tlast=0 trdy=1
[CPP-FLUSH] iter=579 tvalid=0 tlast=0 trdy=1
[CPP-FLUSH] iter=580 tvalid=0 tlast=0 trdy=1
[CPP-FLUSH] iter=581 tvalid=0 tlast=0 trdy=1
[CPP-FLUSH] iter=582 tvalid=0 tlast=0 trdy=1
[CPP-FLUSH] iter=583 tvalid=0 tlast=0 trdy=1
[CPP-FLUSH] iter=584 tvalid=0 tlast=0 trdy=1
[CPP-FLUSH] iter=585 tvalid=0 tlast=0 trdy=1
[CPP-FLUSH] iter=586 tvalid=0 tlast=0 trdy=1
[CPP-FLUSH] iter=587 tvalid=0 tlast=0 trdy=1
[CPP-FLUSH] iter=588 tvalid=0 tlast=0 trdy=1
[CPP-FLUSH] iter=589 tvalid=0 tlast=0 trdy=1
[CPP-FLUSH] iter=590 tvalid=0 tlast=0 trdy=1
[CPP-FLUSH] iter=591 tvalid=0 tlast=0 trdy=1
[CPP-FLUSH] iter=592 tvalid=0 tlast=0 trdy=1
[CPP-FLUSH] iter=593 tvalid=0 tlast=0 trdy=1
[CPP-FLUSH] iter=594 tvalid=0 tlast=0 trdy=1
[CPP-FLUSH] iter=595 tvalid=0 tlast=0 trdy=1
[CPP-FLUSH] iter=596 tvalid=0 tlast=0 trdy=1
[CPP-FLUSH] iter=597 tvalid=0 tlast=0 trdy=1
[CPP-FLUSH] iter=598 tvalid=0 tlast=0 trdy=1
[CPP-FLUSH] iter=599 tvalid=0 tlast=0 trdy=1
[CPP-FLUSH] iter=600 tvalid=0 tlast=0 trdy=1
[CPP-FLUSH] iter=601 tvalid=0 tlast=0 trdy=1
[CPP-FLUSH] iter=602 tvalid=0 tlast=0 trdy=1
[CPP-FLUSH] iter=603 tvalid=0 tlast=0 trdy=1
[CPP-FLUSH] iter=604 tvalid=0 tlast=0 trdy=1
[CPP-FLUSH] iter=605 tvalid=0 tlast=0 trdy=1
[CPP-FLUSH] iter=606 tvalid=0 tlast=0 trdy=1
[CPP-FLUSH] iter=607 tvalid=0 tlast=0 trdy=1
[CPP-FLUSH] iter=608 tvalid=0 tlast=0 trdy=1
[CPP-FLUSH] iter=609 tvalid=0 tlast=0 trdy=1
[CPP-FLUSH] iter=610 tvalid=0 tlast=0 trdy=1
[CPP-FLUSH] iter=611 tvalid=0 tlast=0 trdy=1
[CPP-FLUSH] iter=612 tvalid=0 tlast=0 trdy=1
[CPP-FLUSH] iter=613 tvalid=0 tlast=0 trdy=1
[CPP-FLUSH] iter=614 tvalid=0 tlast=0 trdy=1
[CPP-FLUSH] iter=615 tvalid=0 tlast=0 trdy=1
[CPP-FLUSH] iter=616 tvalid=0 tlast=0 trdy=1
[CPP-FLUSH] iter=617 tvalid=0 tlast=0 trdy=1
[CPP-FLUSH] iter=618 tvalid=0 tlast=0 trdy=1
[CPP-FLUSH] iter=619 tvalid=0 tlast=0 trdy=1
[CPP-FLUSH] iter=620 tvalid=0 tlast=0 trdy=1
[CPP-FLUSH] iter=621 tvalid=0 tlast=0 trdy=1
[CPP-FLUSH] iter=622 tvalid=0 tlast=0 trdy=1
[CPP-FLUSH] iter=623 tvalid=0 tlast=0 trdy=1
[CPP-FLUSH] iter=624 tvalid=0 tlast=0 trdy=1
[CPP-FLUSH] iter=625 tvalid=0 tlast=0 trdy=1
[CPP-FLUSH] iter=626 tvalid=0 tlast=0 trdy=1
[CPP-FLUSH] iter=627 tvalid=0 tlast=0 trdy=1
[CPP-FLUSH] iter=628 tvalid=0 tlast=0 trdy=1
[CPP-FLUSH] iter=629 tvalid=0 tlast=0 trdy=1
[CPP-FLUSH] iter=630 tvalid=0 tlast=0 trdy=1
[CPP-FLUSH] iter=631 tvalid=0 tlast=0 trdy=1
[CPP-FLUSH] iter=632 tvalid=0 tlast=0 trdy=1
[CPP-FLUSH] iter=633 tvalid=0 tlast=0 trdy=1
[CPP-FLUSH] iter=634 tvalid=0 tlast=0 trdy=1
[CPP-FLUSH] iter=635 tvalid=0 tlast=0 trdy=1
[CPP-FLUSH] iter=636 tvalid=0 tlast=0 trdy=1
[CPP-FLUSH] iter=637 tvalid=0 tlast=0 trdy=1
[CPP-FLUSH] iter=638 tvalid=0 tlast=0 trdy=1
[CPP-FLUSH] iter=639 tvalid=0 tlast=0 trdy=1
[CPP-FLUSH] iter=640 tvalid=0 tlast=0 trdy=1
[CPP-FLUSH] iter=641 tvalid=0 tlast=0 trdy=1
[CPP-FLUSH] iter=642 tvalid=0 tlast=0 trdy=1
[CPP-FLUSH] iter=643 tvalid=0 tlast=0 trdy=1
[CPP-FLUSH] iter=644 tvalid=0 tlast=0 trdy=1
[CPP-FLUSH] iter=645 tvalid=0 tlast=0 trdy=1
[CPP-FLUSH] iter=646 tvalid=0 tlast=0 trdy=1
[CPP-FLUSH] iter=647 tvalid=0 tlast=0 trdy=1
[CPP-FLUSH] iter=648 tvalid=0 tlast=0 trdy=1
[CPP-FLUSH] iter=649 tvalid=0 tlast=0 trdy=1
[CPP-FLUSH] iter=650 tvalid=0 tlast=0 trdy=1
[CPP-FLUSH] iter=651 tvalid=0 tlast=0 trdy=1
[CPP-FLUSH] iter=652 tvalid=0 tlast=0 trdy=1
[CPP-FLUSH] iter=653 tvalid=0 tlast=0 trdy=1
[CPP-FLUSH] iter=654 tvalid=0 tlast=0 trdy=1
[CPP-FLUSH] iter=655 tvalid=0 tlast=0 trdy=1
[CPP-FLUSH] iter=656 tvalid=0 tlast=0 trdy=1
[CPP-FLUSH] iter=657 tvalid=0 tlast=0 trdy=1
[CPP-FLUSH] iter=658 tvalid=0 tlast=0 trdy=1
[CPP-FLUSH] iter=659 tvalid=0 tlast=0 trdy=1
[CPP-FLUSH] iter=660 tvalid=0 tlast=0 trdy=1
[CPP-FLUSH] iter=661 tvalid=0 tlast=0 trdy=1
[CPP-FLUSH] iter=662 tvalid=0 tlast=0 trdy=1
[CPP-FLUSH] iter=663 tvalid=0 tlast=0 trdy=1
[CPP-FLUSH] iter=664 tvalid=0 tlast=0 trdy=1
[CPP-FLUSH] iter=665 tvalid=0 tlast=0 trdy=1
[CPP-FLUSH] iter=666 tvalid=0 tlast=0 trdy=1
[CPP-FLUSH] iter=667 tvalid=0 tlast=0 trdy=1
[CPP-FLUSH] iter=668 tvalid=0 tlast=0 trdy=1
[CPP-FLUSH] iter=669 tvalid=0 tlast=0 trdy=1
[CPP-FLUSH] iter=670 tvalid=0 tlast=0 trdy=1
[CPP-FLUSH] iter=671 tvalid=0 tlast=0 trdy=1
[CPP-FLUSH] iter=672 tvalid=0 tlast=0 trdy=1
[CPP-FLUSH] iter=673 tvalid=0 tlast=0 trdy=1
[CPP-FLUSH] iter=674 tvalid=0 tlast=0 trdy=1
[CPP-FLUSH] iter=675 tvalid=0 tlast=0 trdy=1
[CPP-FLUSH] iter=676 tvalid=0 tlast=0 trdy=1
[CPP-FLUSH] iter=677 tvalid=0 tlast=0 trdy=1
[CPP-FLUSH] iter=678 tvalid=0 tlast=0 trdy=1
[CPP-FLUSH] iter=679 tvalid=0 tlast=0 trdy=1
[CPP-FLUSH] iter=680 tvalid=0 tlast=0 trdy=1
[CPP-FLUSH] iter=681 tvalid=0 tlast=0 trdy=1
[CPP-FLUSH] iter=682 tvalid=0 tlast=0 trdy=1
[CPP-FLUSH] iter=683 tvalid=0 tlast=0 trdy=1
[CPP-FLUSH] iter=684 tvalid=0 tlast=0 trdy=1
[CPP-FLUSH] iter=685 tvalid=0 tlast=0 trdy=1
[CPP-FLUSH] iter=686 tvalid=0 tlast=0 trdy=1
[CPP-FLUSH] iter=687 tvalid=0 tlast=0 trdy=1
[CPP-FLUSH] iter=688 tvalid=0 tlast=0 trdy=1
[CPP-FLUSH] iter=689 tvalid=0 tlast=0 trdy=1
[CPP-FLUSH] iter=690 tvalid=0 tlast=0 trdy=1
[CPP-FLUSH] iter=691 tvalid=0 tlast=0 trdy=1
[CPP-FLUSH] iter=692 tvalid=0 tlast=0 trdy=1
[CPP-FLUSH] iter=693 tvalid=0 tlast=0 trdy=1
[CPP-FLUSH] iter=694 tvalid=0 tlast=0 trdy=1
[CPP-FLUSH] iter=695 tvalid=0 tlast=0 trdy=1
[CPP-FLUSH] iter=696 tvalid=0 tlast=0 trdy=1
[CPP-FLUSH] iter=697 tvalid=0 tlast=0 trdy=1
[CPP-FLUSH] iter=698 tvalid=0 tlast=0 trdy=1
[CPP-FLUSH] iter=699 tvalid=0 tlast=0 trdy=1
[CPP-FLUSH] iter=700 tvalid=0 tlast=0 trdy=1
[CPP-FLUSH] iter=701 tvalid=0 tlast=0 trdy=1
[CPP-FLUSH] iter=702 tvalid=0 tlast=0 trdy=1
[CPP-FLUSH] iter=703 tvalid=0 tlast=0 trdy=1
[CPP-FLUSH] iter=704 tvalid=0 tlast=0 trdy=1
[CPP-FLUSH] iter=705 tvalid=0 tlast=0 trdy=1
[CPP-FLUSH] iter=706 tvalid=0 tlast=0 trdy=1
[CPP-FLUSH] iter=707 tvalid=0 tlast=0 trdy=1
[CPP-FLUSH] iter=708 tvalid=0 tlast=0 trdy=1
[CPP-FLUSH] iter=709 tvalid=0 tlast=0 trdy=1
[CPP-FLUSH] iter=710 tvalid=0 tlast=0 trdy=1
[CPP-FLUSH] iter=711 tvalid=0 tlast=0 trdy=1
[CPP-FLUSH] iter=712 tvalid=0 tlast=0 trdy=1
[CPP-FLUSH] iter=713 tvalid=0 tlast=0 trdy=1
[CPP-FLUSH] iter=714 tvalid=0 tlast=0 trdy=1
[CPP-FLUSH] iter=715 tvalid=0 tlast=0 trdy=1
[CPP-FLUSH] iter=716 tvalid=0 tlast=0 trdy=1
[CPP-FLUSH] iter=717 tvalid=0 tlast=0 trdy=1
[CPP-FLUSH] iter=718 tvalid=0 tlast=0 trdy=1
[CPP-FLUSH] iter=719 tvalid=0 tlast=0 trdy=1
[CPP-FLUSH] iter=720 tvalid=0 tlast=0 trdy=1
[CPP-FLUSH] iter=721 tvalid=0 tlast=0 trdy=1
[CPP-FLUSH] iter=722 tvalid=0 tlast=0 trdy=1
[CPP-FLUSH] iter=723 tvalid=0 tlast=0 trdy=1
[CPP-FLUSH] iter=724 tvalid=0 tlast=0 trdy=1
[CPP-FLUSH] iter=725 tvalid=0 tlast=0 trdy=1
[CPP-FLUSH] iter=726 tvalid=0 tlast=0 trdy=1
[CPP-FLUSH] iter=727 tvalid=0 tlast=0 trdy=1
[CPP-FLUSH] iter=728 tvalid=0 tlast=0 trdy=1
[CPP-FLUSH] iter=729 tvalid=0 tlast=0 trdy=1
[CPP-FLUSH] iter=730 tvalid=0 tlast=0 trdy=1
[CPP-FLUSH] iter=731 tvalid=0 tlast=0 trdy=1
[CPP-FLUSH] iter=732 tvalid=0 tlast=0 trdy=1
[CPP-FLUSH] iter=733 tvalid=0 tlast=0 trdy=1
[CPP-FLUSH] iter=734 tvalid=0 tlast=0 trdy=1
[CPP-FLUSH] iter=735 tvalid=0 tlast=0 trdy=1
[CPP-FLUSH] iter=736 tvalid=0 tlast=0 trdy=1
[CPP-FLUSH] iter=737 tvalid=0 tlast=0 trdy=1
[CPP-FLUSH] iter=738 tvalid=0 tlast=0 trdy=1
[CPP-FLUSH] iter=739 tvalid=0 tlast=0 trdy=1
[CPP-FLUSH] iter=740 tvalid=0 tlast=0 trdy=1
[CPP-FLUSH] iter=741 tvalid=0 tlast=0 trdy=1
[CPP-FLUSH] iter=742 tvalid=0 tlast=0 trdy=1
[CPP-FLUSH] iter=743 tvalid=0 tlast=0 trdy=1
[CPP-FLUSH] iter=744 tvalid=0 tlast=0 trdy=1
[CPP-FLUSH] iter=745 tvalid=0 tlast=0 trdy=1
[CPP-FLUSH] iter=746 tvalid=0 tlast=0 trdy=1
[CPP-FLUSH] iter=747 tvalid=0 tlast=0 trdy=1
[CPP-FLUSH] iter=748 tvalid=0 tlast=0 trdy=1
[CPP-FLUSH] iter=749 tvalid=0 tlast=0 trdy=1
[CPP-FLUSH] iter=750 tvalid=0 tlast=0 trdy=1
[CPP-FLUSH] iter=751 tvalid=0 tlast=0 trdy=1
[CPP-FLUSH] iter=752 tvalid=0 tlast=0 trdy=1
[CPP-FLUSH] iter=753 tvalid=0 tlast=0 trdy=1
[CPP-FLUSH] iter=754 tvalid=0 tlast=0 trdy=1
[CPP-FLUSH] iter=755 tvalid=0 tlast=0 trdy=1
[CPP-FLUSH] iter=756 tvalid=0 tlast=0 trdy=1
[CPP-FLUSH] iter=757 tvalid=0 tlast=0 trdy=1
[CPP-FLUSH] iter=758 tvalid=0 tlast=0 trdy=1
[CPP-FLUSH] iter=759 tvalid=0 tlast=0 trdy=1
[CPP-FLUSH] iter=760 tvalid=0 tlast=0 trdy=1
[CPP-FLUSH] iter=761 tvalid=0 tlast=0 trdy=1
[CPP-FLUSH] iter=762 tvalid=0 tlast=0 trdy=1
[CPP-FLUSH] iter=763 tvalid=0 tlast=0 trdy=1
[CPP-FLUSH] iter=764 tvalid=0 tlast=0 trdy=1
[CPP-FLUSH] iter=765 tvalid=0 tlast=0 trdy=1
[CPP-FLUSH] iter=766 tvalid=0 tlast=0 trdy=1
[CPP-FLUSH] iter=767 tvalid=0 tlast=0 trdy=1
[CPP-FLUSH] iter=768 tvalid=0 tlast=0 trdy=1
[CPP-FLUSH] iter=769 tvalid=0 tlast=0 trdy=1
[CPP-FLUSH] iter=770 tvalid=0 tlast=0 trdy=1
[CPP-FLUSH] iter=771 tvalid=0 tlast=0 trdy=1
[CPP-FLUSH] iter=772 tvalid=0 tlast=0 trdy=1
[CPP-FLUSH] iter=773 tvalid=0 tlast=0 trdy=1
[CPP-FLUSH] iter=774 tvalid=0 tlast=0 trdy=1
[CPP-FLUSH] iter=775 tvalid=0 tlast=0 trdy=1
[CPP-FLUSH] iter=776 tvalid=0 tlast=0 trdy=1
[CPP-FLUSH] iter=777 tvalid=0 tlast=0 trdy=1
[CPP-FLUSH] iter=778 tvalid=0 tlast=0 trdy=1
[CPP-FLUSH] iter=779 tvalid=0 tlast=0 trdy=1
[CPP-FLUSH] iter=780 tvalid=0 tlast=0 trdy=1
[CPP-FLUSH] iter=781 tvalid=0 tlast=0 trdy=1
[CPP-FLUSH] iter=782 tvalid=0 tlast=0 trdy=1
[CPP-FLUSH] iter=783 tvalid=0 tlast=0 trdy=1
[CPP-FLUSH] iter=784 tvalid=0 tlast=0 trdy=1
[CPP-FLUSH] iter=785 tvalid=0 tlast=0 trdy=1
[CPP-FLUSH] iter=786 tvalid=0 tlast=0 trdy=1
[CPP-FLUSH] iter=787 tvalid=0 tlast=0 trdy=1
[CPP-FLUSH] iter=788 tvalid=0 tlast=0 trdy=1
[CPP-FLUSH] iter=789 tvalid=0 tlast=0 trdy=1
[CPP-FLUSH] iter=790 tvalid=0 tlast=0 trdy=1
[CPP-FLUSH] iter=791 tvalid=0 tlast=0 trdy=1
[CPP-FLUSH] iter=792 tvalid=0 tlast=0 trdy=1
[CPP-FLUSH] iter=793 tvalid=0 tlast=0 trdy=1
[CPP-FLUSH] iter=794 tvalid=0 tlast=0 trdy=1
[CPP-FLUSH] iter=795 tvalid=0 tlast=0 trdy=1
[CPP-FLUSH] iter=796 tvalid=0 tlast=0 trdy=1
[CPP-FLUSH] iter=797 tvalid=0 tlast=0 trdy=1
[CPP-FLUSH] iter=798 tvalid=0 tlast=0 trdy=1
[CPP-FLUSH] iter=799 tvalid=0 tlast=0 trdy=1
[CPP-FLUSH] iter=800 tvalid=0 tlast=0 trdy=1
[CPP-FLUSH] iter=801 tvalid=0 tlast=0 trdy=1
[CPP-FLUSH] iter=802 tvalid=0 tlast=0 trdy=1
[CPP-FLUSH] iter=803 tvalid=0 tlast=0 trdy=1
[CPP-FLUSH] iter=804 tvalid=0 tlast=0 trdy=1
[CPP-FLUSH] iter=805 tvalid=0 tlast=0 trdy=1
[CPP-FLUSH] iter=806 tvalid=0 tlast=0 trdy=1
[CPP-FLUSH] iter=807 tvalid=0 tlast=0 trdy=1
[CPP-FLUSH] iter=808 tvalid=0 tlast=0 trdy=1
[CPP-FLUSH] iter=809 tvalid=0 tlast=0 trdy=1
[CPP-FLUSH] iter=810 tvalid=0 tlast=0 trdy=1
[CPP-FLUSH] iter=811 tvalid=0 tlast=0 trdy=1
[CPP-FLUSH] iter=812 tvalid=0 tlast=0 trdy=1
[CPP-FLUSH] iter=813 tvalid=0 tlast=0 trdy=1
[CPP-FLUSH] iter=814 tvalid=0 tlast=0 trdy=1
[CPP-FLUSH] iter=815 tvalid=0 tlast=0 trdy=1
[CPP-FLUSH] iter=816 tvalid=0 tlast=0 trdy=1
[CPP-FLUSH] iter=817 tvalid=0 tlast=0 trdy=1
[CPP-FLUSH] iter=818 tvalid=0 tlast=0 trdy=1
[CPP-FLUSH] iter=819 tvalid=0 tlast=0 trdy=1
[CPP-FLUSH] iter=820 tvalid=0 tlast=0 trdy=1
[CPP-FLUSH] iter=821 tvalid=0 tlast=0 trdy=1
[CPP-FLUSH] iter=822 tvalid=0 tlast=0 trdy=1
[CPP-FLUSH] iter=823 tvalid=0 tlast=0 trdy=1
[CPP-FLUSH] iter=824 tvalid=0 tlast=0 trdy=1
[CPP-FLUSH] iter=825 tvalid=0 tlast=0 trdy=1
[CPP-FLUSH] iter=826 tvalid=0 tlast=0 trdy=1
[CPP-FLUSH] iter=827 tvalid=0 tlast=0 trdy=1
[CPP-FLUSH] iter=828 tvalid=0 tlast=0 trdy=1
[CPP-FLUSH] iter=829 tvalid=0 tlast=0 trdy=1
[CPP-FLUSH] iter=830 tvalid=0 tlast=0 trdy=1
[CPP-FLUSH] iter=831 tvalid=0 tlast=0 trdy=1
[CPP-FLUSH] iter=832 tvalid=0 tlast=0 trdy=1
[CPP-FLUSH] iter=833 tvalid=0 tlast=0 trdy=1
[CPP-FLUSH] iter=834 tvalid=0 tlast=0 trdy=1
[CPP-FLUSH] iter=835 tvalid=0 tlast=0 trdy=1
[CPP-FLUSH] iter=836 tvalid=0 tlast=0 trdy=1
[CPP-FLUSH] iter=837 tvalid=0 tlast=0 trdy=1
[CPP-FLUSH] iter=838 tvalid=0 tlast=0 trdy=1
[CPP-FLUSH] iter=839 tvalid=0 tlast=0 trdy=1
[CPP-FLUSH] iter=840 tvalid=0 tlast=0 trdy=1
[CPP-FLUSH] iter=841 tvalid=0 tlast=0 trdy=1
[CPP-FLUSH] iter=842 tvalid=0 tlast=0 trdy=1
[CPP-FLUSH] iter=843 tvalid=0 tlast=0 trdy=1
[CPP-FLUSH] iter=844 tvalid=0 tlast=0 trdy=1
[CPP-FLUSH] iter=845 tvalid=0 tlast=0 trdy=1
[CPP-FLUSH] iter=846 tvalid=0 tlast=0 trdy=1
[CPP-FLUSH] iter=847 tvalid=0 tlast=0 trdy=1
[CPP-FLUSH] iter=848 tvalid=0 tlast=0 trdy=1
[CPP-FLUSH] iter=849 tvalid=0 tlast=0 trdy=1
[CPP-FLUSH] iter=850 tvalid=0 tlast=0 trdy=1
[CPP-FLUSH] iter=851 tvalid=0 tlast=0 trdy=1
[CPP-FLUSH] iter=852 tvalid=0 tlast=0 trdy=1
[CPP-FLUSH] iter=853 tvalid=0 tlast=0 trdy=1
[CPP-FLUSH] iter=854 tvalid=0 tlast=0 trdy=1
[CPP-FLUSH] iter=855 tvalid=0 tlast=0 trdy=1
[CPP-FLUSH] iter=856 tvalid=0 tlast=0 trdy=1
[CPP-FLUSH] iter=857 tvalid=0 tlast=0 trdy=1
[CPP-FLUSH] iter=858 tvalid=0 tlast=0 trdy=1
[CPP-FLUSH] iter=859 tvalid=0 tlast=0 trdy=1
[CPP-FLUSH] iter=860 tvalid=0 tlast=0 trdy=1
[CPP-FLUSH] iter=861 tvalid=0 tlast=0 trdy=1
[CPP-FLUSH] iter=862 tvalid=0 tlast=0 trdy=1
[CPP-FLUSH] iter=863 tvalid=0 tlast=0 trdy=1
[CPP-FLUSH] iter=864 tvalid=0 tlast=0 trdy=1
[CPP-FLUSH] iter=865 tvalid=0 tlast=0 trdy=1
[CPP-FLUSH] iter=866 tvalid=0 tlast=0 trdy=1
[CPP-FLUSH] iter=867 tvalid=0 tlast=0 trdy=1
[CPP-FLUSH] iter=868 tvalid=0 tlast=0 trdy=1
[CPP-FLUSH] iter=869 tvalid=0 tlast=0 trdy=1
[CPP-FLUSH] iter=870 tvalid=0 tlast=0 trdy=1
[CPP-FLUSH] iter=871 tvalid=0 tlast=0 trdy=1
[CPP-FLUSH] iter=872 tvalid=0 tlast=0 trdy=1
[CPP-FLUSH] iter=873 tvalid=0 tlast=0 trdy=1
[CPP-FLUSH] iter=874 tvalid=0 tlast=0 trdy=1
[CPP-FLUSH] iter=875 tvalid=0 tlast=0 trdy=1
[CPP-FLUSH] iter=876 tvalid=0 tlast=0 trdy=1
[CPP-FLUSH] iter=877 tvalid=0 tlast=0 trdy=1
[CPP-FLUSH] iter=878 tvalid=0 tlast=0 trdy=1
[CPP-FLUSH] iter=879 tvalid=0 tlast=0 trdy=1
[CPP-FLUSH] iter=880 tvalid=0 tlast=0 trdy=1
[CPP-FLUSH] iter=881 tvalid=0 tlast=0 trdy=1
[CPP-FLUSH] iter=882 tvalid=0 tlast=0 trdy=1
[CPP-FLUSH] iter=883 tvalid=0 tlast=0 trdy=1
[CPP-FLUSH] iter=884 tvalid=0 tlast=0 trdy=1
[CPP-FLUSH] iter=885 tvalid=0 tlast=0 trdy=1
[CPP-FLUSH] iter=886 tvalid=0 tlast=0 trdy=1
[CPP-FLUSH] iter=887 tvalid=0 tlast=0 trdy=1
[CPP-FLUSH] iter=888 tvalid=0 tlast=0 trdy=1
[CPP-FLUSH] iter=889 tvalid=0 tlast=0 trdy=1
[CPP-FLUSH] iter=890 tvalid=0 tlast=0 trdy=1
[CPP-FLUSH] iter=891 tvalid=0 tlast=0 trdy=1
[CPP-FLUSH] iter=892 tvalid=0 tlast=0 trdy=1
[CPP-FLUSH] iter=893 tvalid=0 tlast=0 trdy=1
[CPP-FLUSH] iter=894 tvalid=0 tlast=0 trdy=1
[CPP-FLUSH] iter=895 tvalid=0 tlast=0 trdy=1
[CPP-FLUSH] iter=896 tvalid=0 tlast=0 trdy=1
[CPP-FLUSH] iter=897 tvalid=0 tlast=0 trdy=1
[CPP-FLUSH] iter=898 tvalid=0 tlast=0 trdy=1
[CPP-FLUSH] iter=899 tvalid=0 tlast=0 trdy=1
[CPP-FLUSH] iter=900 tvalid=0 tlast=0 trdy=1
[CPP-FLUSH] iter=901 tvalid=0 tlast=0 trdy=1
[CPP-FLUSH] iter=902 tvalid=0 tlast=0 trdy=1
[CPP-FLUSH] iter=903 tvalid=0 tlast=0 trdy=1
[CPP-FLUSH] iter=904 tvalid=0 tlast=0 trdy=1
[CPP-FLUSH] iter=905 tvalid=0 tlast=0 trdy=1
[CPP-FLUSH] iter=906 tvalid=0 tlast=0 trdy=1
[CPP-FLUSH] iter=907 tvalid=0 tlast=0 trdy=1
[CPP-FLUSH] iter=908 tvalid=0 tlast=0 trdy=1
[CPP-FLUSH] iter=909 tvalid=0 tlast=0 trdy=1
[CPP-FLUSH] iter=910 tvalid=0 tlast=0 trdy=1
[CPP-FLUSH] iter=911 tvalid=0 tlast=0 trdy=1
[CPP-FLUSH] iter=912 tvalid=0 tlast=0 trdy=1
[CPP-FLUSH] iter=913 tvalid=0 tlast=0 trdy=1
[CPP-FLUSH] iter=914 tvalid=0 tlast=0 trdy=1
[CPP-FLUSH] iter=915 tvalid=0 tlast=0 trdy=1
[CPP-FLUSH] iter=916 tvalid=0 tlast=0 trdy=1
[CPP-FLUSH] iter=917 tvalid=0 tlast=0 trdy=1
[CPP-FLUSH] iter=918 tvalid=0 tlast=0 trdy=1
[CPP-FLUSH] iter=919 tvalid=0 tlast=0 trdy=1
[CPP-FLUSH] iter=920 tvalid=0 tlast=0 trdy=1
[CPP-FLUSH] iter=921 tvalid=0 tlast=0 trdy=1
[CPP-FLUSH] iter=922 tvalid=0 tlast=0 trdy=1
[CPP-FLUSH] iter=923 tvalid=0 tlast=0 trdy=1
[CPP-FLUSH] iter=924 tvalid=0 tlast=0 trdy=1
[CPP-FLUSH] iter=925 tvalid=0 tlast=0 trdy=1
[CPP-FLUSH] iter=926 tvalid=0 tlast=0 trdy=1
[CPP-FLUSH] iter=927 tvalid=0 tlast=0 trdy=1
[CPP-FLUSH] iter=928 tvalid=0 tlast=0 trdy=1
[CPP-FLUSH] iter=929 tvalid=0 tlast=0 trdy=1
[CPP-FLUSH] iter=930 tvalid=0 tlast=0 trdy=1
[CPP-FLUSH] iter=931 tvalid=0 tlast=0 trdy=1
[CPP-FLUSH] iter=932 tvalid=0 tlast=0 trdy=1
[CPP-FLUSH] iter=933 tvalid=0 tlast=0 trdy=1
[CPP-FLUSH] iter=934 tvalid=0 tlast=0 trdy=1
[CPP-FLUSH] iter=935 tvalid=0 tlast=0 trdy=1
[CPP-FLUSH] iter=936 tvalid=0 tlast=0 trdy=1
[CPP-FLUSH] iter=937 tvalid=0 tlast=0 trdy=1
[CPP-FLUSH] iter=938 tvalid=0 tlast=0 trdy=1
[CPP-FLUSH] iter=939 tvalid=0 tlast=0 trdy=1
[CPP-FLUSH] iter=940 tvalid=0 tlast=0 trdy=1
[CPP-FLUSH] iter=941 tvalid=0 tlast=0 trdy=1
[CPP-FLUSH] iter=942 tvalid=0 tlast=0 trdy=1
[CPP-FLUSH] iter=943 tvalid=0 tlast=0 trdy=1
[CPP-FLUSH] iter=944 tvalid=0 tlast=0 trdy=1
[CPP-FLUSH] iter=945 tvalid=0 tlast=0 trdy=1
[CPP-FLUSH] iter=946 tvalid=0 tlast=0 trdy=1
[CPP-FLUSH] iter=947 tvalid=0 tlast=0 trdy=1
[CPP-FLUSH] iter=948 tvalid=0 tlast=0 trdy=1
[CPP-FLUSH] iter=949 tvalid=0 tlast=0 trdy=1
[CPP-FLUSH] iter=950 tvalid=0 tlast=0 trdy=1
[CPP-FLUSH] iter=951 tvalid=0 tlast=0 trdy=1
[CPP-FLUSH] iter=952 tvalid=0 tlast=0 trdy=1
[CPP-FLUSH] iter=953 tvalid=0 tlast=0 trdy=1
[CPP-FLUSH] iter=954 tvalid=0 tlast=0 trdy=1
[CPP-FLUSH] iter=955 tvalid=0 tlast=0 trdy=1
[CPP-FLUSH] iter=956 tvalid=0 tlast=0 trdy=1
[CPP-FLUSH] iter=957 tvalid=0 tlast=0 trdy=1
[CPP-FLUSH] iter=958 tvalid=0 tlast=0 trdy=1
[CPP-FLUSH] iter=959 tvalid=0 tlast=0 trdy=1
[CPP-FLUSH] iter=960 tvalid=0 tlast=0 trdy=1
[CPP-FLUSH] iter=961 tvalid=0 tlast=0 trdy=1
[CPP-FLUSH] iter=962 tvalid=0 tlast=0 trdy=1
[CPP-FLUSH] iter=963 tvalid=0 tlast=0 trdy=1
[CPP-FLUSH] iter=964 tvalid=0 tlast=0 trdy=1
[CPP-FLUSH] iter=965 tvalid=0 tlast=0 trdy=1
[CPP-FLUSH] iter=966 tvalid=0 tlast=0 trdy=1
[CPP-FLUSH] iter=967 tvalid=0 tlast=0 trdy=1
[CPP-FLUSH] iter=968 tvalid=0 tlast=0 trdy=1
[CPP-FLUSH] iter=969 tvalid=0 tlast=0 trdy=1
[CPP-FLUSH] iter=970 tvalid=0 tlast=0 trdy=1
[CPP-FLUSH] iter=971 tvalid=0 tlast=0 trdy=1
[CPP-FLUSH] iter=972 tvalid=0 tlast=0 trdy=1
[CPP-FLUSH] iter=973 tvalid=0 tlast=0 trdy=1
[CPP-FLUSH] iter=974 tvalid=0 tlast=0 trdy=1
[CPP-FLUSH] iter=975 tvalid=0 tlast=0 trdy=1
[CPP-FLUSH] iter=976 tvalid=0 tlast=0 trdy=1
[CPP-FLUSH] iter=977 tvalid=0 tlast=0 trdy=1
[CPP-FLUSH] iter=978 tvalid=0 tlast=0 trdy=1
[CPP-FLUSH] iter=979 tvalid=0 tlast=0 trdy=1
[CPP-FLUSH] iter=980 tvalid=0 tlast=0 trdy=1
[CPP-FLUSH] iter=981 tvalid=0 tlast=0 trdy=1
[CPP-FLUSH] iter=982 tvalid=0 tlast=0 trdy=1
[CPP-FLUSH] iter=983 tvalid=0 tlast=0 trdy=1
[CPP-FLUSH] iter=984 tvalid=0 tlast=0 trdy=1
[CPP-FLUSH] iter=985 tvalid=0 tlast=0 trdy=1
[CPP-FLUSH] iter=986 tvalid=0 tlast=0 trdy=1
[CPP-FLUSH] iter=987 tvalid=0 tlast=0 trdy=1
[CPP-FLUSH] iter=988 tvalid=0 tlast=0 trdy=1
[CPP-FLUSH] iter=989 tvalid=0 tlast=0 trdy=1
[CPP-FLUSH] iter=990 tvalid=0 tlast=0 trdy=1
[CPP-FLUSH] iter=991 tvalid=0 tlast=0 trdy=1
[CPP-FLUSH] iter=992 tvalid=0 tlast=0 trdy=1
[CPP-FLUSH] iter=993 tvalid=0 tlast=0 trdy=1
[CPP-FLUSH] iter=994 tvalid=0 tlast=0 trdy=1
[CPP-FLUSH] iter=995 tvalid=0 tlast=0 trdy=1
[CPP-FLUSH] iter=996 tvalid=0 tlast=0 trdy=1
[CPP-FLUSH] iter=997 tvalid=0 tlast=0 trdy=1
[CPP-FLUSH] iter=998 tvalid=0 tlast=0 trdy=1
[CPP-FLUSH] iter=999 tvalid=0 tlast=0 trdy=1
[CPP-FLUSH] iter=1000 tvalid=0 tlast=0 trdy=1
[CPP-FLUSH] iter=1001 tvalid=0 tlast=0 trdy=1
[CPP-FLUSH] iter=1002 tvalid=0 tlast=0 trdy=1
[CPP-FLUSH] iter=1003 tvalid=0 tlast=0 trdy=1
[CPP-FLUSH] iter=1004 tvalid=0 tlast=0 trdy=1
[CPP-FLUSH] iter=1005 tvalid=0 tlast=0 trdy=1
[CPP-FLUSH] iter=1006 tvalid=0 tlast=0 trdy=1
[CPP-FLUSH] iter=1007 tvalid=0 tlast=0 trdy=1
[CPP-FLUSH] iter=1008 tvalid=0 tlast=0 trdy=1
[CPP-FLUSH] iter=1009 tvalid=0 tlast=0 trdy=1
[CPP-FLUSH] iter=1010 tvalid=0 tlast=0 trdy=1
[CPP-FLUSH] iter=1011 tvalid=0 tlast=0 trdy=1
[CPP-FLUSH] iter=1012 tvalid=0 tlast=0 trdy=1
[CPP-FLUSH] iter=1013 tvalid=0 tlast=0 trdy=1
[CPP-FLUSH] iter=1014 tvalid=0 tlast=0 trdy=1
[CPP-FLUSH] iter=1015 tvalid=0 tlast=0 trdy=1
[CPP-FLUSH] iter=1016 tvalid=0 tlast=0 trdy=1
[CPP-FLUSH] iter=1017 tvalid=0 tlast=0 trdy=1
[CPP-FLUSH] iter=1018 tvalid=0 tlast=0 trdy=1
[CPP-FLUSH] iter=1019 tvalid=0 tlast=0 trdy=1
[CPP-FLUSH] iter=1020 tvalid=0 tlast=0 trdy=1
[CPP-FLUSH] iter=1021 tvalid=0 tlast=0 trdy=1
[CPP-FLUSH] iter=1022 tvalid=0 tlast=0 trdy=1
[CPP-FLUSH] iter=1023 tvalid=0 tlast=0 trdy=1
[CPP-FLUSH] iter=1024 tvalid=0 tlast=0 trdy=1
[CPP-FLUSH] iter=1025 tvalid=0 tlast=0 trdy=1
[CPP-FLUSH] iter=1026 tvalid=0 tlast=0 trdy=1
[CPP-FLUSH] iter=1027 tvalid=0 tlast=0 trdy=1
[CPP-FLUSH] iter=1028 tvalid=0 tlast=0 trdy=1
[CPP-FLUSH] iter=1029 tvalid=0 tlast=0 trdy=1
[CPP-FLUSH] iter=1030 tvalid=0 tlast=0 trdy=1
[CPP-FLUSH] iter=1031 tvalid=0 tlast=0 trdy=1
[CPP-FLUSH] iter=1032 tvalid=0 tlast=0 trdy=1
[CPP-FLUSH] iter=1033 tvalid=0 tlast=0 trdy=1
[CPP-FLUSH] iter=1034 tvalid=0 tlast=0 trdy=1
[CPP-FLUSH] iter=1035 tvalid=0 tlast=0 trdy=1
[CPP-FLUSH] iter=1036 tvalid=0 tlast=0 trdy=1
[CPP-FLUSH] iter=1037 tvalid=0 tlast=0 trdy=1
[CPP-FLUSH] iter=1038 tvalid=0 tlast=0 trdy=1
[CPP-FLUSH] iter=1039 tvalid=0 tlast=0 trdy=1
[CPP-FLUSH] iter=1040 tvalid=0 tlast=0 trdy=1
[CPP-FLUSH] iter=1041 tvalid=0 tlast=0 trdy=1
[CPP-FLUSH] iter=1042 tvalid=0 tlast=0 trdy=1
[CPP-FLUSH] iter=1043 tvalid=0 tlast=0 trdy=1
[CPP-FLUSH] iter=1044 tvalid=0 tlast=0 trdy=1
[CPP-FLUSH] iter=1045 tvalid=0 tlast=0 trdy=1
[CPP-FLUSH] iter=1046 tvalid=0 tlast=0 trdy=1
[CPP-FLUSH] iter=1047 tvalid=0 tlast=0 trdy=1
[CPP-FLUSH] iter=1048 tvalid=0 tlast=0 trdy=1
[CPP-FLUSH] iter=1049 tvalid=0 tlast=0 trdy=1
[CPP-FLUSH] iter=1050 tvalid=0 tlast=0 trdy=1
[CPP-FLUSH] iter=1051 tvalid=0 tlast=0 trdy=1
[CPP-FLUSH] iter=1052 tvalid=0 tlast=0 trdy=1
[CPP-FLUSH] iter=1053 tvalid=0 tlast=0 trdy=1
[CPP-FLUSH] iter=1054 tvalid=0 tlast=0 trdy=1
[CPP-FLUSH] iter=1055 tvalid=0 tlast=0 trdy=1
[CPP-FLUSH] iter=1056 tvalid=0 tlast=0 trdy=1
[CPP-FLUSH] iter=1057 tvalid=0 tlast=0 trdy=1
[CPP-FLUSH] iter=1058 tvalid=0 tlast=0 trdy=1
[CPP-FLUSH] iter=1059 tvalid=0 tlast=0 trdy=1
[CPP-FLUSH] iter=1060 tvalid=0 tlast=0 trdy=1
[CPP-FLUSH] iter=1061 tvalid=0 tlast=0 trdy=1
[CPP-FLUSH] iter=1062 tvalid=0 tlast=0 trdy=1
[CPP-FLUSH] iter=1063 tvalid=0 tlast=0 trdy=1
[CPP-FLUSH] iter=1064 tvalid=0 tlast=0 trdy=1
[CPP-FLUSH] iter=1065 tvalid=0 tlast=0 trdy=1
[CPP-FLUSH] iter=1066 tvalid=0 tlast=0 trdy=1
[CPP-FLUSH] iter=1067 tvalid=0 tlast=0 trdy=1
[CPP-FLUSH] iter=1068 tvalid=0 tlast=0 trdy=1
[CPP-FLUSH] iter=1069 tvalid=0 tlast=0 trdy=1
[CPP-FLUSH] iter=1070 tvalid=0 tlast=0 trdy=1
[CPP-FLUSH] iter=1071 tvalid=0 tlast=0 trdy=1
[CPP-FLUSH] iter=1072 tvalid=0 tlast=0 trdy=1
[CPP-FLUSH] iter=1073 tvalid=0 tlast=0 trdy=1
[CPP-FLUSH] iter=1074 tvalid=0 tlast=0 trdy=1
[CPP-FLUSH] iter=1075 tvalid=0 tlast=0 trdy=1
[CPP-FLUSH] iter=1076 tvalid=0 tlast=0 trdy=1
[CPP-FLUSH] iter=1077 tvalid=0 tlast=0 trdy=1
[CPP-FLUSH] iter=1078 tvalid=0 tlast=0 trdy=1
[CPP-FLUSH] iter=1079 tvalid=0 tlast=0 trdy=1
[CPP-FLUSH] iter=1080 tvalid=0 tlast=0 trdy=1
[CPP-FLUSH] iter=1081 tvalid=0 tlast=0 trdy=1
[CPP-FLUSH] iter=1082 tvalid=0 tlast=0 trdy=1
[CPP-FLUSH] iter=1083 tvalid=0 tlast=0 trdy=1
[CPP-FLUSH] iter=1084 tvalid=0 tlast=0 trdy=1
[CPP-FLUSH] iter=1085 tvalid=0 tlast=0 trdy=1
[CPP-FLUSH] iter=1086 tvalid=0 tlast=0 trdy=1
[CPP-FLUSH] iter=1087 tvalid=0 tlast=0 trdy=1
[CPP-FLUSH] iter=1088 tvalid=0 tlast=0 trdy=1
[CPP-FLUSH] iter=1089 tvalid=0 tlast=0 trdy=1
[CPP-FLUSH] iter=1090 tvalid=0 tlast=0 trdy=1
[CPP-FLUSH] iter=1091 tvalid=0 tlast=0 trdy=1
[CPP-FLUSH] iter=1092 tvalid=0 tlast=0 trdy=1
[CPP-FLUSH] iter=1093 tvalid=0 tlast=0 trdy=1
[CPP-FLUSH] iter=1094 tvalid=0 tlast=0 trdy=1
[CPP-FLUSH] iter=1095 tvalid=0 tlast=0 trdy=1
[CPP-FLUSH] iter=1096 tvalid=0 tlast=0 trdy=1
[CPP-FLUSH] iter=1097 tvalid=0 tlast=0 trdy=1
[CPP-FLUSH] iter=1098 tvalid=0 tlast=0 trdy=1
[CPP-FLUSH] iter=1099 tvalid=0 tlast=0 trdy=1
[CPP-FLUSH] iter=1100 tvalid=0 tlast=0 trdy=1
[CPP-FLUSH] iter=1101 tvalid=0 tlast=0 trdy=1
[CPP-FLUSH] iter=1102 tvalid=0 tlast=0 trdy=1
[CPP-FLUSH] iter=1103 tvalid=0 tlast=0 trdy=1
[CPP-FLUSH] iter=1104 tvalid=0 tlast=0 trdy=1
[CPP-FLUSH] iter=1105 tvalid=0 tlast=0 trdy=1
[CPP-FLUSH] iter=1106 tvalid=0 tlast=0 trdy=1
[CPP-FLUSH] iter=1107 tvalid=0 tlast=0 trdy=1
[CPP-FLUSH] iter=1108 tvalid=0 tlast=0 trdy=1
[CPP-FLUSH] iter=1109 tvalid=0 tlast=0 trdy=1
[CPP-FLUSH] iter=1110 tvalid=0 tlast=0 trdy=1
[CPP-FLUSH] iter=1111 tvalid=0 tlast=0 trdy=1
[CPP-FLUSH] iter=1112 tvalid=0 tlast=0 trdy=1
[CPP-FLUSH] iter=1113 tvalid=0 tlast=0 trdy=1
[CPP-FLUSH] iter=1114 tvalid=0 tlast=0 trdy=1
[CPP-FLUSH] iter=1115 tvalid=0 tlast=0 trdy=1
[CPP-FLUSH] iter=1116 tvalid=0 tlast=0 trdy=1
[CPP-FLUSH] iter=1117 tvalid=0 tlast=0 trdy=1
[CPP-FLUSH] iter=1118 tvalid=0 tlast=0 trdy=1
[CPP-FLUSH] iter=1119 tvalid=0 tlast=0 trdy=1
[CPP-FLUSH] iter=1120 tvalid=0 tlast=0 trdy=1
[CPP-FLUSH] iter=1121 tvalid=0 tlast=0 trdy=1
[CPP-FLUSH] iter=1122 tvalid=0 tlast=0 trdy=1
[CPP-FLUSH] iter=1123 tvalid=0 tlast=0 trdy=1
[CPP-FLUSH] iter=1124 tvalid=0 tlast=0 trdy=1
[CPP-FLUSH] iter=1125 tvalid=0 tlast=0 trdy=1
[CPP-FLUSH] iter=1126 tvalid=0 tlast=0 trdy=1
[CPP-FLUSH] iter=1127 tvalid=0 tlast=0 trdy=1
[CPP-FLUSH] iter=1128 tvalid=0 tlast=0 trdy=1
[CPP-FLUSH] iter=1129 tvalid=0 tlast=0 trdy=1
[CPP-FLUSH] iter=1130 tvalid=0 tlast=0 trdy=1
[CPP-FLUSH] iter=1131 tvalid=0 tlast=0 trdy=1
[CPP-FLUSH] iter=1132 tvalid=0 tlast=0 trdy=1
[CPP-FLUSH] iter=1133 tvalid=0 tlast=0 trdy=1
[CPP-FLUSH] iter=1134 tvalid=0 tlast=0 trdy=1
[CPP-FLUSH] iter=1135 tvalid=0 tlast=0 trdy=1
[CPP-FLUSH] iter=1136 tvalid=0 tlast=0 trdy=1
[CPP-FLUSH] iter=1137 tvalid=0 tlast=0 trdy=1
[CPP-FLUSH] iter=1138 tvalid=0 tlast=0 trdy=1
[CPP-FLUSH] iter=1139 tvalid=0 tlast=0 trdy=1
[CPP-FLUSH] iter=1140 tvalid=0 tlast=0 trdy=1
[CPP-FLUSH] iter=1141 tvalid=0 tlast=0 trdy=1
[CPP-FLUSH] iter=1142 tvalid=0 tlast=0 trdy=1
[CPP-FLUSH] iter=1143 tvalid=0 tlast=0 trdy=1
[CPP-FLUSH] iter=1144 tvalid=0 tlast=0 trdy=1
[CPP-FLUSH] iter=1145 tvalid=0 tlast=0 trdy=1
[CPP-FLUSH] iter=1146 tvalid=0 tlast=0 trdy=1
[CPP-FLUSH] iter=1147 tvalid=0 tlast=0 trdy=1
[CPP-FLUSH] iter=1148 tvalid=0 tlast=0 trdy=1
[CPP-FLUSH] iter=1149 tvalid=0 tlast=0 trdy=1
[CPP-FLUSH] iter=1150 tvalid=0 tlast=0 trdy=1
[CPP-FLUSH] iter=1151 tvalid=0 tlast=0 trdy=1
[CPP-FLUSH] iter=1152 tvalid=0 tlast=0 trdy=1
[CPP-FLUSH] iter=1153 tvalid=0 tlast=0 trdy=1
[CPP-FLUSH] iter=1154 tvalid=0 tlast=0 trdy=1
[CPP-FLUSH] iter=1155 tvalid=0 tlast=0 trdy=1
[CPP-FLUSH] iter=1156 tvalid=0 tlast=0 trdy=1
[CPP-FLUSH] iter=1157 tvalid=0 tlast=0 trdy=1
[CPP-FLUSH] iter=1158 tvalid=0 tlast=0 trdy=1
[CPP-FLUSH] iter=1159 tvalid=0 tlast=0 trdy=1
[CPP-FLUSH] iter=1160 tvalid=0 tlast=0 trdy=1
[CPP-FLUSH] iter=1161 tvalid=0 tlast=0 trdy=1
[CPP-FLUSH] iter=1162 tvalid=0 tlast=0 trdy=1
[CPP-FLUSH] iter=1163 tvalid=0 tlast=0 trdy=1
[CPP-FLUSH] iter=1164 tvalid=0 tlast=0 trdy=1
[CPP-FLUSH] iter=1165 tvalid=0 tlast=0 trdy=1
[CPP-FLUSH] iter=1166 tvalid=0 tlast=0 trdy=1
[CPP-FLUSH] iter=1167 tvalid=0 tlast=0 trdy=1
[CPP-FLUSH] iter=1168 tvalid=0 tlast=0 trdy=1
[CPP-FLUSH] iter=1169 tvalid=0 tlast=0 trdy=1
[CPP-FLUSH] iter=1170 tvalid=0 tlast=0 trdy=1
[CPP-FLUSH] iter=1171 tvalid=0 tlast=0 trdy=1
[CPP-FLUSH] iter=1172 tvalid=0 tlast=0 trdy=1
[CPP-FLUSH] iter=1173 tvalid=0 tlast=0 trdy=1
[CPP-FLUSH] iter=1174 tvalid=0 tlast=0 trdy=1
[CPP-FLUSH] iter=1175 tvalid=0 tlast=0 trdy=1
[CPP-FLUSH] iter=1176 tvalid=0 tlast=0 trdy=1
[CPP-FLUSH] iter=1177 tvalid=0 tlast=0 trdy=1
[CPP-FLUSH] iter=1178 tvalid=0 tlast=0 trdy=1
[CPP-FLUSH] iter=1179 tvalid=0 tlast=0 trdy=1
[CPP-FLUSH] iter=1180 tvalid=0 tlast=0 trdy=1
[CPP-FLUSH] iter=1181 tvalid=0 tlast=0 trdy=1
[CPP-FLUSH] iter=1182 tvalid=0 tlast=0 trdy=1
[CPP-FLUSH] iter=1183 tvalid=0 tlast=0 trdy=1
[CPP-FLUSH] iter=1184 tvalid=0 tlast=0 trdy=1
[CPP-FLUSH] iter=1185 tvalid=0 tlast=0 trdy=1
[CPP-FLUSH] iter=1186 tvalid=0 tlast=0 trdy=1
[CPP-FLUSH] iter=1187 tvalid=0 tlast=0 trdy=1
[CPP-FLUSH] iter=1188 tvalid=0 tlast=0 trdy=1
[CPP-FLUSH] iter=1189 tvalid=0 tlast=0 trdy=1
[CPP-FLUSH] iter=1190 tvalid=0 tlast=0 trdy=1
[CPP-FLUSH] iter=1191 tvalid=0 tlast=0 trdy=1
[CPP-FLUSH] iter=1192 tvalid=0 tlast=0 trdy=1
[CPP-FLUSH] iter=1193 tvalid=0 tlast=0 trdy=1
[CPP-FLUSH] iter=1194 tvalid=0 tlast=0 trdy=1
[CPP-FLUSH] iter=1195 tvalid=0 tlast=0 trdy=1
[CPP-FLUSH] iter=1196 tvalid=0 tlast=0 trdy=1
[CPP-FLUSH] iter=1197 tvalid=0 tlast=0 trdy=1
[CPP-FLUSH] iter=1198 tvalid=0 tlast=0 trdy=1
[CPP-FLUSH] iter=1199 tvalid=0 tlast=0 trdy=1
[CPP-FLUSH] iter=1200 tvalid=0 tlast=0 trdy=1
[CPP-FLUSH] iter=1201 tvalid=0 tlast=0 trdy=1
[CPP-FLUSH] iter=1202 tvalid=0 tlast=0 trdy=1
[CPP-FLUSH] iter=1203 tvalid=0 tlast=0 trdy=1
[CPP-FLUSH] iter=1204 tvalid=0 tlast=0 trdy=1
[CPP-FLUSH] iter=1205 tvalid=0 tlast=0 trdy=1
[CPP-FLUSH] iter=1206 tvalid=0 tlast=0 trdy=1
[CPP-FLUSH] iter=1207 tvalid=0 tlast=0 trdy=1
[CPP-FLUSH] iter=1208 tvalid=0 tlast=0 trdy=1
[CPP-FLUSH] iter=1209 tvalid=0 tlast=0 trdy=1
[CPP-FLUSH] iter=1210 tvalid=0 tlast=0 trdy=1
[CPP-FLUSH] iter=1211 tvalid=0 tlast=0 trdy=1
[CPP-FLUSH] iter=1212 tvalid=0 tlast=0 trdy=1
[CPP-FLUSH] iter=1213 tvalid=0 tlast=0 trdy=1
[CPP-FLUSH] iter=1214 tvalid=0 tlast=0 trdy=1
[CPP-FLUSH] iter=1215 tvalid=0 tlast=0 trdy=1
[CPP-FLUSH] iter=1216 tvalid=0 tlast=0 trdy=1
[CPP-FLUSH] iter=1217 tvalid=0 tlast=0 trdy=1
[CPP-FLUSH] iter=1218 tvalid=0 tlast=0 trdy=1
[CPP-FLUSH] iter=1219 tvalid=0 tlast=0 trdy=1
[CPP-FLUSH] iter=1220 tvalid=0 tlast=0 trdy=1
[CPP-FLUSH] iter=1221 tvalid=0 tlast=0 trdy=1
[CPP-FLUSH] iter=1222 tvalid=0 tlast=0 trdy=1
[CPP-FLUSH] iter=1223 tvalid=0 tlast=0 trdy=1
[CPP-FLUSH] iter=1224 tvalid=0 tlast=0 trdy=1
[CPP-FLUSH] iter=1225 tvalid=0 tlast=0 trdy=1
[CPP-FLUSH] iter=1226 tvalid=0 tlast=0 trdy=1
[CPP-FLUSH] iter=1227 tvalid=0 tlast=0 trdy=1
[CPP-FLUSH] iter=1228 tvalid=0 tlast=0 trdy=1
[CPP-FLUSH] iter=1229 tvalid=0 tlast=0 trdy=1
[CPP-FLUSH] iter=1230 tvalid=0 tlast=0 trdy=1
[CPP-FLUSH] iter=1231 tvalid=0 tlast=0 trdy=1
[CPP-FLUSH] iter=1232 tvalid=0 tlast=0 trdy=1
[CPP-FLUSH] iter=1233 tvalid=0 tlast=0 trdy=1
[CPP-FLUSH] iter=1234 tvalid=0 tlast=0 trdy=1
[CPP-FLUSH] iter=1235 tvalid=0 tlast=0 trdy=1
[CPP-FLUSH] iter=1236 tvalid=0 tlast=0 trdy=1
[CPP-FLUSH] iter=1237 tvalid=0 tlast=0 trdy=1
[CPP-FLUSH] iter=1238 tvalid=0 tlast=0 trdy=1
[CPP-FLUSH] iter=1239 tvalid=0 tlast=0 trdy=1
[CPP-FLUSH] iter=1240 tvalid=0 tlast=0 trdy=1
[CPP-FLUSH] iter=1241 tvalid=0 tlast=0 trdy=1
[CPP-FLUSH] iter=1242 tvalid=0 tlast=0 trdy=1
[CPP-FLUSH] iter=1243 tvalid=0 tlast=0 trdy=1
[CPP-FLUSH] iter=1244 tvalid=0 tlast=0 trdy=1
[CPP-FLUSH] iter=1245 tvalid=0 tlast=0 trdy=1
[CPP-FLUSH] iter=1246 tvalid=0 tlast=0 trdy=1
[CPP-FLUSH] iter=1247 tvalid=0 tlast=0 trdy=1
[CPP-FLUSH] iter=1248 tvalid=0 tlast=0 trdy=1
[CPP-FLUSH] iter=1249 tvalid=0 tlast=0 trdy=1
[CPP-FLUSH] iter=1250 tvalid=0 tlast=0 trdy=1
[CPP-FLUSH] iter=1251 tvalid=0 tlast=0 trdy=1
[CPP-FLUSH] iter=1252 tvalid=0 tlast=0 trdy=1
[CPP-FLUSH] iter=1253 tvalid=0 tlast=0 trdy=1
[CPP-FLUSH] iter=1254 tvalid=0 tlast=0 trdy=1
[CPP-FLUSH] iter=1255 tvalid=0 tlast=0 trdy=1
[CPP-FLUSH] iter=1256 tvalid=0 tlast=0 trdy=1
[CPP-FLUSH] iter=1257 tvalid=0 tlast=0 trdy=1
[CPP-FLUSH] iter=1258 tvalid=0 tlast=0 trdy=1
[CPP-FLUSH] iter=1259 tvalid=0 tlast=0 trdy=1
[CPP-FLUSH] iter=1260 tvalid=0 tlast=0 trdy=1
[CPP-FLUSH] iter=1261 tvalid=0 tlast=0 trdy=1
[CPP-FLUSH] iter=1262 tvalid=0 tlast=0 trdy=1
[CPP-FLUSH] iter=1263 tvalid=0 tlast=0 trdy=1
[CPP-FLUSH] iter=1264 tvalid=0 tlast=0 trdy=1
[CPP-FLUSH] iter=1265 tvalid=0 tlast=0 trdy=1
[CPP-FLUSH] iter=1266 tvalid=0 tlast=0 trdy=1
[CPP-FLUSH] iter=1267 tvalid=0 tlast=0 trdy=1
[CPP-FLUSH] iter=1268 tvalid=0 tlast=0 trdy=1
[CPP-FLUSH] iter=1269 tvalid=0 tlast=0 trdy=1
[CPP-FLUSH] iter=1270 tvalid=0 tlast=0 trdy=1
[CPP-FLUSH] iter=1271 tvalid=0 tlast=0 trdy=1
[CPP-FLUSH] iter=1272 tvalid=0 tlast=0 trdy=1
[CPP-FLUSH] iter=1273 tvalid=0 tlast=0 trdy=1
[CPP-FLUSH] iter=1274 tvalid=0 tlast=0 trdy=1
[CPP-FLUSH] iter=1275 tvalid=0 tlast=0 trdy=1
[CPP-FLUSH] iter=1276 tvalid=0 tlast=0 trdy=1
[CPP-FLUSH] iter=1277 tvalid=0 tlast=0 trdy=1
[CPP-FLUSH] iter=1278 tvalid=0 tlast=0 trdy=1
[CPP-FLUSH] iter=1279 tvalid=0 tlast=0 trdy=1
[CPP-FLUSH] iter=1280 tvalid=0 tlast=0 trdy=1
[CPP-FLUSH] iter=1281 tvalid=0 tlast=0 trdy=1
[CPP-FLUSH] iter=1282 tvalid=0 tlast=0 trdy=1
[CPP-FLUSH] iter=1283 tvalid=0 tlast=0 trdy=1
[CPP-FLUSH] iter=1284 tvalid=0 tlast=0 trdy=1
[CPP-FLUSH] iter=1285 tvalid=0 tlast=0 trdy=1
[CPP-FLUSH] iter=1286 tvalid=0 tlast=0 trdy=1
[CPP-FLUSH] iter=1287 tvalid=0 tlast=0 trdy=1
[CPP-FLUSH] iter=1288 tvalid=0 tlast=0 trdy=1
[CPP-FLUSH] iter=1289 tvalid=0 tlast=0 trdy=1
[CPP-FLUSH] iter=1290 tvalid=0 tlast=0 trdy=1
[CPP-FLUSH] iter=1291 tvalid=0 tlast=0 trdy=1
[CPP-FLUSH] iter=1292 tvalid=0 tlast=0 trdy=1
[CPP-FLUSH] iter=1293 tvalid=0 tlast=0 trdy=1
[CPP-FLUSH] iter=1294 tvalid=0 tlast=0 trdy=1
[CPP-FLUSH] iter=1295 tvalid=0 tlast=0 trdy=1
[CPP-FLUSH] iter=1296 tvalid=0 tlast=0 trdy=1
[CPP-FLUSH] iter=1297 tvalid=0 tlast=0 trdy=1
[CPP-FLUSH] iter=1298 tvalid=0 tlast=0 trdy=1
[CPP-FLUSH] iter=1299 tvalid=0 tlast=0 trdy=1
[CPP-FLUSH] iter=1300 tvalid=0 tlast=0 trdy=1
[CPP-FLUSH] iter=1301 tvalid=0 tlast=0 trdy=1
[CPP-FLUSH] iter=1302 tvalid=0 tlast=0 trdy=1
[CPP-FLUSH] iter=1303 tvalid=0 tlast=0 trdy=1
[CPP-FLUSH] iter=1304 tvalid=0 tlast=0 trdy=1
[CPP-FLUSH] iter=1305 tvalid=0 tlast=0 trdy=1
[CPP-FLUSH] iter=1306 tvalid=0 tlast=0 trdy=1
[CPP-FLUSH] iter=1307 tvalid=0 tlast=0 trdy=1
[CPP-FLUSH] iter=1308 tvalid=0 tlast=0 trdy=1
[CPP-FLUSH] iter=1309 tvalid=0 tlast=0 trdy=1
[CPP-FLUSH] iter=1310 tvalid=0 tlast=0 trdy=1
[CPP-FLUSH] iter=1311 tvalid=0 tlast=0 trdy=1
[CPP-FLUSH] iter=1312 tvalid=0 tlast=0 trdy=1
[CPP-FLUSH] iter=1313 tvalid=0 tlast=0 trdy=1
[CPP-FLUSH] iter=1314 tvalid=0 tlast=0 trdy=1
[CPP-FLUSH] iter=1315 tvalid=0 tlast=0 trdy=1
[CPP-FLUSH] iter=1316 tvalid=0 tlast=0 trdy=1
[CPP-FLUSH] iter=1317 tvalid=0 tlast=0 trdy=1
[CPP-FLUSH] iter=1318 tvalid=0 tlast=0 trdy=1
[CPP-FLUSH] iter=1319 tvalid=0 tlast=0 trdy=1
[CPP-FLUSH] iter=1320 tvalid=0 tlast=0 trdy=1
[CPP-FLUSH] iter=1321 tvalid=0 tlast=0 trdy=1
[CPP-FLUSH] iter=1322 tvalid=0 tlast=0 trdy=1
[CPP-FLUSH] iter=1323 tvalid=0 tlast=0 trdy=1
[CPP-FLUSH] iter=1324 tvalid=0 tlast=0 trdy=1
[CPP-FLUSH] iter=1325 tvalid=0 tlast=0 trdy=1
[CPP-FLUSH] iter=1326 tvalid=0 tlast=0 trdy=1
[CPP-FLUSH] iter=1327 tvalid=0 tlast=0 trdy=1
[CPP-FLUSH] iter=1328 tvalid=0 tlast=0 trdy=1
[CPP-FLUSH] iter=1329 tvalid=0 tlast=0 trdy=1
[CPP-FLUSH] iter=1330 tvalid=0 tlast=0 trdy=1
[CPP-FLUSH] iter=1331 tvalid=0 tlast=0 trdy=1
[CPP-FLUSH] iter=1332 tvalid=0 tlast=0 trdy=1
[CPP-FLUSH] iter=1333 tvalid=0 tlast=0 trdy=1
[CPP-FLUSH] iter=1334 tvalid=0 tlast=0 trdy=1
[CPP-FLUSH] iter=1335 tvalid=0 tlast=0 trdy=1
[CPP-FLUSH] iter=1336 tvalid=0 tlast=0 trdy=1
[CPP-FLUSH] iter=1337 tvalid=0 tlast=0 trdy=1
[CPP-FLUSH] iter=1338 tvalid=0 tlast=0 trdy=1
[CPP-FLUSH] iter=1339 tvalid=0 tlast=0 trdy=1
[CPP-FLUSH] iter=1340 tvalid=0 tlast=0 trdy=1
[CPP-FLUSH] iter=1341 tvalid=0 tlast=0 trdy=1
[CPP-FLUSH] iter=1342 tvalid=0 tlast=0 trdy=1
[CPP-FLUSH] iter=1343 tvalid=0 tlast=0 trdy=1
[CPP-FLUSH] iter=1344 tvalid=0 tlast=0 trdy=1
[CPP-FLUSH] iter=1345 tvalid=0 tlast=0 trdy=1
[CPP-FLUSH] iter=1346 tvalid=0 tlast=0 trdy=1
[CPP-FLUSH] iter=1347 tvalid=0 tlast=0 trdy=1
[CPP-FLUSH] iter=1348 tvalid=0 tlast=0 trdy=1
[CPP-FLUSH] iter=1349 tvalid=0 tlast=0 trdy=1
[CPP-FLUSH] iter=1350 tvalid=0 tlast=0 trdy=1
[CPP-FLUSH] iter=1351 tvalid=0 tlast=0 trdy=1
[CPP-FLUSH] iter=1352 tvalid=0 tlast=0 trdy=1
[CPP-FLUSH] iter=1353 tvalid=0 tlast=0 trdy=1
[CPP-FLUSH] iter=1354 tvalid=0 tlast=0 trdy=1
[CPP-FLUSH] iter=1355 tvalid=0 tlast=0 trdy=1
[CPP-FLUSH] iter=1356 tvalid=0 tlast=0 trdy=1
[CPP-FLUSH] iter=1357 tvalid=0 tlast=0 trdy=1
[CPP-FLUSH] iter=1358 tvalid=0 tlast=0 trdy=1
[CPP-FLUSH] iter=1359 tvalid=0 tlast=0 trdy=1
[CPP-FLUSH] iter=1360 tvalid=0 tlast=0 trdy=1
[CPP-FLUSH] iter=1361 tvalid=0 tlast=0 trdy=1
[CPP-FLUSH] iter=1362 tvalid=0 tlast=0 trdy=1
[CPP-FLUSH] iter=1363 tvalid=0 tlast=0 trdy=1
[CPP-FLUSH] iter=1364 tvalid=0 tlast=0 trdy=1
[CPP-FLUSH] iter=1365 tvalid=0 tlast=0 trdy=1
[CPP-FLUSH] iter=1366 tvalid=0 tlast=0 trdy=1
[CPP-FLUSH] iter=1367 tvalid=0 tlast=0 trdy=1
[CPP-FLUSH] iter=1368 tvalid=0 tlast=0 trdy=1
[CPP-FLUSH] iter=1369 tvalid=0 tlast=0 trdy=1
[CPP-FLUSH] iter=1370 tvalid=0 tlast=0 trdy=1
[CPP-FLUSH] iter=1371 tvalid=0 tlast=0 trdy=1
[CPP-FLUSH] iter=1372 tvalid=0 tlast=0 trdy=1
[CPP-FLUSH] iter=1373 tvalid=0 tlast=0 trdy=1
[CPP-FLUSH] iter=1374 tvalid=0 tlast=0 trdy=1
[CPP-FLUSH] iter=1375 tvalid=0 tlast=0 trdy=1
[CPP-FLUSH] iter=1376 tvalid=0 tlast=0 trdy=1
[CPP-FLUSH] iter=1377 tvalid=0 tlast=0 trdy=1
[CPP-FLUSH] iter=1378 tvalid=0 tlast=0 trdy=1
[CPP-FLUSH] iter=1379 tvalid=0 tlast=0 trdy=1
[CPP-FLUSH] iter=1380 tvalid=0 tlast=0 trdy=1
[CPP-FLUSH] iter=1381 tvalid=0 tlast=0 trdy=1
[CPP-FLUSH] iter=1382 tvalid=0 tlast=0 trdy=1
[CPP-FLUSH] iter=1383 tvalid=0 tlast=0 trdy=1
[CPP-FLUSH] iter=1384 tvalid=0 tlast=0 trdy=1
[CPP-FLUSH] iter=1385 tvalid=0 tlast=0 trdy=1
[CPP-FLUSH] iter=1386 tvalid=0 tlast=0 trdy=1
[CPP-FLUSH] iter=1387 tvalid=0 tlast=0 trdy=1
[CPP-FLUSH] iter=1388 tvalid=0 tlast=0 trdy=1
[CPP-FLUSH] iter=1389 tvalid=0 tlast=0 trdy=1
[CPP-FLUSH] iter=1390 tvalid=0 tlast=0 trdy=1
[CPP-FLUSH] iter=1391 tvalid=0 tlast=0 trdy=1
[CPP-FLUSH] iter=1392 tvalid=0 tlast=0 trdy=1
[CPP-FLUSH] iter=1393 tvalid=0 tlast=0 trdy=1
[CPP-FLUSH] iter=1394 tvalid=0 tlast=0 trdy=1
[CPP-FLUSH] iter=1395 tvalid=0 tlast=0 trdy=1
[CPP-FLUSH] iter=1396 tvalid=0 tlast=0 trdy=1
[CPP-FLUSH] iter=1397 tvalid=0 tlast=0 trdy=1
[CPP-FLUSH] iter=1398 tvalid=0 tlast=0 trdy=1
[CPP-FLUSH] iter=1399 tvalid=0 tlast=0 trdy=1
[CPP-FLUSH] iter=1400 tvalid=0 tlast=0 trdy=1
[CPP-FLUSH] iter=1401 tvalid=0 tlast=0 trdy=1
[CPP-FLUSH] iter=1402 tvalid=0 tlast=0 trdy=1
[CPP-FLUSH] iter=1403 tvalid=0 tlast=0 trdy=1
[CPP-FLUSH] iter=1404 tvalid=0 tlast=0 trdy=1
[CPP-FLUSH] iter=1405 tvalid=0 tlast=0 trdy=1
[CPP-FLUSH] iter=1406 tvalid=0 tlast=0 trdy=1
[CPP-FLUSH] iter=1407 tvalid=0 tlast=0 trdy=1
[CPP-FLUSH] iter=1408 tvalid=0 tlast=0 trdy=1
[CPP-FLUSH] iter=1409 tvalid=0 tlast=0 trdy=1
[CPP-FLUSH] iter=1410 tvalid=0 tlast=0 trdy=1
[CPP-FLUSH] iter=1411 tvalid=0 tlast=0 trdy=1
[CPP-FLUSH] iter=1412 tvalid=0 tlast=0 trdy=1
[CPP-FLUSH] iter=1413 tvalid=0 tlast=0 trdy=1
[CPP-FLUSH] iter=1414 tvalid=0 tlast=0 trdy=1
[CPP-FLUSH] iter=1415 tvalid=0 tlast=0 trdy=1
[CPP-FLUSH] iter=1416 tvalid=0 tlast=0 trdy=1
[CPP-FLUSH] iter=1417 tvalid=0 tlast=0 trdy=1
[CPP-FLUSH] iter=1418 tvalid=0 tlast=0 trdy=1
[CPP-FLUSH] iter=1419 tvalid=0 tlast=0 trdy=1
[CPP-FLUSH] iter=1420 tvalid=0 tlast=0 trdy=1
[CPP-FLUSH] iter=1421 tvalid=0 tlast=0 trdy=1
[CPP-FLUSH] iter=1422 tvalid=0 tlast=0 trdy=1
[CPP-FLUSH] iter=1423 tvalid=0 tlast=0 trdy=1
[CPP-FLUSH] iter=1424 tvalid=0 tlast=0 trdy=1
[CPP-FLUSH] iter=1425 tvalid=0 tlast=0 trdy=1
[CPP-FLUSH] iter=1426 tvalid=0 tlast=0 trdy=1
[CPP-FLUSH] iter=1427 tvalid=0 tlast=0 trdy=1
[CPP-FLUSH] iter=1428 tvalid=0 tlast=0 trdy=1
[CPP-FLUSH] iter=1429 tvalid=0 tlast=0 trdy=1
[CPP-FLUSH] iter=1430 tvalid=0 tlast=0 trdy=1
[CPP-FLUSH] iter=1431 tvalid=0 tlast=0 trdy=1
[CPP-FLUSH] iter=1432 tvalid=0 tlast=0 trdy=1
[CPP-FLUSH] iter=1433 tvalid=0 tlast=0 trdy=1
[CPP-FLUSH] iter=1434 tvalid=0 tlast=0 trdy=1
[CPP-FLUSH] iter=1435 tvalid=0 tlast=0 trdy=1
[CPP-FLUSH] iter=1436 tvalid=0 tlast=0 trdy=1
[CPP-FLUSH] iter=1437 tvalid=0 tlast=0 trdy=1
[CPP-FLUSH] iter=1438 tvalid=0 tlast=0 trdy=1
[CPP-FLUSH] iter=1439 tvalid=0 tlast=0 trdy=1
[CPP-FLUSH] iter=1440 tvalid=0 tlast=0 trdy=1
[CPP-FLUSH] iter=1441 tvalid=0 tlast=0 trdy=1
[CPP-FLUSH] iter=1442 tvalid=0 tlast=0 trdy=1
[CPP-FLUSH] iter=1443 tvalid=0 tlast=0 trdy=1
[CPP-FLUSH] iter=1444 tvalid=0 tlast=0 trdy=1
[CPP-FLUSH] iter=1445 tvalid=0 tlast=0 trdy=1
[CPP-FLUSH] iter=1446 tvalid=0 tlast=0 trdy=1
[CPP-FLUSH] iter=1447 tvalid=0 tlast=0 trdy=1
[CPP-FLUSH] iter=1448 tvalid=0 tlast=0 trdy=1
[CPP-FLUSH] iter=1449 tvalid=0 tlast=0 trdy=1
[CPP-FLUSH] iter=1450 tvalid=0 tlast=0 trdy=1
[CPP-FLUSH] iter=1451 tvalid=0 tlast=0 trdy=1
[CPP-FLUSH] iter=1452 tvalid=0 tlast=0 trdy=1
[CPP-FLUSH] iter=1453 tvalid=0 tlast=0 trdy=1
[CPP-FLUSH] iter=1454 tvalid=0 tlast=0 trdy=1
[CPP-FLUSH] iter=1455 tvalid=0 tlast=0 trdy=1
[CPP-FLUSH] iter=1456 tvalid=0 tlast=0 trdy=1
[CPP-FLUSH] iter=1457 tvalid=0 tlast=0 trdy=1
[CPP-FLUSH] iter=1458 tvalid=0 tlast=0 trdy=1
[CPP-FLUSH] iter=1459 tvalid=0 tlast=0 trdy=1
[CPP-FLUSH] iter=1460 tvalid=0 tlast=0 trdy=1
[CPP-FLUSH] iter=1461 tvalid=0 tlast=0 trdy=1
[CPP-FLUSH] iter=1462 tvalid=0 tlast=0 trdy=1
[CPP-FLUSH] iter=1463 tvalid=0 tlast=0 trdy=1
[CPP-FLUSH] iter=1464 tvalid=0 tlast=0 trdy=1
[CPP-FLUSH] iter=1465 tvalid=0 tlast=0 trdy=1
[CPP-FLUSH] iter=1466 tvalid=0 tlast=0 trdy=1
[CPP-FLUSH] iter=1467 tvalid=0 tlast=0 trdy=1
[CPP-FLUSH] iter=1468 tvalid=0 tlast=0 trdy=1
[CPP-FLUSH] iter=1469 tvalid=0 tlast=0 trdy=1
[CPP-FLUSH] iter=1470 tvalid=0 tlast=0 trdy=1
[CPP-FLUSH] iter=1471 tvalid=0 tlast=0 trdy=1
[CPP-FLUSH] iter=1472 tvalid=0 tlast=0 trdy=1
[CPP-FLUSH] iter=1473 tvalid=0 tlast=0 trdy=1
[CPP-FLUSH] iter=1474 tvalid=0 tlast=0 trdy=1
[CPP-FLUSH] iter=1475 tvalid=0 tlast=0 trdy=1
[CPP-FLUSH] iter=1476 tvalid=0 tlast=0 trdy=1
[CPP-FLUSH] iter=1477 tvalid=0 tlast=0 trdy=1
[CPP-FLUSH] iter=1478 tvalid=0 tlast=0 trdy=1
[CPP-FLUSH] iter=1479 tvalid=0 tlast=0 trdy=1
[CPP-FLUSH] iter=1480 tvalid=0 tlast=0 trdy=1
[CPP-FLUSH] iter=1481 tvalid=0 tlast=0 trdy=1
[CPP-FLUSH] iter=1482 tvalid=0 tlast=0 trdy=1
[CPP-FLUSH] iter=1483 tvalid=0 tlast=0 trdy=1
[CPP-FLUSH] iter=1484 tvalid=0 tlast=0 trdy=1
[CPP-FLUSH] iter=1485 tvalid=0 tlast=0 trdy=1
[CPP-FLUSH] iter=1486 tvalid=0 tlast=0 trdy=1
[CPP-FLUSH] iter=1487 tvalid=0 tlast=0 trdy=1
[CPP-FLUSH] iter=1488 tvalid=0 tlast=0 trdy=1
[CPP-FLUSH] iter=1489 tvalid=0 tlast=0 trdy=1
[CPP-FLUSH] iter=1490 tvalid=0 tlast=0 trdy=1
[CPP-FLUSH] iter=1491 tvalid=0 tlast=0 trdy=1
[CPP-FLUSH] iter=1492 tvalid=0 tlast=0 trdy=1
[CPP-FLUSH] iter=1493 tvalid=0 tlast=0 trdy=1
[CPP-FLUSH] iter=1494 tvalid=0 tlast=0 trdy=1
[CPP-FLUSH] iter=1495 tvalid=0 tlast=0 trdy=1
[CPP-FLUSH] iter=1496 tvalid=0 tlast=0 trdy=1
[CPP-FLUSH] iter=1497 tvalid=0 tlast=0 trdy=1
[CPP-FLUSH] iter=1498 tvalid=0 tlast=0 trdy=1
[CPP-FLUSH] iter=1499 tvalid=0 tlast=0 trdy=1
[CPP-FLUSH] iter=1500 tvalid=0 tlast=0 trdy=1
[CPP-FLUSH] iter=1501 tvalid=0 tlast=0 trdy=1
[CPP-FLUSH] iter=1502 tvalid=0 tlast=0 trdy=1
[CPP-FLUSH] iter=1503 tvalid=0 tlast=0 trdy=1
[CPP-FLUSH] iter=1504 tvalid=0 tlast=0 trdy=1
[CPP-FLUSH] iter=1505 tvalid=0 tlast=0 trdy=1
[CPP-FLUSH] iter=1506 tvalid=0 tlast=0 trdy=1
[CPP-FLUSH] iter=1507 tvalid=0 tlast=0 trdy=1
[CPP-FLUSH] iter=1508 tvalid=0 tlast=0 trdy=1
[CPP-FLUSH] iter=1509 tvalid=0 tlast=0 trdy=1
[CPP-FLUSH] iter=1510 tvalid=0 tlast=0 trdy=1
[CPP-FLUSH] iter=1511 tvalid=0 tlast=0 trdy=1
[CPP-FLUSH] iter=1512 tvalid=0 tlast=0 trdy=1
[CPP-FLUSH] iter=1513 tvalid=0 tlast=0 trdy=1
[CPP-FLUSH] iter=1514 tvalid=0 tlast=0 trdy=1
[CPP-FLUSH] iter=1515 tvalid=0 tlast=0 trdy=1
[CPP-FLUSH] iter=1516 tvalid=0 tlast=0 trdy=1
[CPP-FLUSH] iter=1517 tvalid=0 tlast=0 trdy=1
[CPP-FLUSH] iter=1518 tvalid=0 tlast=0 trdy=1
[CPP-FLUSH] iter=1519 tvalid=0 tlast=0 trdy=1
[CPP-FLUSH] iter=1520 tvalid=0 tlast=0 trdy=1
[CPP-FLUSH] iter=1521 tvalid=0 tlast=0 trdy=1
[CPP-FLUSH] iter=1522 tvalid=0 tlast=0 trdy=1
[CPP-FLUSH] iter=1523 tvalid=0 tlast=0 trdy=1
[CPP-FLUSH] iter=1524 tvalid=0 tlast=0 trdy=1
[CPP-FLUSH] iter=1525 tvalid=0 tlast=0 trdy=1
[CPP-FLUSH] iter=1526 tvalid=0 tlast=0 trdy=1
[CPP-FLUSH] iter=1527 tvalid=0 tlast=0 trdy=1
[CPP-FLUSH] iter=1528 tvalid=0 tlast=0 trdy=1
[CPP-FLUSH] iter=1529 tvalid=0 tlast=0 trdy=1
[CPP-FLUSH] iter=1530 tvalid=0 tlast=0 trdy=1
[CPP-FLUSH] iter=1531 tvalid=0 tlast=0 trdy=1
[CPP-FLUSH] iter=1532 tvalid=0 tlast=0 trdy=1
[CPP-FLUSH] iter=1533 tvalid=0 tlast=0 trdy=1
[CPP-FLUSH] iter=1534 tvalid=0 tlast=0 trdy=1
[CPP-FLUSH] iter=1535 tvalid=0 tlast=0 trdy=1
[CPP-FLUSH] iter=1536 tvalid=0 tlast=0 trdy=1
[CPP-FLUSH] iter=1537 tvalid=0 tlast=0 trdy=1
[CPP-FLUSH] iter=1538 tvalid=0 tlast=0 trdy=1
[CPP-FLUSH] iter=1539 tvalid=0 tlast=0 trdy=1
[CPP-FLUSH] iter=1540 tvalid=0 tlast=0 trdy=1
[CPP-FLUSH] iter=1541 tvalid=0 tlast=0 trdy=1
[CPP-FLUSH] iter=1542 tvalid=0 tlast=0 trdy=1
[CPP-FLUSH] iter=1543 tvalid=0 tlast=0 trdy=1
[CPP-FLUSH] iter=1544 tvalid=0 tlast=0 trdy=1
[CPP-FLUSH] iter=1545 tvalid=0 tlast=0 trdy=1
[CPP-FLUSH] iter=1546 tvalid=0 tlast=0 trdy=1
[CPP-FLUSH] iter=1547 tvalid=0 tlast=0 trdy=1
[CPP-FLUSH] iter=1548 tvalid=0 tlast=0 trdy=1
[CPP-FLUSH] iter=1549 tvalid=0 tlast=0 trdy=1
[CPP-FLUSH] iter=1550 tvalid=0 tlast=0 trdy=1
[CPP-FLUSH] iter=1551 tvalid=0 tlast=0 trdy=1
[CPP-FLUSH] iter=1552 tvalid=0 tlast=0 trdy=1
[CPP-FLUSH] iter=1553 tvalid=0 tlast=0 trdy=1
[CPP-FLUSH] iter=1554 tvalid=0 tlast=0 trdy=1
[CPP-FLUSH] iter=1555 tvalid=0 tlast=0 trdy=1
[CPP-FLUSH] iter=1556 tvalid=0 tlast=0 trdy=1
[CPP-FLUSH] iter=1557 tvalid=0 tlast=0 trdy=1
[CPP-FLUSH] iter=1558 tvalid=0 tlast=0 trdy=1
[CPP-FLUSH] iter=1559 tvalid=0 tlast=0 trdy=1
[CPP-FLUSH] iter=1560 tvalid=0 tlast=0 trdy=1
[CPP-FLUSH] iter=1561 tvalid=0 tlast=0 trdy=1
[CPP-FLUSH] iter=1562 tvalid=0 tlast=0 trdy=1
[CPP-FLUSH] iter=1563 tvalid=0 tlast=0 trdy=1
[CPP-FLUSH] iter=1564 tvalid=0 tlast=0 trdy=1
[CPP-FLUSH] iter=1565 tvalid=0 tlast=0 trdy=1
[CPP-FLUSH] iter=1566 tvalid=0 tlast=0 trdy=1
[CPP-FLUSH] iter=1567 tvalid=0 tlast=0 trdy=1
[CPP-FLUSH] iter=1568 tvalid=0 tlast=0 trdy=1
[CPP-FLUSH] iter=1569 tvalid=0 tlast=0 trdy=1
[CPP-FLUSH] iter=1570 tvalid=0 tlast=0 trdy=1
[CPP-FLUSH] iter=1571 tvalid=0 tlast=0 trdy=1
[CPP-FLUSH] iter=1572 tvalid=0 tlast=0 trdy=1
[CPP-FLUSH] iter=1573 tvalid=0 tlast=0 trdy=1
[CPP-FLUSH] iter=1574 tvalid=0 tlast=0 trdy=1
[CPP-FLUSH] iter=1575 tvalid=0 tlast=0 trdy=1
[CPP-FLUSH] iter=1576 tvalid=0 tlast=0 trdy=1
[CPP-FLUSH] iter=1577 tvalid=0 tlast=0 trdy=1
[CPP-FLUSH] iter=1578 tvalid=0 tlast=0 trdy=1
[CPP-FLUSH] iter=1579 tvalid=0 tlast=0 trdy=1
[CPP-FLUSH] iter=1580 tvalid=0 tlast=0 trdy=1
[CPP-FLUSH] iter=1581 tvalid=0 tlast=0 trdy=1
[CPP-FLUSH] iter=1582 tvalid=0 tlast=0 trdy=1
[CPP-FLUSH] iter=1583 tvalid=0 tlast=0 trdy=1
[CPP-FLUSH] iter=1584 tvalid=0 tlast=0 trdy=1
[CPP-FLUSH] iter=1585 tvalid=0 tlast=0 trdy=1
[CPP-FLUSH] iter=1586 tvalid=0 tlast=0 trdy=1
[CPP-FLUSH] iter=1587 tvalid=0 tlast=0 trdy=1
[CPP-FLUSH] iter=1588 tvalid=0 tlast=0 trdy=1
[CPP-FLUSH] iter=1589 tvalid=0 tlast=0 trdy=1
[CPP-FLUSH] iter=1590 tvalid=0 tlast=0 trdy=1
[CPP-FLUSH] iter=1591 tvalid=0 tlast=0 trdy=1
[CPP-FLUSH] iter=1592 tvalid=0 tlast=0 trdy=1
[CPP-FLUSH] iter=1593 tvalid=0 tlast=0 trdy=1
[CPP-FLUSH] iter=1594 tvalid=0 tlast=0 trdy=1
[CPP-FLUSH] iter=1595 tvalid=0 tlast=0 trdy=1
[CPP-FLUSH] iter=1596 tvalid=0 tlast=0 trdy=1
[CPP-FLUSH] iter=1597 tvalid=0 tlast=0 trdy=1
[CPP-FLUSH] iter=1598 tvalid=0 tlast=0 trdy=1
[CPP-FLUSH] iter=1599 tvalid=0 tlast=0 trdy=1
[CPP-FLUSH] iter=1600 tvalid=0 tlast=0 trdy=1
[CPP-FLUSH] iter=1601 tvalid=0 tlast=0 trdy=1
[CPP-FLUSH] iter=1602 tvalid=0 tlast=0 trdy=1
[CPP-FLUSH] iter=1603 tvalid=0 tlast=0 trdy=1
[CPP-FLUSH] iter=1604 tvalid=0 tlast=0 trdy=1
[CPP-FLUSH] iter=1605 tvalid=0 tlast=0 trdy=1
[CPP-FLUSH] iter=1606 tvalid=0 tlast=0 trdy=1
[CPP-FLUSH] iter=1607 tvalid=0 tlast=0 trdy=1
[CPP-FLUSH] iter=1608 tvalid=0 tlast=0 trdy=1
[CPP-FLUSH] iter=1609 tvalid=0 tlast=0 trdy=1
[CPP-FLUSH] iter=1610 tvalid=0 tlast=0 trdy=1
[CPP-FLUSH] iter=1611 tvalid=0 tlast=0 trdy=1
[CPP-FLUSH] iter=1612 tvalid=0 tlast=0 trdy=1
[CPP-FLUSH] iter=1613 tvalid=0 tlast=0 trdy=1
[CPP-FLUSH] iter=1614 tvalid=0 tlast=0 trdy=1
[CPP-FLUSH] iter=1615 tvalid=0 tlast=0 trdy=1
[CPP-FLUSH] iter=1616 tvalid=0 tlast=0 trdy=1
[CPP-FLUSH] iter=1617 tvalid=0 tlast=0 trdy=1
[CPP-FLUSH] iter=1618 tvalid=0 tlast=0 trdy=1
[CPP-FLUSH] iter=1619 tvalid=0 tlast=0 trdy=1
[CPP-FLUSH] iter=1620 tvalid=0 tlast=0 trdy=1
[CPP-FLUSH] iter=1621 tvalid=0 tlast=0 trdy=1
[CPP-FLUSH] iter=1622 tvalid=0 tlast=0 trdy=1
[CPP-FLUSH] iter=1623 tvalid=0 tlast=0 trdy=1
[CPP-FLUSH] iter=1624 tvalid=0 tlast=0 trdy=1
[CPP-FLUSH] iter=1625 tvalid=0 tlast=0 trdy=1
[CPP-FLUSH] iter=1626 tvalid=0 tlast=0 trdy=1
[CPP-FLUSH] iter=1627 tvalid=0 tlast=0 trdy=1
[CPP-FLUSH] iter=1628 tvalid=0 tlast=0 trdy=1
[CPP-FLUSH] iter=1629 tvalid=0 tlast=0 trdy=1
[CPP-FLUSH] iter=1630 tvalid=0 tlast=0 trdy=1
[CPP-FLUSH] iter=1631 tvalid=0 tlast=0 trdy=1
[CPP-FLUSH] iter=1632 tvalid=0 tlast=0 trdy=1
[CPP-FLUSH] iter=1633 tvalid=0 tlast=0 trdy=1
[CPP-FLUSH] iter=1634 tvalid=0 tlast=0 trdy=1
[CPP-FLUSH] iter=1635 tvalid=0 tlast=0 trdy=1
[CPP-FLUSH] iter=1636 tvalid=0 tlast=0 trdy=1
[CPP-FLUSH] iter=1637 tvalid=0 tlast=0 trdy=1
[CPP-FLUSH] iter=1638 tvalid=0 tlast=0 trdy=1
[CPP-FLUSH] iter=1639 tvalid=0 tlast=0 trdy=1
[CPP-FLUSH] iter=1640 tvalid=0 tlast=0 trdy=1
[CPP-FLUSH] iter=1641 tvalid=0 tlast=0 trdy=1
[CPP-FLUSH] iter=1642 tvalid=0 tlast=0 trdy=1
[CPP-FLUSH] iter=1643 tvalid=0 tlast=0 trdy=1
[CPP-FLUSH] iter=1644 tvalid=0 tlast=0 trdy=1
[CPP-FLUSH] iter=1645 tvalid=0 tlast=0 trdy=1
[CPP-FLUSH] iter=1646 tvalid=0 tlast=0 trdy=1
[CPP-FLUSH] iter=1647 tvalid=0 tlast=0 trdy=1
[CPP-FLUSH] iter=1648 tvalid=0 tlast=0 trdy=1
[CPP-FLUSH] iter=1649 tvalid=0 tlast=0 trdy=1
[CPP-FLUSH] iter=1650 tvalid=0 tlast=0 trdy=1
[CPP-FLUSH] iter=1651 tvalid=0 tlast=0 trdy=1
[CPP-FLUSH] iter=1652 tvalid=0 tlast=0 trdy=1
[CPP-FLUSH] iter=1653 tvalid=0 tlast=0 trdy=1
[CPP-FLUSH] iter=1654 tvalid=0 tlast=0 trdy=1
[CPP-FLUSH] iter=1655 tvalid=0 tlast=0 trdy=1
[CPP-FLUSH] iter=1656 tvalid=0 tlast=0 trdy=1
[CPP-FLUSH] iter=1657 tvalid=0 tlast=0 trdy=1
[CPP-FLUSH] iter=1658 tvalid=0 tlast=0 trdy=1
[CPP-FLUSH] iter=1659 tvalid=0 tlast=0 trdy=1
[CPP-FLUSH] iter=1660 tvalid=0 tlast=0 trdy=1
[CPP-FLUSH] iter=1661 tvalid=0 tlast=0 trdy=1
[CPP-FLUSH] iter=1662 tvalid=0 tlast=0 trdy=1
[CPP-FLUSH] iter=1663 tvalid=0 tlast=0 trdy=1
[CPP-FLUSH] iter=1664 tvalid=0 tlast=0 trdy=1
[CPP-FLUSH] iter=1665 tvalid=0 tlast=0 trdy=1
[CPP-FLUSH] iter=1666 tvalid=0 tlast=0 trdy=1
[CPP-FLUSH] iter=1667 tvalid=0 tlast=0 trdy=1
[CPP-FLUSH] iter=1668 tvalid=0 tlast=0 trdy=1
[CPP-FLUSH] iter=1669 tvalid=0 tlast=0 trdy=1
[CPP-FLUSH] iter=1670 tvalid=0 tlast=0 trdy=1
[CPP-FLUSH] iter=1671 tvalid=0 tlast=0 trdy=1
[CPP-FLUSH] iter=1672 tvalid=0 tlast=0 trdy=1
[CPP-FLUSH] iter=1673 tvalid=0 tlast=0 trdy=1
[CPP-FLUSH] iter=1674 tvalid=0 tlast=0 trdy=1
[CPP-FLUSH] iter=1675 tvalid=0 tlast=0 trdy=1
[CPP-FLUSH] iter=1676 tvalid=0 tlast=0 trdy=1
[CPP-FLUSH] iter=1677 tvalid=0 tlast=0 trdy=1
[CPP-FLUSH] iter=1678 tvalid=0 tlast=0 trdy=1
[CPP-FLUSH] iter=1679 tvalid=0 tlast=0 trdy=1
[CPP-FLUSH] iter=1680 tvalid=0 tlast=0 trdy=1
[CPP-FLUSH] iter=1681 tvalid=0 tlast=0 trdy=1
[CPP-FLUSH] iter=1682 tvalid=0 tlast=0 trdy=1
[CPP-FLUSH] iter=1683 tvalid=0 tlast=0 trdy=1
[CPP-FLUSH] iter=1684 tvalid=0 tlast=0 trdy=1
[CPP-FLUSH] iter=1685 tvalid=0 tlast=0 trdy=1
[CPP-FLUSH] iter=1686 tvalid=0 tlast=0 trdy=1
[CPP-FLUSH] iter=1687 tvalid=0 tlast=0 trdy=1
[CPP-FLUSH] iter=1688 tvalid=0 tlast=0 trdy=1
[CPP-FLUSH] iter=1689 tvalid=0 tlast=0 trdy=1
[CPP-FLUSH] iter=1690 tvalid=0 tlast=0 trdy=1
[CPP-FLUSH] iter=1691 tvalid=0 tlast=0 trdy=1
[CPP-FLUSH] iter=1692 tvalid=0 tlast=0 trdy=1
[CPP-FLUSH] iter=1693 tvalid=0 tlast=0 trdy=1
[CPP-FLUSH] iter=1694 tvalid=0 tlast=0 trdy=1
[CPP-FLUSH] iter=1695 tvalid=0 tlast=0 trdy=1
[CPP-FLUSH] iter=1696 tvalid=0 tlast=0 trdy=1
[CPP-FLUSH] iter=1697 tvalid=0 tlast=0 trdy=1
[CPP-FLUSH] iter=1698 tvalid=0 tlast=0 trdy=1
[CPP-FLUSH] iter=1699 tvalid=0 tlast=0 trdy=1
[CPP-FLUSH] iter=1700 tvalid=0 tlast=0 trdy=1
[CPP-FLUSH] iter=1701 tvalid=0 tlast=0 trdy=1
[CPP-FLUSH] iter=1702 tvalid=0 tlast=0 trdy=1
[CPP-FLUSH] iter=1703 tvalid=0 tlast=0 trdy=1
[CPP-FLUSH] iter=1704 tvalid=0 tlast=0 trdy=1
[CPP-FLUSH] iter=1705 tvalid=0 tlast=0 trdy=1
[CPP-FLUSH] iter=1706 tvalid=0 tlast=0 trdy=1
[CPP-FLUSH] iter=1707 tvalid=0 tlast=0 trdy=1
[CPP-FLUSH] iter=1708 tvalid=0 tlast=0 trdy=1
[CPP-FLUSH] iter=1709 tvalid=0 tlast=0 trdy=1
[CPP-FLUSH] iter=1710 tvalid=0 tlast=0 trdy=1
[CPP-FLUSH] iter=1711 tvalid=0 tlast=0 trdy=1
[CPP-FLUSH] iter=1712 tvalid=0 tlast=0 trdy=1
[CPP-FLUSH] iter=1713 tvalid=0 tlast=0 trdy=1
[CPP-FLUSH] iter=1714 tvalid=0 tlast=0 trdy=1
[CPP-FLUSH] iter=1715 tvalid=0 tlast=0 trdy=1
[CPP-FLUSH] iter=1716 tvalid=0 tlast=0 trdy=1
[CPP-FLUSH] iter=1717 tvalid=0 tlast=0 trdy=1
[CPP-FLUSH] iter=1718 tvalid=0 tlast=0 trdy=1
[CPP-FLUSH] iter=1719 tvalid=0 tlast=0 trdy=1
[CPP-FLUSH] iter=1720 tvalid=0 tlast=0 trdy=1
[CPP-FLUSH] iter=1721 tvalid=0 tlast=0 trdy=1
[CPP-FLUSH] iter=1722 tvalid=0 tlast=0 trdy=1
[CPP-FLUSH] iter=1723 tvalid=0 tlast=0 trdy=1
[CPP-FLUSH] iter=1724 tvalid=0 tlast=0 trdy=1
[CPP-FLUSH] iter=1725 tvalid=0 tlast=0 trdy=1
[CPP-FLUSH] iter=1726 tvalid=0 tlast=0 trdy=1
[CPP-FLUSH] iter=1727 tvalid=0 tlast=0 trdy=1
[CPP-FLUSH] iter=1728 tvalid=0 tlast=0 trdy=1
[CPP-FLUSH] iter=1729 tvalid=0 tlast=0 trdy=1
[CPP-FLUSH] iter=1730 tvalid=0 tlast=0 trdy=1
[CPP-FLUSH] iter=1731 tvalid=0 tlast=0 trdy=1
[CPP-FLUSH] iter=1732 tvalid=0 tlast=0 trdy=1
[CPP-FLUSH] iter=1733 tvalid=0 tlast=0 trdy=1
[CPP-FLUSH] iter=1734 tvalid=0 tlast=0 trdy=1
[CPP-FLUSH] iter=1735 tvalid=0 tlast=0 trdy=1
[CPP-FLUSH] iter=1736 tvalid=0 tlast=0 trdy=1
[CPP-FLUSH] iter=1737 tvalid=0 tlast=0 trdy=1
[CPP-FLUSH] iter=1738 tvalid=0 tlast=0 trdy=1
[CPP-FLUSH] iter=1739 tvalid=0 tlast=0 trdy=1
[CPP-FLUSH] iter=1740 tvalid=0 tlast=0 trdy=1
[CPP-FLUSH] iter=1741 tvalid=0 tlast=0 trdy=1
[CPP-FLUSH] iter=1742 tvalid=0 tlast=0 trdy=1
[CPP-FLUSH] iter=1743 tvalid=0 tlast=0 trdy=1
[CPP-FLUSH] iter=1744 tvalid=0 tlast=0 trdy=1
[CPP-FLUSH] iter=1745 tvalid=0 tlast=0 trdy=1
[CPP-FLUSH] iter=1746 tvalid=0 tlast=0 trdy=1
[CPP-FLUSH] iter=1747 tvalid=0 tlast=0 trdy=1
[CPP-FLUSH] iter=1748 tvalid=0 tlast=0 trdy=1
[CPP-FLUSH] iter=1749 tvalid=0 tlast=0 trdy=1
[CPP-FLUSH] iter=1750 tvalid=0 tlast=0 trdy=1
[CPP-FLUSH] iter=1751 tvalid=0 tlast=0 trdy=1
[CPP-FLUSH] iter=1752 tvalid=0 tlast=0 trdy=1
[CPP-FLUSH] iter=1753 tvalid=0 tlast=0 trdy=1
[CPP-FLUSH] iter=1754 tvalid=0 tlast=0 trdy=1
[CPP-FLUSH] iter=1755 tvalid=0 tlast=0 trdy=1
[CPP-FLUSH] iter=1756 tvalid=0 tlast=0 trdy=1
[CPP-FLUSH] iter=1757 tvalid=0 tlast=0 trdy=1
[CPP-FLUSH] iter=1758 tvalid=0 tlast=0 trdy=1
[CPP-FLUSH] iter=1759 tvalid=0 tlast=0 trdy=1
[CPP-FLUSH] iter=1760 tvalid=0 tlast=0 trdy=1
[CPP-FLUSH] iter=1761 tvalid=0 tlast=0 trdy=1
[CPP-FLUSH] iter=1762 tvalid=0 tlast=0 trdy=1
[CPP-FLUSH] iter=1763 tvalid=0 tlast=0 trdy=1
[CPP-FLUSH] iter=1764 tvalid=0 tlast=0 trdy=1
[CPP-FLUSH] iter=1765 tvalid=0 tlast=0 trdy=1
[CPP-FLUSH] iter=1766 tvalid=0 tlast=0 trdy=1
[CPP-FLUSH] iter=1767 tvalid=0 tlast=0 trdy=1
[CPP-FLUSH] iter=1768 tvalid=0 tlast=0 trdy=1
[CPP-FLUSH] iter=1769 tvalid=0 tlast=0 trdy=1
[CPP-FLUSH] iter=1770 tvalid=0 tlast=0 trdy=1
[CPP-FLUSH] iter=1771 tvalid=0 tlast=0 trdy=1
[CPP-FLUSH] iter=1772 tvalid=0 tlast=0 trdy=1
[CPP-FLUSH] iter=1773 tvalid=0 tlast=0 trdy=1
[CPP-FLUSH] iter=1774 tvalid=0 tlast=0 trdy=1
[CPP-FLUSH] iter=1775 tvalid=0 tlast=0 trdy=1
[CPP-FLUSH] iter=1776 tvalid=0 tlast=0 trdy=1
[CPP-FLUSH] iter=1777 tvalid=0 tlast=0 trdy=1
[CPP-FLUSH] iter=1778 tvalid=0 tlast=0 trdy=1
[CPP-FLUSH] iter=1779 tvalid=0 tlast=0 trdy=1
[CPP-FLUSH] iter=1780 tvalid=0 tlast=0 trdy=1
[CPP-FLUSH] iter=1781 tvalid=0 tlast=0 trdy=1
[CPP-FLUSH] iter=1782 tvalid=0 tlast=0 trdy=1
[CPP-FLUSH] iter=1783 tvalid=0 tlast=0 trdy=1
[CPP-FLUSH] iter=1784 tvalid=0 tlast=0 trdy=1
[CPP-FLUSH] iter=1785 tvalid=0 tlast=0 trdy=1
[CPP-FLUSH] iter=1786 tvalid=0 tlast=0 trdy=1
[CPP-FLUSH] iter=1787 tvalid=0 tlast=0 trdy=1
[CPP-FLUSH] iter=1788 tvalid=0 tlast=0 trdy=1
[CPP-FLUSH] iter=1789 tvalid=0 tlast=0 trdy=1
[CPP-FLUSH] iter=1790 tvalid=0 tlast=0 trdy=1
[CPP-FLUSH] iter=1791 tvalid=0 tlast=0 trdy=1
[CPP-FLUSH] iter=1792 tvalid=0 tlast=0 trdy=1
[CPP-FLUSH] iter=1793 tvalid=0 tlast=0 trdy=1
[CPP-FLUSH] iter=1794 tvalid=0 tlast=0 trdy=1
[CPP-FLUSH] iter=1795 tvalid=0 tlast=0 trdy=1
[CPP-FLUSH] iter=1796 tvalid=0 tlast=0 trdy=1
[CPP-FLUSH] iter=1797 tvalid=0 tlast=0 trdy=1
[CPP-FLUSH] iter=1798 tvalid=0 tlast=0 trdy=1
[CPP-FLUSH] iter=1799 tvalid=0 tlast=0 trdy=1
[CPP-FLUSH] iter=1800 tvalid=0 tlast=0 trdy=1
[CPP-FLUSH] iter=1801 tvalid=0 tlast=0 trdy=1
[CPP-FLUSH] iter=1802 tvalid=0 tlast=0 trdy=1
[CPP-FLUSH] iter=1803 tvalid=0 tlast=0 trdy=1
[CPP-FLUSH] iter=1804 tvalid=0 tlast=0 trdy=1
[CPP-FLUSH] iter=1805 tvalid=0 tlast=0 trdy=1
[CPP-FLUSH] iter=1806 tvalid=0 tlast=0 trdy=1
[CPP-FLUSH] iter=1807 tvalid=0 tlast=0 trdy=1
[CPP-FLUSH] iter=1808 tvalid=0 tlast=0 trdy=1
[CPP-FLUSH] iter=1809 tvalid=0 tlast=0 trdy=1
[CPP-FLUSH] iter=1810 tvalid=0 tlast=0 trdy=1
[CPP-FLUSH] iter=1811 tvalid=0 tlast=0 trdy=1
[CPP-FLUSH] iter=1812 tvalid=0 tlast=0 trdy=1
[CPP-FLUSH] iter=1813 tvalid=0 tlast=0 trdy=1
[CPP-FLUSH] iter=1814 tvalid=0 tlast=0 trdy=1
[CPP-FLUSH] iter=1815 tvalid=0 tlast=0 trdy=1
[CPP-FLUSH] iter=1816 tvalid=0 tlast=0 trdy=1
[CPP-FLUSH] iter=1817 tvalid=0 tlast=0 trdy=1
[CPP-FLUSH] iter=1818 tvalid=0 tlast=0 trdy=1
[CPP-FLUSH] iter=1819 tvalid=0 tlast=0 trdy=1
[CPP-FLUSH] iter=1820 tvalid=0 tlast=0 trdy=1
[CPP-FLUSH] iter=1821 tvalid=0 tlast=0 trdy=1
[CPP-FLUSH] iter=1822 tvalid=0 tlast=0 trdy=1
[CPP-FLUSH] iter=1823 tvalid=0 tlast=0 trdy=1
[CPP-FLUSH] iter=1824 tvalid=0 tlast=0 trdy=1
[CPP-FLUSH] iter=1825 tvalid=0 tlast=0 trdy=1
[CPP-FLUSH] iter=1826 tvalid=0 tlast=0 trdy=1
[CPP-FLUSH] iter=1827 tvalid=0 tlast=0 trdy=1
[CPP-FLUSH] iter=1828 tvalid=0 tlast=0 trdy=1
[CPP-FLUSH] iter=1829 tvalid=0 tlast=0 trdy=1
[CPP-FLUSH] iter=1830 tvalid=0 tlast=0 trdy=1
[CPP-FLUSH] iter=1831 tvalid=0 tlast=0 trdy=1
[CPP-FLUSH] iter=1832 tvalid=0 tlast=0 trdy=1
[CPP-FLUSH] iter=1833 tvalid=0 tlast=0 trdy=1
[CPP-FLUSH] iter=1834 tvalid=0 tlast=0 trdy=1
[CPP-FLUSH] iter=1835 tvalid=0 tlast=0 trdy=1
[CPP-FLUSH] iter=1836 tvalid=0 tlast=0 trdy=1
[CPP-FLUSH] iter=1837 tvalid=0 tlast=0 trdy=1
[CPP-FLUSH] iter=1838 tvalid=0 tlast=0 trdy=1
[CPP-FLUSH] iter=1839 tvalid=0 tlast=0 trdy=1
[CPP-FLUSH] iter=1840 tvalid=0 tlast=0 trdy=1
[CPP-FLUSH] iter=1841 tvalid=0 tlast=0 trdy=1
[CPP-FLUSH] iter=1842 tvalid=0 tlast=0 trdy=1
[CPP-FLUSH] iter=1843 tvalid=0 tlast=0 trdy=1
[CPP-FLUSH] iter=1844 tvalid=0 tlast=0 trdy=1
[CPP-FLUSH] iter=1845 tvalid=0 tlast=0 trdy=1
[CPP-FLUSH] iter=1846 tvalid=0 tlast=0 trdy=1
[CPP-FLUSH] iter=1847 tvalid=0 tlast=0 trdy=1
[CPP-FLUSH] iter=1848 tvalid=0 tlast=0 trdy=1
[CPP-FLUSH] iter=1849 tvalid=0 tlast=0 trdy=1
[CPP-FLUSH] iter=1850 tvalid=0 tlast=0 trdy=1
[CPP-FLUSH] iter=1851 tvalid=0 tlast=0 trdy=1
[CPP-FLUSH] iter=1852 tvalid=0 tlast=0 trdy=1
[CPP-FLUSH] iter=1853 tvalid=0 tlast=0 trdy=1
[CPP-FLUSH] iter=1854 tvalid=0 tlast=0 trdy=1
[CPP-FLUSH] iter=1855 tvalid=0 tlast=0 trdy=1
[CPP-FLUSH] iter=1856 tvalid=0 tlast=0 trdy=1
[CPP-FLUSH] iter=1857 tvalid=0 tlast=0 trdy=1
[CPP-FLUSH] iter=1858 tvalid=0 tlast=0 trdy=1
[CPP-FLUSH] iter=1859 tvalid=0 tlast=0 trdy=1
[CPP-FLUSH] iter=1860 tvalid=0 tlast=0 trdy=1
[CPP-FLUSH] iter=1861 tvalid=0 tlast=0 trdy=1
[CPP-FLUSH] iter=1862 tvalid=0 tlast=0 trdy=1
[CPP-FLUSH] iter=1863 tvalid=0 tlast=0 trdy=1
[CPP-FLUSH] iter=1864 tvalid=0 tlast=0 trdy=1
[CPP-FLUSH] iter=1865 tvalid=0 tlast=0 trdy=1
[CPP-FLUSH] iter=1866 tvalid=0 tlast=0 trdy=1
[CPP-FLUSH] iter=1867 tvalid=0 tlast=0 trdy=1
[CPP-FLUSH] iter=1868 tvalid=0 tlast=0 trdy=1
[CPP-FLUSH] iter=1869 tvalid=0 tlast=0 trdy=1
[CPP-FLUSH] iter=1870 tvalid=0 tlast=0 trdy=1
[CPP-FLUSH] iter=1871 tvalid=0 tlast=0 trdy=1
[CPP-FLUSH] iter=1872 tvalid=0 tlast=0 trdy=1
[CPP-FLUSH] iter=1873 tvalid=0 tlast=0 trdy=1
[CPP-FLUSH] iter=1874 tvalid=0 tlast=0 trdy=1
[CPP-FLUSH] iter=1875 tvalid=0 tlast=0 trdy=1
[CPP-FLUSH] iter=1876 tvalid=0 tlast=0 trdy=1
[CPP-FLUSH] iter=1877 tvalid=0 tlast=0 trdy=1
[CPP-FLUSH] iter=1878 tvalid=0 tlast=0 trdy=1
[CPP-FLUSH] iter=1879 tvalid=0 tlast=0 trdy=1
[CPP-FLUSH] iter=1880 tvalid=0 tlast=0 trdy=1
[CPP-FLUSH] iter=1881 tvalid=0 tlast=0 trdy=1
[CPP-FLUSH] iter=1882 tvalid=0 tlast=0 trdy=1
[CPP-FLUSH] iter=1883 tvalid=0 tlast=0 trdy=1
[CPP-FLUSH] iter=1884 tvalid=0 tlast=0 trdy=1
[CPP-FLUSH] iter=1885 tvalid=0 tlast=0 trdy=1
[CPP-FLUSH] iter=1886 tvalid=0 tlast=0 trdy=1
[CPP-FLUSH] iter=1887 tvalid=0 tlast=0 trdy=1
[CPP-FLUSH] iter=1888 tvalid=0 tlast=0 trdy=1
[CPP-FLUSH] iter=1889 tvalid=0 tlast=0 trdy=1
[CPP-FLUSH] iter=1890 tvalid=0 tlast=0 trdy=1
[CPP-FLUSH] iter=1891 tvalid=0 tlast=0 trdy=1
[CPP-FLUSH] iter=1892 tvalid=0 tlast=0 trdy=1
[CPP-FLUSH] iter=1893 tvalid=0 tlast=0 trdy=1
[CPP-FLUSH] iter=1894 tvalid=0 tlast=0 trdy=1
[CPP-FLUSH] iter=1895 tvalid=0 tlast=0 trdy=1
[CPP-FLUSH] iter=1896 tvalid=0 tlast=0 trdy=1
[CPP-FLUSH] iter=1897 tvalid=0 tlast=0 trdy=1
[CPP-FLUSH] iter=1898 tvalid=0 tlast=0 trdy=1
[CPP-FLUSH] iter=1899 tvalid=0 tlast=0 trdy=1
[CPP-FLUSH] iter=1900 tvalid=0 tlast=0 trdy=1
[CPP-FLUSH] iter=1901 tvalid=0 tlast=0 trdy=1
[CPP-FLUSH] iter=1902 tvalid=0 tlast=0 trdy=1
[CPP-FLUSH] iter=1903 tvalid=0 tlast=0 trdy=1
[CPP-FLUSH] iter=1904 tvalid=0 tlast=0 trdy=1
[CPP-FLUSH] iter=1905 tvalid=0 tlast=0 trdy=1
[CPP-FLUSH] iter=1906 tvalid=0 tlast=0 trdy=1
[CPP-FLUSH] iter=1907 tvalid=0 tlast=0 trdy=1
[CPP-FLUSH] iter=1908 tvalid=0 tlast=0 trdy=1
[CPP-FLUSH] iter=1909 tvalid=0 tlast=0 trdy=1
[CPP-FLUSH] iter=1910 tvalid=0 tlast=0 trdy=1
[CPP-FLUSH] iter=1911 tvalid=0 tlast=0 trdy=1
[CPP-FLUSH] iter=1912 tvalid=0 tlast=0 trdy=1
[CPP-FLUSH] iter=1913 tvalid=0 tlast=0 trdy=1
[CPP-FLUSH] iter=1914 tvalid=0 tlast=0 trdy=1
[CPP-FLUSH] iter=1915 tvalid=0 tlast=0 trdy=1
[CPP-FLUSH] iter=1916 tvalid=0 tlast=0 trdy=1
[CPP-FLUSH] iter=1917 tvalid=0 tlast=0 trdy=1
[CPP-FLUSH] iter=1918 tvalid=0 tlast=0 trdy=1
[CPP-FLUSH] iter=1919 tvalid=0 tlast=0 trdy=1
[CPP-FLUSH] iter=1920 tvalid=0 tlast=0 trdy=1
[CPP-FLUSH] iter=1921 tvalid=0 tlast=0 trdy=1
[CPP-FLUSH] iter=1922 tvalid=0 tlast=0 trdy=1
[CPP-FLUSH] iter=1923 tvalid=0 tlast=0 trdy=1
[CPP-FLUSH] iter=1924 tvalid=0 tlast=0 trdy=1
[CPP-FLUSH] iter=1925 tvalid=0 tlast=0 trdy=1
[CPP-FLUSH] iter=1926 tvalid=0 tlast=0 trdy=1
[CPP-FLUSH] iter=1927 tvalid=0 tlast=0 trdy=1
[CPP-FLUSH] iter=1928 tvalid=0 tlast=0 trdy=1
[CPP-FLUSH] iter=1929 tvalid=0 tlast=0 trdy=1
[CPP-FLUSH] iter=1930 tvalid=0 tlast=0 trdy=1
[CPP-FLUSH] iter=1931 tvalid=0 tlast=0 trdy=1
[CPP-FLUSH] iter=1932 tvalid=0 tlast=0 trdy=1
[CPP-FLUSH] iter=1933 tvalid=0 tlast=0 trdy=1
[CPP-FLUSH] iter=1934 tvalid=0 tlast=0 trdy=1
[CPP-FLUSH] iter=1935 tvalid=0 tlast=0 trdy=1
[CPP-FLUSH] iter=1936 tvalid=0 tlast=0 trdy=1
[CPP-FLUSH] iter=1937 tvalid=0 tlast=0 trdy=1
[CPP-FLUSH] iter=1938 tvalid=0 tlast=0 trdy=1
[CPP-FLUSH] iter=1939 tvalid=0 tlast=0 trdy=1
[CPP-FLUSH] iter=1940 tvalid=0 tlast=0 trdy=1
[CPP-FLUSH] iter=1941 tvalid=0 tlast=0 trdy=1
[CPP-FLUSH] iter=1942 tvalid=0 tlast=0 trdy=1
[CPP-FLUSH] iter=1943 tvalid=0 tlast=0 trdy=1
[CPP-FLUSH] iter=1944 tvalid=0 tlast=0 trdy=1
[CPP-FLUSH] iter=1945 tvalid=0 tlast=0 trdy=1
[CPP-FLUSH] iter=1946 tvalid=0 tlast=0 trdy=1
[CPP-FLUSH] iter=1947 tvalid=0 tlast=0 trdy=1
[CPP-FLUSH] iter=1948 tvalid=0 tlast=0 trdy=1
[CPP-FLUSH] iter=1949 tvalid=0 tlast=0 trdy=1
[CPP-FLUSH] iter=1950 tvalid=0 tlast=0 trdy=1
[CPP-FLUSH] iter=1951 tvalid=0 tlast=0 trdy=1
[CPP-FLUSH] iter=1952 tvalid=0 tlast=0 trdy=1
[CPP-FLUSH] iter=1953 tvalid=0 tlast=0 trdy=1
[CPP-FLUSH] iter=1954 tvalid=0 tlast=0 trdy=1
[CPP-FLUSH] iter=1955 tvalid=0 tlast=0 trdy=1
[CPP-FLUSH] iter=1956 tvalid=0 tlast=0 trdy=1
[CPP-FLUSH] iter=1957 tvalid=0 tlast=0 trdy=1
[CPP-FLUSH] iter=1958 tvalid=0 tlast=0 trdy=1
[CPP-FLUSH] iter=1959 tvalid=0 tlast=0 trdy=1
[CPP-FLUSH] iter=1960 tvalid=0 tlast=0 trdy=1
[CPP-FLUSH] iter=1961 tvalid=0 tlast=0 trdy=1
[CPP-FLUSH] iter=1962 tvalid=0 tlast=0 trdy=1
[CPP-FLUSH] iter=1963 tvalid=0 tlast=0 trdy=1
[CPP-FLUSH] iter=1964 tvalid=0 tlast=0 trdy=1
[CPP-FLUSH] iter=1965 tvalid=0 tlast=0 trdy=1
[CPP-FLUSH] iter=1966 tvalid=0 tlast=0 trdy=1
[CPP-FLUSH] iter=1967 tvalid=0 tlast=0 trdy=1
[CPP-FLUSH] iter=1968 tvalid=0 tlast=0 trdy=1
[CPP-FLUSH] iter=1969 tvalid=0 tlast=0 trdy=1
[CPP-FLUSH] iter=1970 tvalid=0 tlast=0 trdy=1
[CPP-FLUSH] iter=1971 tvalid=0 tlast=0 trdy=1
[CPP-FLUSH] iter=1972 tvalid=0 tlast=0 trdy=1
[CPP-FLUSH] iter=1973 tvalid=0 tlast=0 trdy=1
[CPP-FLUSH] iter=1974 tvalid=0 tlast=0 trdy=1
[CPP-FLUSH] iter=1975 tvalid=0 tlast=0 trdy=1
[CPP-FLUSH] iter=1976 tvalid=0 tlast=0 trdy=1
[CPP-FLUSH] iter=1977 tvalid=0 tlast=0 trdy=1
[CPP-FLUSH] iter=1978 tvalid=0 tlast=0 trdy=1
[CPP-FLUSH] iter=1979 tvalid=0 tlast=0 trdy=1
[CPP-FLUSH] iter=1980 tvalid=0 tlast=0 trdy=1
[CPP-FLUSH] iter=1981 tvalid=0 tlast=0 trdy=1
[CPP-FLUSH] iter=1982 tvalid=0 tlast=0 trdy=1
[CPP-FLUSH] iter=1983 tvalid=0 tlast=0 trdy=1
[CPP-FLUSH] iter=1984 tvalid=0 tlast=0 trdy=1
[CPP-FLUSH] iter=1985 tvalid=0 tlast=0 trdy=1
[CPP-FLUSH] iter=1986 tvalid=0 tlast=0 trdy=1
[CPP-FLUSH] iter=1987 tvalid=0 tlast=0 trdy=1
[CPP-FLUSH] iter=1988 tvalid=0 tlast=0 trdy=1
[CPP-FLUSH] iter=1989 tvalid=0 tlast=0 trdy=1
[CPP-FLUSH] iter=1990 tvalid=0 tlast=0 trdy=1
[CPP-FLUSH] iter=1991 tvalid=0 tlast=0 trdy=1
[CPP-FLUSH] iter=1992 tvalid=0 tlast=0 trdy=1
[CPP-FLUSH] iter=1993 tvalid=0 tlast=0 trdy=1
[CPP-FLUSH] iter=1994 tvalid=0 tlast=0 trdy=1
[CPP-FLUSH] iter=1995 tvalid=0 tlast=0 trdy=1
[CPP-FLUSH] iter=1996 tvalid=0 tlast=0 trdy=1
[CPP-FLUSH] iter=1997 tvalid=0 tlast=0 trdy=1
[CPP-FLUSH] iter=1998 tvalid=0 tlast=0 trdy=1
[CPP-FLUSH] iter=1999 tvalid=0 tlast=0 trdy=1
[CPP-FLUSH] iter=2000 tvalid=0 tlast=0 trdy=1
[CPP-FLUSH] iter=2001 tvalid=0 tlast=0 trdy=1
[CPP-FLUSH] iter=2002 tvalid=0 tlast=0 trdy=1
[CPP-FLUSH] iter=2003 tvalid=0 tlast=0 trdy=1
[CPP-FLUSH] iter=2004 tvalid=0 tlast=0 trdy=1
[CPP-FLUSH] iter=2005 tvalid=0 tlast=0 trdy=1
[CPP-FLUSH] iter=2006 tvalid=0 tlast=0 trdy=1
[CPP-FLUSH] iter=2007 tvalid=0 tlast=0 trdy=1
[CPP-FLUSH] iter=2008 tvalid=0 tlast=0 trdy=1
[CPP-FLUSH] iter=2009 tvalid=0 tlast=0 trdy=1
[CPP-FLUSH] iter=2010 tvalid=0 tlast=0 trdy=1
[CPP-FLUSH] iter=2011 tvalid=0 tlast=0 trdy=1
[CPP-FLUSH] iter=2012 tvalid=0 tlast=0 trdy=1
[CPP-FLUSH] iter=2013 tvalid=0 tlast=0 trdy=1
[CPP-FLUSH] iter=2014 tvalid=0 tlast=0 trdy=1
[CPP-FLUSH] iter=2015 tvalid=0 tlast=0 trdy=1
[CPP-FLUSH] iter=2016 tvalid=0 tlast=0 trdy=1
[CPP-FLUSH] iter=2017 tvalid=0 tlast=0 trdy=1
[CPP-FLUSH] iter=2018 tvalid=0 tlast=0 trdy=1
[CPP-FLUSH] iter=2019 tvalid=0 tlast=0 trdy=1
[CPP-FLUSH] iter=2020 tvalid=0 tlast=0 trdy=1
[CPP-FLUSH] iter=2021 tvalid=0 tlast=0 trdy=1
[CPP-FLUSH] iter=2022 tvalid=0 tlast=0 trdy=1
[CPP-FLUSH] iter=2023 tvalid=0 tlast=0 trdy=1
[CPP-FLUSH] iter=2024 tvalid=0 tlast=0 trdy=1
[CPP-FLUSH] iter=2025 tvalid=0 tlast=0 trdy=1
[CPP-FLUSH] iter=2026 tvalid=0 tlast=0 trdy=1
[CPP-FLUSH] iter=2027 tvalid=0 tlast=0 trdy=1
[CPP-FLUSH] iter=2028 tvalid=0 tlast=0 trdy=1
[CPP-FLUSH] iter=2029 tvalid=0 tlast=0 trdy=1
[CPP-FLUSH] iter=2030 tvalid=0 tlast=0 trdy=1
[CPP-FLUSH] iter=2031 tvalid=0 tlast=0 trdy=1
[CPP-FLUSH] iter=2032 tvalid=0 tlast=0 trdy=1
[CPP-FLUSH] iter=2033 tvalid=0 tlast=0 trdy=1
[CPP-FLUSH] iter=2034 tvalid=0 tlast=0 trdy=1
[CPP-FLUSH] iter=2035 tvalid=0 tlast=0 trdy=1
[CPP-FLUSH] iter=2036 tvalid=0 tlast=0 trdy=1
[CPP-FLUSH] iter=2037 tvalid=0 tlast=0 trdy=1
[CPP-FLUSH] iter=2038 tvalid=0 tlast=0 trdy=1
[CPP-FLUSH] iter=2039 tvalid=0 tlast=0 trdy=1
[CPP-FLUSH] iter=2040 tvalid=0 tlast=0 trdy=1
[CPP-FLUSH] iter=2041 tvalid=0 tlast=0 trdy=1
[CPP-FLUSH] iter=2042 tvalid=0 tlast=0 trdy=1
[CPP-FLUSH] iter=2043 tvalid=0 tlast=0 trdy=1
[CPP-FLUSH] iter=2044 tvalid=0 tlast=0 trdy=1
[CPP-FLUSH] iter=2045 tvalid=0 tlast=0 trdy=1
[CPP-FLUSH] iter=2046 tvalid=0 tlast=0 trdy=1
[CPP-FLUSH] iter=2047 tvalid=0 tlast=0 trdy=1
[CPP-FLUSH] iter=2048 tvalid=0 tlast=0 trdy=1
[CPP-FLUSH] iter=2049 tvalid=0 tlast=0 trdy=1
[CPP-FLUSH] iter=2050 tvalid=0 tlast=0 trdy=1
[CPP-FLUSH] iter=2051 tvalid=0 tlast=0 trdy=1
[CPP-FLUSH] iter=2052 tvalid=0 tlast=0 trdy=1
[CPP-FLUSH] iter=2053 tvalid=0 tlast=0 trdy=1
[CPP-FLUSH] iter=2054 tvalid=0 tlast=0 trdy=1
[CPP-FLUSH] iter=2055 tvalid=0 tlast=0 trdy=1
[CPP-FLUSH] iter=2056 tvalid=0 tlast=0 trdy=1
[CPP-FLUSH] iter=2057 tvalid=0 tlast=0 trdy=1
[CPP-FLUSH] iter=2058 tvalid=0 tlast=0 trdy=1
[CPP-FLUSH] iter=2059 tvalid=0 tlast=0 trdy=1
[CPP-FLUSH] iter=2060 tvalid=0 tlast=0 trdy=1
[CPP-FLUSH] iter=2061 tvalid=0 tlast=0 trdy=1
[CPP-FLUSH] iter=2062 tvalid=0 tlast=0 trdy=1
[CPP-FLUSH] iter=2063 tvalid=0 tlast=0 trdy=1
[CPP-FLUSH] iter=2064 tvalid=0 tlast=0 trdy=1
[CPP-FLUSH] iter=2065 tvalid=0 tlast=0 trdy=1
[CPP-FLUSH] iter=2066 tvalid=0 tlast=0 trdy=1
[CPP-FLUSH] iter=2067 tvalid=0 tlast=0 trdy=1
[CPP-FLUSH] iter=2068 tvalid=0 tlast=0 trdy=1
[CPP-FLUSH] iter=2069 tvalid=0 tlast=0 trdy=1
[CPP-FLUSH] iter=2070 tvalid=0 tlast=0 trdy=1
[CPP-FLUSH] iter=2071 tvalid=0 tlast=0 trdy=1
[CPP-FLUSH] iter=2072 tvalid=0 tlast=0 trdy=1
[CPP-FLUSH] iter=2073 tvalid=0 tlast=0 trdy=1
[CPP-FLUSH] iter=2074 tvalid=0 tlast=0 trdy=1
[CPP-FLUSH] iter=2075 tvalid=0 tlast=0 trdy=1
[CPP-FLUSH] iter=2076 tvalid=0 tlast=0 trdy=1
[CPP-FLUSH] iter=2077 tvalid=0 tlast=0 trdy=1
[CPP-FLUSH] iter=2078 tvalid=0 tlast=0 trdy=1
[CPP-FLUSH] iter=2079 tvalid=0 tlast=0 trdy=1
[CPP-FLUSH] iter=2080 tvalid=0 tlast=0 trdy=1
[CPP-FLUSH] iter=2081 tvalid=0 tlast=0 trdy=1
[CPP-FLUSH] iter=2082 tvalid=0 tlast=0 trdy=1
[CPP-FLUSH] iter=2083 tvalid=0 tlast=0 trdy=1
[CPP-FLUSH] iter=2084 tvalid=0 tlast=0 trdy=1
[CPP-FLUSH] iter=2085 tvalid=0 tlast=0 trdy=1
[CPP-FLUSH] iter=2086 tvalid=0 tlast=0 trdy=1
[CPP-FLUSH] iter=2087 tvalid=0 tlast=0 trdy=1
[CPP-FLUSH] iter=2088 tvalid=0 tlast=0 trdy=1
[CPP-FLUSH] iter=2089 tvalid=0 tlast=0 trdy=1
[CPP-FLUSH] iter=2090 tvalid=0 tlast=0 trdy=1
[CPP-FLUSH] iter=2091 tvalid=0 tlast=0 trdy=1
[CPP-FLUSH] iter=2092 tvalid=0 tlast=0 trdy=1
[CPP-FLUSH] iter=2093 tvalid=0 tlast=0 trdy=1
[CPP-FLUSH] iter=2094 tvalid=0 tlast=0 trdy=1
[CPP-FLUSH] iter=2095 tvalid=0 tlast=0 trdy=1
[CPP-FLUSH] iter=2096 tvalid=0 tlast=0 trdy=1
[CPP-FLUSH] iter=2097 tvalid=0 tlast=0 trdy=1
[CPP-FLUSH] iter=2098 tvalid=0 tlast=0 trdy=1
[CPP-FLUSH] iter=2099 tvalid=0 tlast=0 trdy=1
[CPP-FLUSH] iter=2100 tvalid=0 tlast=0 trdy=1
[CPP-FLUSH] iter=2101 tvalid=0 tlast=0 trdy=1
[CPP-FLUSH] iter=2102 tvalid=0 tlast=0 trdy=1
[CPP-FLUSH] iter=2103 tvalid=0 tlast=0 trdy=1
[CPP-FLUSH] iter=2104 tvalid=0 tlast=0 trdy=1
[CPP-FLUSH] iter=2105 tvalid=0 tlast=0 trdy=1
[CPP-FLUSH] iter=2106 tvalid=0 tlast=0 trdy=1
[CPP-FLUSH] iter=2107 tvalid=0 tlast=0 trdy=1
[CPP-FLUSH] iter=2108 tvalid=0 tlast=0 trdy=1
[CPP-FLUSH] iter=2109 tvalid=0 tlast=0 trdy=1
[CPP-FLUSH] iter=2110 tvalid=0 tlast=0 trdy=1
[CPP-FLUSH] iter=2111 tvalid=0 tlast=0 trdy=1
[CPP-FLUSH] iter=2112 tvalid=0 tlast=0 trdy=1
[CPP-FLUSH] iter=2113 tvalid=0 tlast=0 trdy=1
[CPP-FLUSH] iter=2114 tvalid=0 tlast=0 trdy=1
[CPP-FLUSH] iter=2115 tvalid=0 tlast=0 trdy=1
[CPP-FLUSH] iter=2116 tvalid=0 tlast=0 trdy=1
[CPP-FLUSH] iter=2117 tvalid=0 tlast=0 trdy=1
[CPP-FLUSH] iter=2118 tvalid=0 tlast=0 trdy=1
[CPP-FLUSH] iter=2119 tvalid=0 tlast=0 trdy=1
[CPP-FLUSH] iter=2120 tvalid=0 tlast=0 trdy=1
[CPP-FLUSH] iter=2121 tvalid=0 tlast=0 trdy=1
[CPP-FLUSH] iter=2122 tvalid=0 tlast=0 trdy=1
[CPP-FLUSH] iter=2123 tvalid=0 tlast=0 trdy=1
[CPP-FLUSH] iter=2124 tvalid=0 tlast=0 trdy=1
[CPP-FLUSH] iter=2125 tvalid=0 tlast=0 trdy=1
[CPP-FLUSH] iter=2126 tvalid=0 tlast=0 trdy=1
[CPP-FLUSH] iter=2127 tvalid=0 tlast=0 trdy=1
[CPP-FLUSH] iter=2128 tvalid=0 tlast=0 trdy=1
[CPP-FLUSH] iter=2129 tvalid=0 tlast=0 trdy=1
[CPP-FLUSH] iter=2130 tvalid=0 tlast=0 trdy=1
[CPP-FLUSH] iter=2131 tvalid=0 tlast=0 trdy=1
[CPP-FLUSH] iter=2132 tvalid=0 tlast=0 trdy=1
[CPP-FLUSH] iter=2133 tvalid=0 tlast=0 trdy=1
[CPP-FLUSH] iter=2134 tvalid=0 tlast=0 trdy=1
[CPP-FLUSH] iter=2135 tvalid=0 tlast=0 trdy=1
[CPP-FLUSH] iter=2136 tvalid=0 tlast=0 trdy=1
[CPP-FLUSH] iter=2137 tvalid=0 tlast=0 trdy=1
[CPP-FLUSH] iter=2138 tvalid=0 tlast=0 trdy=1
[CPP-FLUSH] iter=2139 tvalid=0 tlast=0 trdy=1
[CPP-FLUSH] iter=2140 tvalid=0 tlast=0 trdy=1
[CPP-FLUSH] iter=2141 tvalid=0 tlast=0 trdy=1
[CPP-FLUSH] iter=2142 tvalid=0 tlast=0 trdy=1
[CPP-FLUSH] iter=2143 tvalid=0 tlast=0 trdy=1
[CPP-FLUSH] iter=2144 tvalid=0 tlast=0 trdy=1
[CPP-FLUSH] iter=2145 tvalid=0 tlast=0 trdy=1
[CPP-FLUSH] iter=2146 tvalid=0 tlast=0 trdy=1
[CPP-FLUSH] iter=2147 tvalid=0 tlast=0 trdy=1
[CPP-FLUSH] iter=2148 tvalid=0 tlast=0 trdy=1
[CPP-FLUSH] iter=2149 tvalid=0 tlast=0 trdy=1
[CPP-FLUSH] iter=2150 tvalid=0 tlast=0 trdy=1
[CPP-FLUSH] iter=2151 tvalid=0 tlast=0 trdy=1
[CPP-FLUSH] iter=2152 tvalid=0 tlast=0 trdy=1
[CPP-FLUSH] iter=2153 tvalid=0 tlast=0 trdy=1
[CPP-FLUSH] iter=2154 tvalid=0 tlast=0 trdy=1
[CPP-FLUSH] iter=2155 tvalid=0 tlast=0 trdy=1
[CPP-FLUSH] iter=2156 tvalid=0 tlast=0 trdy=1
[CPP-FLUSH] iter=2157 tvalid=0 tlast=0 trdy=1
[CPP-FLUSH] iter=2158 tvalid=0 tlast=0 trdy=1
[CPP-FLUSH] iter=2159 tvalid=0 tlast=0 trdy=1
[CPP-FLUSH] iter=2160 tvalid=0 tlast=0 trdy=1
[CPP-FLUSH] iter=2161 tvalid=0 tlast=0 trdy=1
[CPP-FLUSH] iter=2162 tvalid=0 tlast=0 trdy=1
[CPP-FLUSH] iter=2163 tvalid=0 tlast=0 trdy=1
[CPP-FLUSH] iter=2164 tvalid=0 tlast=0 trdy=1
[CPP-FLUSH] iter=2165 tvalid=0 tlast=0 trdy=1
[CPP-FLUSH] iter=2166 tvalid=0 tlast=0 trdy=1
[CPP-FLUSH] iter=2167 tvalid=0 tlast=0 trdy=1
[CPP-FLUSH] iter=2168 tvalid=0 tlast=0 trdy=1
[CPP-FLUSH] iter=2169 tvalid=0 tlast=0 trdy=1
[CPP-FLUSH] iter=2170 tvalid=0 tlast=0 trdy=1
[CPP-FLUSH] iter=2171 tvalid=0 tlast=0 trdy=1
[CPP-FLUSH] iter=2172 tvalid=0 tlast=0 trdy=1
[CPP-FLUSH] iter=2173 tvalid=0 tlast=0 trdy=1
[CPP-FLUSH] iter=2174 tvalid=0 tlast=0 trdy=1
[CPP-FLUSH] iter=2175 tvalid=0 tlast=0 trdy=1
[CPP-FLUSH] iter=2176 tvalid=0 tlast=0 trdy=1
[CPP-FLUSH] iter=2177 tvalid=0 tlast=0 trdy=1
[CPP-FLUSH] iter=2178 tvalid=0 tlast=0 trdy=1
[CPP-FLUSH] iter=2179 tvalid=0 tlast=0 trdy=1
[CPP-FLUSH] iter=2180 tvalid=0 tlast=0 trdy=1
[CPP-FLUSH] iter=2181 tvalid=0 tlast=0 trdy=1
[CPP-FLUSH] iter=2182 tvalid=0 tlast=0 trdy=1
[CPP-FLUSH] iter=2183 tvalid=0 tlast=0 trdy=1
[CPP-FLUSH] iter=2184 tvalid=0 tlast=0 trdy=1
[CPP-FLUSH] iter=2185 tvalid=0 tlast=0 trdy=1
[CPP-FLUSH] iter=2186 tvalid=0 tlast=0 trdy=1
[CPP-FLUSH] iter=2187 tvalid=0 tlast=0 trdy=1
[CPP-FLUSH] iter=2188 tvalid=0 tlast=0 trdy=1
[CPP-FLUSH] iter=2189 tvalid=0 tlast=0 trdy=1
[CPP-FLUSH] iter=2190 tvalid=0 tlast=0 trdy=1
[CPP-FLUSH] iter=2191 tvalid=0 tlast=0 trdy=1
[CPP-FLUSH] iter=2192 tvalid=0 tlast=0 trdy=1
[CPP-FLUSH] iter=2193 tvalid=0 tlast=0 trdy=1
[CPP-FLUSH] iter=2194 tvalid=0 tlast=0 trdy=1
[CPP-FLUSH] iter=2195 tvalid=0 tlast=0 trdy=1
[CPP-FLUSH] iter=2196 tvalid=0 tlast=0 trdy=1
[CPP-FLUSH] iter=2197 tvalid=0 tlast=0 trdy=1
[CPP-FLUSH] iter=2198 tvalid=0 tlast=0 trdy=1
[CPP-FLUSH] iter=2199 tvalid=0 tlast=0 trdy=1
[CPP-FLUSH] iter=2200 tvalid=0 tlast=0 trdy=1
[CPP-FLUSH] iter=2201 tvalid=0 tlast=0 trdy=1
[CPP-FLUSH] iter=2202 tvalid=0 tlast=0 trdy=1
[CPP-FLUSH] iter=2203 tvalid=0 tlast=0 trdy=1
[CPP-FLUSH] iter=2204 tvalid=0 tlast=0 trdy=1
[CPP-FLUSH] iter=2205 tvalid=0 tlast=0 trdy=1
[CPP-FLUSH] iter=2206 tvalid=0 tlast=0 trdy=1
[CPP-FLUSH] iter=2207 tvalid=0 tlast=0 trdy=1
[CPP-FLUSH] iter=2208 tvalid=0 tlast=0 trdy=1
[CPP-FLUSH] iter=2209 tvalid=0 tlast=0 trdy=1
[CPP-FLUSH] iter=2210 tvalid=0 tlast=0 trdy=1
[CPP-FLUSH] iter=2211 tvalid=0 tlast=0 trdy=1
[CPP-FLUSH] iter=2212 tvalid=0 tlast=0 trdy=1
[CPP-FLUSH] iter=2213 tvalid=0 tlast=0 trdy=1
[CPP-FLUSH] iter=2214 tvalid=0 tlast=0 trdy=1
[CPP-FLUSH] iter=2215 tvalid=0 tlast=0 trdy=1
[CPP-FLUSH] iter=2216 tvalid=0 tlast=0 trdy=1
[CPP-FLUSH] iter=2217 tvalid=0 tlast=0 trdy=1
[CPP-FLUSH] iter=2218 tvalid=0 tlast=0 trdy=1
[CPP-FLUSH] iter=2219 tvalid=0 tlast=0 trdy=1
[CPP-FLUSH] iter=2220 tvalid=0 tlast=0 trdy=1
[CPP-FLUSH] iter=2221 tvalid=0 tlast=0 trdy=1
[CPP-FLUSH] iter=2222 tvalid=0 tlast=0 trdy=1
[CPP-FLUSH] iter=2223 tvalid=0 tlast=0 trdy=1
[CPP-FLUSH] iter=2224 tvalid=0 tlast=0 trdy=1
[CPP-FLUSH] iter=2225 tvalid=0 tlast=0 trdy=1
[CPP-FLUSH] iter=2226 tvalid=0 tlast=0 trdy=1
[CPP-FLUSH] iter=2227 tvalid=0 tlast=0 trdy=1
[CPP-FLUSH] iter=2228 tvalid=0 tlast=0 trdy=1
[CPP-FLUSH] iter=2229 tvalid=0 tlast=0 trdy=1
[CPP-FLUSH] iter=2230 tvalid=0 tlast=0 trdy=1
[CPP-FLUSH] iter=2231 tvalid=0 tlast=0 trdy=1
[CPP-FLUSH] iter=2232 tvalid=0 tlast=0 trdy=1
[CPP-FLUSH] iter=2233 tvalid=0 tlast=0 trdy=1
[CPP-FLUSH] iter=2234 tvalid=0 tlast=0 trdy=1
[CPP-FLUSH] iter=2235 tvalid=0 tlast=0 trdy=1
[CPP-FLUSH] iter=2236 tvalid=0 tlast=0 trdy=1
[CPP-FLUSH] iter=2237 tvalid=0 tlast=0 trdy=1
[CPP-FLUSH] iter=2238 tvalid=0 tlast=0 trdy=1
[CPP-FLUSH] iter=2239 tvalid=0 tlast=0 trdy=1
[CPP-FLUSH] iter=2240 tvalid=0 tlast=0 trdy=1
[CPP-FLUSH] iter=2241 tvalid=0 tlast=0 trdy=1
[CPP-FLUSH] iter=2242 tvalid=0 tlast=0 trdy=1
[CPP-FLUSH] iter=2243 tvalid=0 tlast=0 trdy=1
[CPP-FLUSH] iter=2244 tvalid=0 tlast=0 trdy=1
[CPP-FLUSH] iter=2245 tvalid=0 tlast=0 trdy=1
[CPP-FLUSH] iter=2246 tvalid=0 tlast=0 trdy=1
[CPP-FLUSH] iter=2247 tvalid=0 tlast=0 trdy=1
[CPP-FLUSH] iter=2248 tvalid=0 tlast=0 trdy=1
[CPP-FLUSH] iter=2249 tvalid=0 tlast=0 trdy=1
[CPP-FLUSH] iter=2250 tvalid=0 tlast=0 trdy=1
[CPP-FLUSH] iter=2251 tvalid=0 tlast=0 trdy=1
[CPP-FLUSH] iter=2252 tvalid=0 tlast=0 trdy=1
[CPP-FLUSH] iter=2253 tvalid=0 tlast=0 trdy=1
[CPP-FLUSH] iter=2254 tvalid=0 tlast=0 trdy=1
[CPP-FLUSH] iter=2255 tvalid=0 tlast=0 trdy=1
[CPP-FLUSH] iter=2256 tvalid=0 tlast=0 trdy=1
[CPP-FLUSH] iter=2257 tvalid=0 tlast=0 trdy=1
[CPP-FLUSH] iter=2258 tvalid=0 tlast=0 trdy=1
[CPP-FLUSH] iter=2259 tvalid=0 tlast=0 trdy=1
[CPP-FLUSH] iter=2260 tvalid=0 tlast=0 trdy=1
[CPP-FLUSH] iter=2261 tvalid=0 tlast=0 trdy=1
[CPP-FLUSH] iter=2262 tvalid=0 tlast=0 trdy=1
[CPP-FLUSH] iter=2263 tvalid=0 tlast=0 trdy=1
[CPP-FLUSH] iter=2264 tvalid=0 tlast=0 trdy=1
[CPP-FLUSH] iter=2265 tvalid=0 tlast=0 trdy=1
[CPP-FLUSH] iter=2266 tvalid=0 tlast=0 trdy=1
[CPP-FLUSH] iter=2267 tvalid=0 tlast=0 trdy=1
[CPP-FLUSH] iter=2268 tvalid=0 tlast=0 trdy=1
[CPP-FLUSH] iter=2269 tvalid=0 tlast=0 trdy=1
[CPP-FLUSH] iter=2270 tvalid=0 tlast=0 trdy=1
[CPP-FLUSH] iter=2271 tvalid=0 tlast=0 trdy=1
[CPP-FLUSH] iter=2272 tvalid=0 tlast=0 trdy=1
[CPP-FLUSH] iter=2273 tvalid=0 tlast=0 trdy=1
[CPP-FLUSH] iter=2274 tvalid=0 tlast=0 trdy=1
[CPP-FLUSH] iter=2275 tvalid=0 tlast=0 trdy=1
[CPP-FLUSH] iter=2276 tvalid=0 tlast=0 trdy=1
[CPP-FLUSH] iter=2277 tvalid=0 tlast=0 trdy=1
[CPP-FLUSH] iter=2278 tvalid=0 tlast=0 trdy=1
[CPP-FLUSH] iter=2279 tvalid=0 tlast=0 trdy=1
[CPP-FLUSH] iter=2280 tvalid=0 tlast=0 trdy=1
[CPP-FLUSH] iter=2281 tvalid=0 tlast=0 trdy=1
[CPP-FLUSH] iter=2282 tvalid=0 tlast=0 trdy=1
[CPP-FLUSH] iter=2283 tvalid=0 tlast=0 trdy=1
[CPP-FLUSH] iter=2284 tvalid=0 tlast=0 trdy=1
[CPP-FLUSH] iter=2285 tvalid=0 tlast=0 trdy=1
[CPP-FLUSH] iter=2286 tvalid=0 tlast=0 trdy=1
[CPP-FLUSH] iter=2287 tvalid=0 tlast=0 trdy=1
[CPP-FLUSH] iter=2288 tvalid=0 tlast=0 trdy=1
[CPP-FLUSH] iter=2289 tvalid=0 tlast=0 trdy=1
[CPP-FLUSH] iter=2290 tvalid=0 tlast=0 trdy=1
[CPP-FLUSH] iter=2291 tvalid=0 tlast=0 trdy=1
[CPP-FLUSH] iter=2292 tvalid=0 tlast=0 trdy=1
[CPP-FLUSH] iter=2293 tvalid=0 tlast=0 trdy=1
[CPP-FLUSH] iter=2294 tvalid=0 tlast=0 trdy=1
[CPP-FLUSH] iter=2295 tvalid=0 tlast=0 trdy=1
[CPP-FLUSH] iter=2296 tvalid=0 tlast=0 trdy=1
[CPP-FLUSH] iter=2297 tvalid=0 tlast=0 trdy=1
[CPP-FLUSH] iter=2298 tvalid=0 tlast=0 trdy=1
[CPP-FLUSH] iter=2299 tvalid=0 tlast=0 trdy=1
[CPP-FLUSH] iter=2300 tvalid=0 tlast=0 trdy=1
[CPP-FLUSH] iter=2301 tvalid=0 tlast=0 trdy=1
[CPP-FLUSH] iter=2302 tvalid=0 tlast=0 trdy=1
[CPP-FLUSH] iter=2303 tvalid=0 tlast=0 trdy=1
[CPP-FLUSH] iter=2304 tvalid=0 tlast=0 trdy=1
[CPP-FLUSH] iter=2305 tvalid=0 tlast=0 trdy=1
[CPP-FLUSH] iter=2306 tvalid=0 tlast=0 trdy=1
[CPP-FLUSH] iter=2307 tvalid=0 tlast=0 trdy=1
[CPP-FLUSH] iter=2308 tvalid=0 tlast=0 trdy=1
[CPP-FLUSH] iter=2309 tvalid=0 tlast=0 trdy=1
[CPP-FLUSH] iter=2310 tvalid=0 tlast=0 trdy=1
[CPP-FLUSH] iter=2311 tvalid=0 tlast=0 trdy=1
[CPP-FLUSH] iter=2312 tvalid=0 tlast=0 trdy=1
[CPP-FLUSH] iter=2313 tvalid=0 tlast=0 trdy=1
[CPP-FLUSH] iter=2314 tvalid=0 tlast=0 trdy=1
[CPP-FLUSH] iter=2315 tvalid=0 tlast=0 trdy=1
[CPP-FLUSH] iter=2316 tvalid=0 tlast=0 trdy=1
[CPP-FLUSH] iter=2317 tvalid=0 tlast=0 trdy=1
[CPP-FLUSH] iter=2318 tvalid=0 tlast=0 trdy=1
[CPP-FLUSH] iter=2319 tvalid=0 tlast=0 trdy=1
[CPP-FLUSH] iter=2320 tvalid=0 tlast=0 trdy=1
[CPP-FLUSH] iter=2321 tvalid=0 tlast=0 trdy=1
[CPP-FLUSH] iter=2322 tvalid=0 tlast=0 trdy=1
[CPP-FLUSH] iter=2323 tvalid=0 tlast=0 trdy=1
[CPP-FLUSH] iter=2324 tvalid=0 tlast=0 trdy=1
[CPP-FLUSH] iter=2325 tvalid=0 tlast=0 trdy=1
[CPP-FLUSH] iter=2326 tvalid=0 tlast=0 trdy=1
[CPP-FLUSH] iter=2327 tvalid=0 tlast=0 trdy=1
[CPP-FLUSH] iter=2328 tvalid=0 tlast=0 trdy=1
[CPP-FLUSH] iter=2329 tvalid=0 tlast=0 trdy=1
[CPP-FLUSH] iter=2330 tvalid=0 tlast=0 trdy=1
[CPP-FLUSH] iter=2331 tvalid=0 tlast=0 trdy=1
[CPP-FLUSH] iter=2332 tvalid=0 tlast=0 trdy=1
[CPP-FLUSH] iter=2333 tvalid=0 tlast=0 trdy=1
[CPP-FLUSH] iter=2334 tvalid=0 tlast=0 trdy=1
[CPP-FLUSH] iter=2335 tvalid=0 tlast=0 trdy=1
[CPP-FLUSH] iter=2336 tvalid=0 tlast=0 trdy=1
[CPP-FLUSH] iter=2337 tvalid=0 tlast=0 trdy=1
[CPP-FLUSH] iter=2338 tvalid=0 tlast=0 trdy=1
[CPP-FLUSH] iter=2339 tvalid=0 tlast=0 trdy=1
[CPP-FLUSH] iter=2340 tvalid=0 tlast=0 trdy=1
[CPP-FLUSH] iter=2341 tvalid=0 tlast=0 trdy=1
[CPP-FLUSH] iter=2342 tvalid=0 tlast=0 trdy=1
[CPP-FLUSH] iter=2343 tvalid=0 tlast=0 trdy=1
[CPP-FLUSH] iter=2344 tvalid=0 tlast=0 trdy=1
[CPP-FLUSH] iter=2345 tvalid=0 tlast=0 trdy=1
[CPP-FLUSH] iter=2346 tvalid=0 tlast=0 trdy=1
[CPP-FLUSH] iter=2347 tvalid=0 tlast=0 trdy=1
[CPP-FLUSH] iter=2348 tvalid=0 tlast=0 trdy=1
[CPP-FLUSH] iter=2349 tvalid=0 tlast=0 trdy=1
[CPP-FLUSH] iter=2350 tvalid=0 tlast=0 trdy=1
[CPP-FLUSH] iter=2351 tvalid=0 tlast=0 trdy=1
[CPP-FLUSH] iter=2352 tvalid=0 tlast=0 trdy=1
[CPP-FLUSH] iter=2353 tvalid=0 tlast=0 trdy=1
[CPP-FLUSH] iter=2354 tvalid=0 tlast=0 trdy=1
[CPP-FLUSH] iter=2355 tvalid=0 tlast=0 trdy=1
[CPP-FLUSH] iter=2356 tvalid=0 tlast=0 trdy=1
[CPP-FLUSH] iter=2357 tvalid=0 tlast=0 trdy=1
[CPP-FLUSH] iter=2358 tvalid=0 tlast=0 trdy=1
[CPP-FLUSH] iter=2359 tvalid=0 tlast=0 trdy=1
[CPP-FLUSH] iter=2360 tvalid=0 tlast=0 trdy=1
[CPP-FLUSH] iter=2361 tvalid=0 tlast=0 trdy=1
[CPP-FLUSH] iter=2362 tvalid=0 tlast=0 trdy=1
[CPP-FLUSH] iter=2363 tvalid=0 tlast=0 trdy=1
[CPP-FLUSH] iter=2364 tvalid=0 tlast=0 trdy=1
[CPP-FLUSH] iter=2365 tvalid=0 tlast=0 trdy=1
[CPP-FLUSH] iter=2366 tvalid=0 tlast=0 trdy=1
[CPP-FLUSH] iter=2367 tvalid=0 tlast=0 trdy=1
[CPP-FLUSH] iter=2368 tvalid=0 tlast=0 trdy=1
[CPP-FLUSH] iter=2369 tvalid=0 tlast=0 trdy=1
[CPP-FLUSH] iter=2370 tvalid=0 tlast=0 trdy=1
[CPP-FLUSH] iter=2371 tvalid=0 tlast=0 trdy=1
[CPP-FLUSH] iter=2372 tvalid=0 tlast=0 trdy=1
[CPP-FLUSH] iter=2373 tvalid=0 tlast=0 trdy=1
[CPP-FLUSH] iter=2374 tvalid=0 tlast=0 trdy=1
[CPP-FLUSH] iter=2375 tvalid=0 tlast=0 trdy=1
[CPP-FLUSH] iter=2376 tvalid=0 tlast=0 trdy=1
[CPP-FLUSH] iter=2377 tvalid=0 tlast=0 trdy=1
[CPP-FLUSH] iter=2378 tvalid=0 tlast=0 trdy=1
[CPP-FLUSH] iter=2379 tvalid=0 tlast=0 trdy=1
[CPP-FLUSH] iter=2380 tvalid=0 tlast=0 trdy=1
[CPP-FLUSH] iter=2381 tvalid=0 tlast=0 trdy=1
[CPP-FLUSH] iter=2382 tvalid=0 tlast=0 trdy=1
[CPP-FLUSH] iter=2383 tvalid=0 tlast=0 trdy=1
[CPP-FLUSH] iter=2384 tvalid=0 tlast=0 trdy=1
[CPP-FLUSH] iter=2385 tvalid=0 tlast=0 trdy=1
[CPP-FLUSH] iter=2386 tvalid=0 tlast=0 trdy=1
[CPP-FLUSH] iter=2387 tvalid=0 tlast=0 trdy=1
[CPP-FLUSH] iter=2388 tvalid=0 tlast=0 trdy=1
[CPP-FLUSH] iter=2389 tvalid=0 tlast=0 trdy=1
[CPP-FLUSH] iter=2390 tvalid=0 tlast=0 trdy=1
[CPP-FLUSH] iter=2391 tvalid=0 tlast=0 trdy=1
[CPP-FLUSH] iter=2392 tvalid=0 tlast=0 trdy=1
[CPP-FLUSH] iter=2393 tvalid=0 tlast=0 trdy=1
[CPP-FLUSH] iter=2394 tvalid=0 tlast=0 trdy=1
[CPP-FLUSH] iter=2395 tvalid=0 tlast=0 trdy=1
[CPP-FLUSH] iter=2396 tvalid=0 tlast=0 trdy=1
[CPP-FLUSH] iter=2397 tvalid=0 tlast=0 trdy=1
[CPP-FLUSH] iter=2398 tvalid=0 tlast=0 trdy=1
[CPP-FLUSH] iter=2399 tvalid=0 tlast=0 trdy=1
[CPP-FLUSH] iter=2400 tvalid=0 tlast=0 trdy=1
[CPP-FLUSH] iter=2401 tvalid=0 tlast=0 trdy=1
[CPP-FLUSH] iter=2402 tvalid=0 tlast=0 trdy=1
[CPP-FLUSH] iter=2403 tvalid=0 tlast=0 trdy=1
[CPP-FLUSH] iter=2404 tvalid=0 tlast=0 trdy=1
[CPP-FLUSH] iter=2405 tvalid=0 tlast=0 trdy=1
[CPP-FLUSH] iter=2406 tvalid=0 tlast=0 trdy=1
[CPP-FLUSH] iter=2407 tvalid=0 tlast=0 trdy=1
[CPP-FLUSH] iter=2408 tvalid=0 tlast=0 trdy=1
[CPP-FLUSH] iter=2409 tvalid=0 tlast=0 trdy=1
[CPP-FLUSH] iter=2410 tvalid=0 tlast=0 trdy=1
[CPP-FLUSH] iter=2411 tvalid=0 tlast=0 trdy=1
[CPP-FLUSH] iter=2412 tvalid=0 tlast=0 trdy=1
[CPP-FLUSH] iter=2413 tvalid=0 tlast=0 trdy=1
[CPP-FLUSH] iter=2414 tvalid=0 tlast=0 trdy=1
[CPP-FLUSH] iter=2415 tvalid=0 tlast=0 trdy=1
[CPP-FLUSH] iter=2416 tvalid=0 tlast=0 trdy=1
[CPP-FLUSH] iter=2417 tvalid=0 tlast=0 trdy=1
[CPP-FLUSH] iter=2418 tvalid=0 tlast=0 trdy=1
[CPP-FLUSH] iter=2419 tvalid=0 tlast=0 trdy=1
[CPP-FLUSH] iter=2420 tvalid=0 tlast=0 trdy=1
[CPP-FLUSH] iter=2421 tvalid=0 tlast=0 trdy=1
[CPP-FLUSH] iter=2422 tvalid=0 tlast=0 trdy=1
[CPP-FLUSH] iter=2423 tvalid=0 tlast=0 trdy=1
[CPP-FLUSH] iter=2424 tvalid=0 tlast=0 trdy=1
[CPP-FLUSH] iter=2425 tvalid=0 tlast=0 trdy=1
[CPP-FLUSH] iter=2426 tvalid=0 tlast=0 trdy=1
[CPP-FLUSH] iter=2427 tvalid=0 tlast=0 trdy=1
[CPP-FLUSH] iter=2428 tvalid=0 tlast=0 trdy=1
[CPP-FLUSH] iter=2429 tvalid=0 tlast=0 trdy=1
[CPP-FLUSH] iter=2430 tvalid=0 tlast=0 trdy=1
[CPP-FLUSH] iter=2431 tvalid=0 tlast=0 trdy=1
[CPP-FLUSH] iter=2432 tvalid=0 tlast=0 trdy=1
[CPP-FLUSH] iter=2433 tvalid=0 tlast=0 trdy=1
[CPP-FLUSH] iter=2434 tvalid=0 tlast=0 trdy=1
[CPP-FLUSH] iter=2435 tvalid=0 tlast=0 trdy=1
[CPP-FLUSH] iter=2436 tvalid=0 tlast=0 trdy=1
[CPP-FLUSH] iter=2437 tvalid=0 tlast=0 trdy=1
[CPP-FLUSH] iter=2438 tvalid=0 tlast=0 trdy=1
[CPP-FLUSH] iter=2439 tvalid=0 tlast=0 trdy=1
[CPP-FLUSH] iter=2440 tvalid=0 tlast=0 trdy=1
[CPP-FLUSH] iter=2441 tvalid=0 tlast=0 trdy=1
[CPP-FLUSH] iter=2442 tvalid=0 tlast=0 trdy=1
[CPP-FLUSH] iter=2443 tvalid=0 tlast=0 trdy=1
[CPP-FLUSH] iter=2444 tvalid=0 tlast=0 trdy=1
[CPP-FLUSH] iter=2445 tvalid=0 tlast=0 trdy=1
[CPP-FLUSH] iter=2446 tvalid=0 tlast=0 trdy=1
[CPP-FLUSH] iter=2447 tvalid=0 tlast=0 trdy=1
[CPP-FLUSH] iter=2448 tvalid=0 tlast=0 trdy=1
[CPP-FLUSH] iter=2449 tvalid=0 tlast=0 trdy=1
[CPP-FLUSH] iter=2450 tvalid=0 tlast=0 trdy=1
[CPP-FLUSH] iter=2451 tvalid=0 tlast=0 trdy=1
[CPP-FLUSH] iter=2452 tvalid=0 tlast=0 trdy=1
[CPP-FLUSH] iter=2453 tvalid=0 tlast=0 trdy=1
[CPP-FLUSH] iter=2454 tvalid=0 tlast=0 trdy=1
[CPP-FLUSH] iter=2455 tvalid=0 tlast=0 trdy=1
[CPP-FLUSH] iter=2456 tvalid=0 tlast=0 trdy=1
[CPP-FLUSH] iter=2457 tvalid=0 tlast=0 trdy=1
[CPP-FLUSH] iter=2458 tvalid=0 tlast=0 trdy=1
[CPP-FLUSH] iter=2459 tvalid=0 tlast=0 trdy=1
[CPP-FLUSH] iter=2460 tvalid=0 tlast=0 trdy=1
[CPP-FLUSH] iter=2461 tvalid=0 tlast=0 trdy=1
[CPP-FLUSH] iter=2462 tvalid=0 tlast=0 trdy=1
[CPP-FLUSH] iter=2463 tvalid=0 tlast=0 trdy=1
[CPP-FLUSH] iter=2464 tvalid=0 tlast=0 trdy=1
[CPP-FLUSH] iter=2465 tvalid=0 tlast=0 trdy=1
[CPP-FLUSH] iter=2466 tvalid=0 tlast=0 trdy=1
[CPP-FLUSH] iter=2467 tvalid=0 tlast=0 trdy=1
[CPP-FLUSH] iter=2468 tvalid=0 tlast=0 trdy=1
[CPP-FLUSH] iter=2469 tvalid=0 tlast=0 trdy=1
[CPP-FLUSH] iter=2470 tvalid=0 tlast=0 trdy=1
[CPP-FLUSH] iter=2471 tvalid=0 tlast=0 trdy=1
[CPP-FLUSH] iter=2472 tvalid=0 tlast=0 trdy=1
[CPP-FLUSH] iter=2473 tvalid=0 tlast=0 trdy=1
[CPP-FLUSH] iter=2474 tvalid=0 tlast=0 trdy=1
[CPP-FLUSH] iter=2475 tvalid=0 tlast=0 trdy=1
[CPP-FLUSH] iter=2476 tvalid=0 tlast=0 trdy=1
[CPP-FLUSH] iter=2477 tvalid=0 tlast=0 trdy=1
[CPP-FLUSH] iter=2478 tvalid=0 tlast=0 trdy=1
[CPP-FLUSH] iter=2479 tvalid=0 tlast=0 trdy=1
[CPP-FLUSH] iter=2480 tvalid=0 tlast=0 trdy=1
[CPP-FLUSH] iter=2481 tvalid=0 tlast=0 trdy=1
[CPP-FLUSH] iter=2482 tvalid=0 tlast=0 trdy=1
[CPP-FLUSH] iter=2483 tvalid=0 tlast=0 trdy=1
[CPP-FLUSH] iter=2484 tvalid=0 tlast=0 trdy=1
[CPP-FLUSH] iter=2485 tvalid=0 tlast=0 trdy=1
[CPP-FLUSH] iter=2486 tvalid=0 tlast=0 trdy=1
[CPP-FLUSH] iter=2487 tvalid=0 tlast=0 trdy=1
[CPP-FLUSH] iter=2488 tvalid=0 tlast=0 trdy=1
[CPP-FLUSH] iter=2489 tvalid=0 tlast=0 trdy=1
[CPP-FLUSH] iter=2490 tvalid=0 tlast=0 trdy=1
[CPP-FLUSH] iter=2491 tvalid=0 tlast=0 trdy=1
[CPP-FLUSH] iter=2492 tvalid=0 tlast=0 trdy=1
[CPP-FLUSH] iter=2493 tvalid=0 tlast=0 trdy=1
[CPP-FLUSH] iter=2494 tvalid=0 tlast=0 trdy=1
[CPP-FLUSH] iter=2495 tvalid=0 tlast=0 trdy=1
[CPP-FLUSH] iter=2496 tvalid=0 tlast=0 trdy=1
[CPP-FLUSH] iter=2497 tvalid=0 tlast=0 trdy=1
[CPP-FLUSH] iter=2498 tvalid=0 tlast=0 trdy=1
[CPP-FLUSH] iter=2499 tvalid=0 tlast=0 trdy=1
[CPP-FLUSH] iter=2500 tvalid=0 tlast=0 trdy=1
[CPP-FLUSH] iter=2501 tvalid=0 tlast=0 trdy=1
[CPP-FLUSH] iter=2502 tvalid=0 tlast=0 trdy=1
[CPP-FLUSH] iter=2503 tvalid=0 tlast=0 trdy=1
[CPP-FLUSH] iter=2504 tvalid=0 tlast=0 trdy=1
[CPP-FLUSH] iter=2505 tvalid=0 tlast=0 trdy=1
[CPP-FLUSH] iter=2506 tvalid=0 tlast=0 trdy=1
[CPP-FLUSH] iter=2507 tvalid=0 tlast=0 trdy=1
[CPP-FLUSH] iter=2508 tvalid=0 tlast=0 trdy=1
[CPP-FLUSH] iter=2509 tvalid=0 tlast=0 trdy=1
[CPP-FLUSH] iter=2510 tvalid=0 tlast=0 trdy=1
[CPP-FLUSH] iter=2511 tvalid=0 tlast=0 trdy=1
[CPP-FLUSH] iter=2512 tvalid=0 tlast=0 trdy=1
[CPP-FLUSH] iter=2513 tvalid=0 tlast=0 trdy=1
[CPP-FLUSH] iter=2514 tvalid=0 tlast=0 trdy=1
[CPP-FLUSH] iter=2515 tvalid=0 tlast=0 trdy=1
[CPP-FLUSH] iter=2516 tvalid=0 tlast=0 trdy=1
[CPP-FLUSH] iter=2517 tvalid=0 tlast=0 trdy=1
[CPP-FLUSH] iter=2518 tvalid=0 tlast=0 trdy=1
[CPP-FLUSH] iter=2519 tvalid=0 tlast=0 trdy=1
[CPP-FLUSH] iter=2520 tvalid=0 tlast=0 trdy=1
[CPP-FLUSH] iter=2521 tvalid=0 tlast=0 trdy=1
[CPP-FLUSH] iter=2522 tvalid=0 tlast=0 trdy=1
[CPP-FLUSH] iter=2523 tvalid=0 tlast=0 trdy=1
[CPP-FLUSH] iter=2524 tvalid=0 tlast=0 trdy=1
[CPP-FLUSH] iter=2525 tvalid=0 tlast=0 trdy=1
[CPP-FLUSH] iter=2526 tvalid=0 tlast=0 trdy=1
[CPP-FLUSH] iter=2527 tvalid=0 tlast=0 trdy=1
[CPP-FLUSH] iter=2528 tvalid=0 tlast=0 trdy=1
[CPP-FLUSH] iter=2529 tvalid=0 tlast=0 trdy=1
[CPP-FLUSH] iter=2530 tvalid=0 tlast=0 trdy=1
[CPP-FLUSH] iter=2531 tvalid=0 tlast=0 trdy=1
[CPP-FLUSH] iter=2532 tvalid=0 tlast=0 trdy=1
[CPP-FLUSH] iter=2533 tvalid=0 tlast=0 trdy=1
[CPP-FLUSH] iter=2534 tvalid=0 tlast=0 trdy=1
[CPP-FLUSH] iter=2535 tvalid=0 tlast=0 trdy=1
[CPP-FLUSH] iter=2536 tvalid=0 tlast=0 trdy=1
[CPP-FLUSH] iter=2537 tvalid=0 tlast=0 trdy=1
[CPP-FLUSH] iter=2538 tvalid=0 tlast=0 trdy=1
[CPP-FLUSH] iter=2539 tvalid=0 tlast=0 trdy=1
[CPP-FLUSH] iter=2540 tvalid=0 tlast=0 trdy=1
[CPP-FLUSH] iter=2541 tvalid=0 tlast=0 trdy=1
[CPP-FLUSH] iter=2542 tvalid=0 tlast=0 trdy=1
[CPP-FLUSH] iter=2543 tvalid=0 tlast=0 trdy=1
[CPP-FLUSH] iter=2544 tvalid=0 tlast=0 trdy=1
[CPP-FLUSH] iter=2545 tvalid=0 tlast=0 trdy=1
[CPP-FLUSH] iter=2546 tvalid=0 tlast=0 trdy=1
[CPP-FLUSH] iter=2547 tvalid=0 tlast=0 trdy=1
[CPP-FLUSH] iter=2548 tvalid=0 tlast=0 trdy=1
[CPP-FLUSH] iter=2549 tvalid=0 tlast=0 trdy=1
[CPP-FLUSH] iter=2550 tvalid=0 tlast=0 trdy=1
[CPP-FLUSH] iter=2551 tvalid=0 tlast=0 trdy=1
[CPP-FLUSH] iter=2552 tvalid=0 tlast=0 trdy=1
[CPP-FLUSH] iter=2553 tvalid=0 tlast=0 trdy=1
[CPP-FLUSH] iter=2554 tvalid=0 tlast=0 trdy=1
[CPP-FLUSH] iter=2555 tvalid=0 tlast=0 trdy=1
[CPP-FLUSH] iter=2556 tvalid=0 tlast=0 trdy=1
[CPP-FLUSH] iter=2557 tvalid=0 tlast=0 trdy=1
[CPP-FLUSH] iter=2558 tvalid=0 tlast=0 trdy=1
[CPP-FLUSH] iter=2559 tvalid=0 tlast=0 trdy=1
[CPP-FLUSH] iter=2560 tvalid=0 tlast=0 trdy=1
[CPP-FLUSH] iter=2561 tvalid=0 tlast=0 trdy=1
[CPP-FLUSH] iter=2562 tvalid=0 tlast=0 trdy=1
[CPP-FLUSH] iter=2563 tvalid=0 tlast=0 trdy=1
[CPP-FLUSH] iter=2564 tvalid=0 tlast=0 trdy=1
[CPP-FLUSH] iter=2565 tvalid=0 tlast=0 trdy=1
[CPP-FLUSH] iter=2566 tvalid=0 tlast=0 trdy=1
[CPP-FLUSH] iter=2567 tvalid=0 tlast=0 trdy=1
[CPP-FLUSH] iter=2568 tvalid=0 tlast=0 trdy=1
[CPP-FLUSH] iter=2569 tvalid=0 tlast=0 trdy=1
[CPP-FLUSH] iter=2570 tvalid=0 tlast=0 trdy=1
[CPP-FLUSH] iter=2571 tvalid=0 tlast=0 trdy=1
[CPP-FLUSH] iter=2572 tvalid=0 tlast=0 trdy=1
[CPP-FLUSH] iter=2573 tvalid=0 tlast=0 trdy=1
[CPP-FLUSH] iter=2574 tvalid=0 tlast=0 trdy=1
[CPP-FLUSH] iter=2575 tvalid=0 tlast=0 trdy=1
[CPP-FLUSH] iter=2576 tvalid=0 tlast=0 trdy=1
[CPP-FLUSH] iter=2577 tvalid=0 tlast=0 trdy=1
[CPP-FLUSH] iter=2578 tvalid=0 tlast=0 trdy=1
[CPP-FLUSH] iter=2579 tvalid=0 tlast=0 trdy=1
[CPP-FLUSH] iter=2580 tvalid=0 tlast=0 trdy=1
[CPP-FLUSH] iter=2581 tvalid=0 tlast=0 trdy=1
[CPP-FLUSH] iter=2582 tvalid=0 tlast=0 trdy=1
[CPP-FLUSH] iter=2583 tvalid=0 tlast=0 trdy=1
[CPP-FLUSH] iter=2584 tvalid=0 tlast=0 trdy=1
[CPP-FLUSH] iter=2585 tvalid=0 tlast=0 trdy=1
[CPP-FLUSH] iter=2586 tvalid=0 tlast=0 trdy=1
[CPP-FLUSH] iter=2587 tvalid=0 tlast=0 trdy=1
[CPP-FLUSH] iter=2588 tvalid=0 tlast=0 trdy=1
[CPP-FLUSH] iter=2589 tvalid=0 tlast=0 trdy=1
[CPP-FLUSH] iter=2590 tvalid=0 tlast=0 trdy=1
[CPP-FLUSH] iter=2591 tvalid=0 tlast=0 trdy=1
[CPP-FLUSH] iter=2592 tvalid=0 tlast=0 trdy=1
[CPP-FLUSH] iter=2593 tvalid=0 tlast=0 trdy=1
[CPP-FLUSH] iter=2594 tvalid=0 tlast=0 trdy=1
[CPP-FLUSH] iter=2595 tvalid=0 tlast=0 trdy=1
[CPP-FLUSH] iter=2596 tvalid=0 tlast=0 trdy=1
[CPP-FLUSH] iter=2597 tvalid=0 tlast=0 trdy=1
[CPP-FLUSH] iter=2598 tvalid=0 tlast=0 trdy=1
[CPP-FLUSH] iter=2599 tvalid=0 tlast=0 trdy=1
[CPP-FLUSH] iter=2600 tvalid=0 tlast=0 trdy=1
[CPP-FLUSH] iter=2601 tvalid=0 tlast=0 trdy=1
[CPP-FLUSH] iter=2602 tvalid=0 tlast=0 trdy=1
[CPP-FLUSH] iter=2603 tvalid=0 tlast=0 trdy=1
[CPP-FLUSH] iter=2604 tvalid=0 tlast=0 trdy=1
[CPP-FLUSH] iter=2605 tvalid=0 tlast=0 trdy=1
[CPP-FLUSH] iter=2606 tvalid=0 tlast=0 trdy=1
[CPP-FLUSH] iter=2607 tvalid=0 tlast=0 trdy=1
[CPP-FLUSH] iter=2608 tvalid=0 tlast=0 trdy=1
[CPP-FLUSH] iter=2609 tvalid=0 tlast=0 trdy=1
[CPP-FLUSH] iter=2610 tvalid=0 tlast=0 trdy=1
[CPP-FLUSH] iter=2611 tvalid=0 tlast=0 trdy=1
[CPP-FLUSH] iter=2612 tvalid=0 tlast=0 trdy=1
[CPP-FLUSH] iter=2613 tvalid=0 tlast=0 trdy=1
[CPP-FLUSH] iter=2614 tvalid=0 tlast=0 trdy=1
[CPP-FLUSH] iter=2615 tvalid=0 tlast=0 trdy=1
[CPP-FLUSH] iter=2616 tvalid=0 tlast=0 trdy=1
[CPP-FLUSH] iter=2617 tvalid=0 tlast=0 trdy=1
[CPP-FLUSH] iter=2618 tvalid=0 tlast=0 trdy=1
[CPP-FLUSH] iter=2619 tvalid=0 tlast=0 trdy=1
[CPP-FLUSH] iter=2620 tvalid=0 tlast=0 trdy=1
[CPP-FLUSH] iter=2621 tvalid=0 tlast=0 trdy=1
[CPP-FLUSH] iter=2622 tvalid=0 tlast=0 trdy=1
[CPP-FLUSH] iter=2623 tvalid=0 tlast=0 trdy=1
[CPP-FLUSH] iter=2624 tvalid=0 tlast=0 trdy=1
[CPP-FLUSH] iter=2625 tvalid=0 tlast=0 trdy=1
[CPP-FLUSH] iter=2626 tvalid=0 tlast=0 trdy=1
[CPP-FLUSH] iter=2627 tvalid=0 tlast=0 trdy=1
[CPP-FLUSH] iter=2628 tvalid=0 tlast=0 trdy=1
[CPP-FLUSH] iter=2629 tvalid=0 tlast=0 trdy=1
[CPP-FLUSH] iter=2630 tvalid=0 tlast=0 trdy=1
[CPP-FLUSH] iter=2631 tvalid=0 tlast=0 trdy=1
[CPP-FLUSH] iter=2632 tvalid=0 tlast=0 trdy=1
[CPP-FLUSH] iter=2633 tvalid=0 tlast=0 trdy=1
[CPP-FLUSH] iter=2634 tvalid=0 tlast=0 trdy=1
[CPP-FLUSH] iter=2635 tvalid=0 tlast=0 trdy=1
[CPP-FLUSH] iter=2636 tvalid=0 tlast=0 trdy=1
[CPP-FLUSH] iter=2637 tvalid=0 tlast=0 trdy=1
[CPP-FLUSH] iter=2638 tvalid=0 tlast=0 trdy=1
[CPP-FLUSH] iter=2639 tvalid=0 tlast=0 trdy=1
[CPP-FLUSH] iter=2640 tvalid=0 tlast=0 trdy=1
[CPP-FLUSH] iter=2641 tvalid=0 tlast=0 trdy=1
[CPP-FLUSH] iter=2642 tvalid=0 tlast=0 trdy=1
[CPP-FLUSH] iter=2643 tvalid=0 tlast=0 trdy=1
[CPP-FLUSH] iter=2644 tvalid=0 tlast=0 trdy=1
[CPP-FLUSH] iter=2645 tvalid=0 tlast=0 trdy=1
[CPP-FLUSH] iter=2646 tvalid=0 tlast=0 trdy=1
[CPP-FLUSH] iter=2647 tvalid=0 tlast=0 trdy=1
[CPP-FLUSH] iter=2648 tvalid=0 tlast=0 trdy=1
[CPP-FLUSH] iter=2649 tvalid=0 tlast=0 trdy=1
[CPP-FLUSH] iter=2650 tvalid=0 tlast=0 trdy=1
[CPP-FLUSH] iter=2651 tvalid=0 tlast=0 trdy=1
[CPP-FLUSH] iter=2652 tvalid=0 tlast=0 trdy=1
[CPP-FLUSH] iter=2653 tvalid=0 tlast=0 trdy=1
[CPP-FLUSH] iter=2654 tvalid=0 tlast=0 trdy=1
[CPP-FLUSH] iter=2655 tvalid=0 tlast=0 trdy=1
[CPP-FLUSH] iter=2656 tvalid=0 tlast=0 trdy=1
[CPP-FLUSH] iter=2657 tvalid=0 tlast=0 trdy=1
[CPP-FLUSH] iter=2658 tvalid=0 tlast=0 trdy=1
[CPP-FLUSH] iter=2659 tvalid=0 tlast=0 trdy=1
[CPP-FLUSH] iter=2660 tvalid=0 tlast=0 trdy=1
[CPP-FLUSH] iter=2661 tvalid=0 tlast=0 trdy=1
[CPP-FLUSH] iter=2662 tvalid=0 tlast=0 trdy=1
[CPP-FLUSH] iter=2663 tvalid=0 tlast=0 trdy=1
[CPP-FLUSH] iter=2664 tvalid=0 tlast=0 trdy=1
[CPP-FLUSH] iter=2665 tvalid=0 tlast=0 trdy=1
[CPP-FLUSH] iter=2666 tvalid=0 tlast=0 trdy=1
[CPP-FLUSH] iter=2667 tvalid=0 tlast=0 trdy=1
[CPP-FLUSH] iter=2668 tvalid=0 tlast=0 trdy=1
[CPP-FLUSH] iter=2669 tvalid=0 tlast=0 trdy=1
[CPP-FLUSH] iter=2670 tvalid=0 tlast=0 trdy=1
[CPP-FLUSH] iter=2671 tvalid=0 tlast=0 trdy=1
[CPP-FLUSH] iter=2672 tvalid=0 tlast=0 trdy=1
[CPP-FLUSH] iter=2673 tvalid=0 tlast=0 trdy=1
[CPP-FLUSH] iter=2674 tvalid=0 tlast=0 trdy=1
[CPP-FLUSH] iter=2675 tvalid=0 tlast=0 trdy=1
[CPP-FLUSH] iter=2676 tvalid=0 tlast=0 trdy=1
[CPP-FLUSH] iter=2677 tvalid=0 tlast=0 trdy=1
[CPP-FLUSH] iter=2678 tvalid=0 tlast=0 trdy=1
[CPP-FLUSH] iter=2679 tvalid=0 tlast=0 trdy=1
[CPP-FLUSH] iter=2680 tvalid=0 tlast=0 trdy=1
[CPP-FLUSH] iter=2681 tvalid=0 tlast=0 trdy=1
[CPP-FLUSH] iter=2682 tvalid=0 tlast=0 trdy=1
[CPP-FLUSH] iter=2683 tvalid=0 tlast=0 trdy=1
[CPP-FLUSH] iter=2684 tvalid=0 tlast=0 trdy=1
[CPP-FLUSH] iter=2685 tvalid=0 tlast=0 trdy=1
[CPP-FLUSH] iter=2686 tvalid=0 tlast=0 trdy=1
[CPP-FLUSH] iter=2687 tvalid=0 tlast=0 trdy=1
[CPP-FLUSH] iter=2688 tvalid=0 tlast=0 trdy=1
[CPP-FLUSH] iter=2689 tvalid=0 tlast=0 trdy=1
[CPP-FLUSH] iter=2690 tvalid=0 tlast=0 trdy=1
[CPP-FLUSH] iter=2691 tvalid=0 tlast=0 trdy=1
[CPP-FLUSH] iter=2692 tvalid=0 tlast=0 trdy=1
[CPP-FLUSH] iter=2693 tvalid=0 tlast=0 trdy=1
[CPP-FLUSH] iter=2694 tvalid=0 tlast=0 trdy=1
[CPP-FLUSH] iter=2695 tvalid=0 tlast=0 trdy=1
[CPP-FLUSH] iter=2696 tvalid=0 tlast=0 trdy=1
[CPP-FLUSH] iter=2697 tvalid=0 tlast=0 trdy=1
[CPP-FLUSH] iter=2698 tvalid=0 tlast=0 trdy=1
[CPP-FLUSH] iter=2699 tvalid=0 tlast=0 trdy=1
[CPP-FLUSH] iter=2700 tvalid=0 tlast=0 trdy=1
[CPP-FLUSH] iter=2701 tvalid=0 tlast=0 trdy=1
[CPP-FLUSH] iter=2702 tvalid=0 tlast=0 trdy=1
[CPP-FLUSH] iter=2703 tvalid=0 tlast=0 trdy=1
[CPP-FLUSH] iter=2704 tvalid=0 tlast=0 trdy=1
[CPP-FLUSH] iter=2705 tvalid=0 tlast=0 trdy=1
[CPP-FLUSH] iter=2706 tvalid=0 tlast=0 trdy=1
[CPP-FLUSH] iter=2707 tvalid=0 tlast=0 trdy=1
[CPP-FLUSH] iter=2708 tvalid=0 tlast=0 trdy=1
[CPP-FLUSH] iter=2709 tvalid=0 tlast=0 trdy=1
[CPP-FLUSH] iter=2710 tvalid=0 tlast=0 trdy=1
[CPP-FLUSH] iter=2711 tvalid=0 tlast=0 trdy=1
[CPP-FLUSH] iter=2712 tvalid=0 tlast=0 trdy=1
[CPP-FLUSH] iter=2713 tvalid=0 tlast=0 trdy=1
[CPP-FLUSH] iter=2714 tvalid=0 tlast=0 trdy=1
[CPP-FLUSH] iter=2715 tvalid=0 tlast=0 trdy=1
[CPP-FLUSH] iter=2716 tvalid=0 tlast=0 trdy=1
[CPP-FLUSH] iter=2717 tvalid=0 tlast=0 trdy=1
[CPP-FLUSH] iter=2718 tvalid=0 tlast=0 trdy=1
[CPP-FLUSH] iter=2719 tvalid=0 tlast=0 trdy=1
[CPP-FLUSH] iter=2720 tvalid=0 tlast=0 trdy=1
[CPP-FLUSH] iter=2721 tvalid=0 tlast=0 trdy=1
[CPP-FLUSH] iter=2722 tvalid=0 tlast=0 trdy=1
[CPP-FLUSH] iter=2723 tvalid=0 tlast=0 trdy=1
[CPP-FLUSH] iter=2724 tvalid=0 tlast=0 trdy=1
[CPP-FLUSH] iter=2725 tvalid=0 tlast=0 trdy=1
[CPP-FLUSH] iter=2726 tvalid=0 tlast=0 trdy=1
[CPP-FLUSH] iter=2727 tvalid=0 tlast=0 trdy=1
[CPP-FLUSH] iter=2728 tvalid=0 tlast=0 trdy=1
[CPP-FLUSH] iter=2729 tvalid=0 tlast=0 trdy=1
[CPP-FLUSH] iter=2730 tvalid=0 tlast=0 trdy=1
[CPP-FLUSH] iter=2731 tvalid=0 tlast=0 trdy=1
[CPP-FLUSH] iter=2732 tvalid=0 tlast=0 trdy=1
[CPP-FLUSH] iter=2733 tvalid=0 tlast=0 trdy=1
[CPP-FLUSH] iter=2734 tvalid=0 tlast=0 trdy=1
[CPP-FLUSH] iter=2735 tvalid=0 tlast=0 trdy=1
[CPP-FLUSH] iter=2736 tvalid=0 tlast=0 trdy=1
[CPP-FLUSH] iter=2737 tvalid=0 tlast=0 trdy=1
[CPP-FLUSH] iter=2738 tvalid=0 tlast=0 trdy=1
[CPP-FLUSH] iter=2739 tvalid=0 tlast=0 trdy=1
[CPP-FLUSH] iter=2740 tvalid=0 tlast=0 trdy=1
[CPP-FLUSH] iter=2741 tvalid=0 tlast=0 trdy=1
[CPP-FLUSH] iter=2742 tvalid=0 tlast=0 trdy=1
[CPP-FLUSH] iter=2743 tvalid=0 tlast=0 trdy=1
[CPP-FLUSH] iter=2744 tvalid=0 tlast=0 trdy=1
[CPP-FLUSH] iter=2745 tvalid=0 tlast=0 trdy=1
[CPP-FLUSH] iter=2746 tvalid=0 tlast=0 trdy=1
[CPP-FLUSH] iter=2747 tvalid=0 tlast=0 trdy=1
[CPP-FLUSH] iter=2748 tvalid=0 tlast=0 trdy=1
[CPP-FLUSH] iter=2749 tvalid=0 tlast=0 trdy=1
[CPP-FLUSH] iter=2750 tvalid=0 tlast=0 trdy=1
[CPP-FLUSH] iter=2751 tvalid=0 tlast=0 trdy=1
[CPP-FLUSH] iter=2752 tvalid=0 tlast=0 trdy=1
[CPP-FLUSH] iter=2753 tvalid=0 tlast=0 trdy=1
[CPP-FLUSH] iter=2754 tvalid=0 tlast=0 trdy=1
[CPP-FLUSH] iter=2755 tvalid=0 tlast=0 trdy=1
[CPP-FLUSH] iter=2756 tvalid=0 tlast=0 trdy=1
[CPP-FLUSH] iter=2757 tvalid=0 tlast=0 trdy=1
[CPP-FLUSH] iter=2758 tvalid=0 tlast=0 trdy=1
[CPP-FLUSH] iter=2759 tvalid=0 tlast=0 trdy=1
[CPP-FLUSH] iter=2760 tvalid=0 tlast=0 trdy=1
[CPP-FLUSH] iter=2761 tvalid=0 tlast=0 trdy=1
[CPP-FLUSH] iter=2762 tvalid=0 tlast=0 trdy=1
[CPP-FLUSH] iter=2763 tvalid=0 tlast=0 trdy=1
[CPP-FLUSH] iter=2764 tvalid=0 tlast=0 trdy=1
[CPP-FLUSH] iter=2765 tvalid=0 tlast=0 trdy=1
[CPP-FLUSH] iter=2766 tvalid=0 tlast=0 trdy=1
[CPP-FLUSH] iter=2767 tvalid=0 tlast=0 trdy=1
[CPP-FLUSH] iter=2768 tvalid=0 tlast=0 trdy=1
[CPP-FLUSH] iter=2769 tvalid=0 tlast=0 trdy=1
[CPP-FLUSH] iter=2770 tvalid=0 tlast=0 trdy=1
[CPP-FLUSH] iter=2771 tvalid=0 tlast=0 trdy=1
[CPP-FLUSH] iter=2772 tvalid=0 tlast=0 trdy=1
[CPP-FLUSH] iter=2773 tvalid=0 tlast=0 trdy=1
[CPP-FLUSH] iter=2774 tvalid=0 tlast=0 trdy=1
[CPP-FLUSH] iter=2775 tvalid=0 tlast=0 trdy=1
[CPP-FLUSH] iter=2776 tvalid=0 tlast=0 trdy=1
[CPP-FLUSH] iter=2777 tvalid=0 tlast=0 trdy=1
[CPP-FLUSH] iter=2778 tvalid=0 tlast=0 trdy=1
[CPP-FLUSH] iter=2779 tvalid=0 tlast=0 trdy=1
[CPP-FLUSH] iter=2780 tvalid=0 tlast=0 trdy=1
[CPP-FLUSH] iter=2781 tvalid=0 tlast=0 trdy=1
[CPP-FLUSH] iter=2782 tvalid=0 tlast=0 trdy=1
[CPP-FLUSH] iter=2783 tvalid=0 tlast=0 trdy=1
[CPP-FLUSH] iter=2784 tvalid=0 tlast=0 trdy=1
[CPP-FLUSH] iter=2785 tvalid=0 tlast=0 trdy=1
[CPP-FLUSH] iter=2786 tvalid=0 tlast=0 trdy=1
[CPP-FLUSH] iter=2787 tvalid=0 tlast=0 trdy=1
[CPP-FLUSH] iter=2788 tvalid=0 tlast=0 trdy=1
[CPP-FLUSH] iter=2789 tvalid=0 tlast=0 trdy=1
[CPP-FLUSH] iter=2790 tvalid=0 tlast=0 trdy=1
[CPP-FLUSH] iter=2791 tvalid=0 tlast=0 trdy=1
[CPP-FLUSH] iter=2792 tvalid=0 tlast=0 trdy=1
[CPP-FLUSH] iter=2793 tvalid=0 tlast=0 trdy=1
[CPP-FLUSH] iter=2794 tvalid=0 tlast=0 trdy=1
[CPP-FLUSH] iter=2795 tvalid=0 tlast=0 trdy=1
[CPP-FLUSH] iter=2796 tvalid=0 tlast=0 trdy=1
[CPP-FLUSH] iter=2797 tvalid=0 tlast=0 trdy=1
[CPP-FLUSH] iter=2798 tvalid=0 tlast=0 trdy=1
[CPP-FLUSH] iter=2799 tvalid=0 tlast=0 trdy=1
[CPP-FLUSH] iter=2800 tvalid=0 tlast=0 trdy=1
[CPP-FLUSH] iter=2801 tvalid=0 tlast=0 trdy=1
[CPP-FLUSH] iter=2802 tvalid=0 tlast=0 trdy=1
[CPP-FLUSH] iter=2803 tvalid=0 tlast=0 trdy=1
[CPP-FLUSH] iter=2804 tvalid=0 tlast=0 trdy=1
[CPP-FLUSH] iter=2805 tvalid=0 tlast=0 trdy=1
[CPP-FLUSH] iter=2806 tvalid=0 tlast=0 trdy=1
[CPP-FLUSH] iter=2807 tvalid=0 tlast=0 trdy=1
[CPP-FLUSH] iter=2808 tvalid=0 tlast=0 trdy=1
[CPP-FLUSH] iter=2809 tvalid=0 tlast=0 trdy=1
[CPP-FLUSH] iter=2810 tvalid=0 tlast=0 trdy=1
[CPP-FLUSH] iter=2811 tvalid=0 tlast=0 trdy=1
[CPP-FLUSH] iter=2812 tvalid=0 tlast=0 trdy=1
[CPP-FLUSH] iter=2813 tvalid=0 tlast=0 trdy=1
[CPP-FLUSH] iter=2814 tvalid=0 tlast=0 trdy=1
[CPP-FLUSH] iter=2815 tvalid=0 tlast=0 trdy=1
[CPP-FLUSH] iter=2816 tvalid=0 tlast=0 trdy=1
[CPP-FLUSH] iter=2817 tvalid=0 tlast=0 trdy=1
[CPP-FLUSH] iter=2818 tvalid=0 tlast=0 trdy=1
[CPP-FLUSH] iter=2819 tvalid=0 tlast=0 trdy=1
[CPP-FLUSH] iter=2820 tvalid=0 tlast=0 trdy=1
[CPP-FLUSH] iter=2821 tvalid=0 tlast=0 trdy=1
[CPP-FLUSH] iter=2822 tvalid=0 tlast=0 trdy=1
[CPP-FLUSH] iter=2823 tvalid=0 tlast=0 trdy=1
[CPP-FLUSH] iter=2824 tvalid=0 tlast=0 trdy=1
[CPP-FLUSH] iter=2825 tvalid=0 tlast=0 trdy=1
[CPP-FLUSH] iter=2826 tvalid=0 tlast=0 trdy=1
[CPP-FLUSH] iter=2827 tvalid=0 tlast=0 trdy=1
[CPP-FLUSH] iter=2828 tvalid=0 tlast=0 trdy=1
[CPP-FLUSH] iter=2829 tvalid=0 tlast=0 trdy=1
[CPP-FLUSH] iter=2830 tvalid=0 tlast=0 trdy=1
[CPP-FLUSH] iter=2831 tvalid=0 tlast=0 trdy=1
[CPP-FLUSH] iter=2832 tvalid=0 tlast=0 trdy=1
[CPP-FLUSH] iter=2833 tvalid=0 tlast=0 trdy=1
[CPP-FLUSH] iter=2834 tvalid=0 tlast=0 trdy=1
[CPP-FLUSH] iter=2835 tvalid=0 tlast=0 trdy=1
[CPP-FLUSH] iter=2836 tvalid=0 tlast=0 trdy=1
[CPP-FLUSH] iter=2837 tvalid=0 tlast=0 trdy=1
[CPP-FLUSH] iter=2838 tvalid=0 tlast=0 trdy=1
[CPP-FLUSH] iter=2839 tvalid=0 tlast=0 trdy=1
[CPP-FLUSH] iter=2840 tvalid=0 tlast=0 trdy=1
[CPP-FLUSH] iter=2841 tvalid=0 tlast=0 trdy=1
[CPP-FLUSH] iter=2842 tvalid=0 tlast=0 trdy=1
[CPP-FLUSH] iter=2843 tvalid=0 tlast=0 trdy=1
[CPP-FLUSH] iter=2844 tvalid=0 tlast=0 trdy=1
[CPP-FLUSH] iter=2845 tvalid=0 tlast=0 trdy=1
[CPP-FLUSH] iter=2846 tvalid=0 tlast=0 trdy=1
[CPP-FLUSH] iter=2847 tvalid=0 tlast=0 trdy=1
[CPP-FLUSH] iter=2848 tvalid=0 tlast=0 trdy=1
[CPP-FLUSH] iter=2849 tvalid=0 tlast=0 trdy=1
[CPP-FLUSH] iter=2850 tvalid=0 tlast=0 trdy=1
[CPP-FLUSH] iter=2851 tvalid=0 tlast=0 trdy=1
[CPP-FLUSH] iter=2852 tvalid=0 tlast=0 trdy=1
[CPP-FLUSH] iter=2853 tvalid=0 tlast=0 trdy=1
[CPP-FLUSH] iter=2854 tvalid=0 tlast=0 trdy=1
[CPP-FLUSH] iter=2855 tvalid=0 tlast=0 trdy=1
[CPP-FLUSH] iter=2856 tvalid=0 tlast=0 trdy=1
[CPP-FLUSH] iter=2857 tvalid=0 tlast=0 trdy=1
[CPP-FLUSH] iter=2858 tvalid=0 tlast=0 trdy=1
[CPP-FLUSH] iter=2859 tvalid=0 tlast=0 trdy=1
[CPP-FLUSH] iter=2860 tvalid=0 tlast=0 trdy=1
[CPP-FLUSH] iter=2861 tvalid=0 tlast=0 trdy=1
[CPP-FLUSH] iter=2862 tvalid=0 tlast=0 trdy=1
[CPP-FLUSH] iter=2863 tvalid=0 tlast=0 trdy=1
[CPP-FLUSH] iter=2864 tvalid=0 tlast=0 trdy=1
[CPP-FLUSH] iter=2865 tvalid=0 tlast=0 trdy=1
[CPP-FLUSH] iter=2866 tvalid=0 tlast=0 trdy=1
[CPP-FLUSH] iter=2867 tvalid=0 tlast=0 trdy=1
[CPP-FLUSH] iter=2868 tvalid=0 tlast=0 trdy=1
[CPP-FLUSH] iter=2869 tvalid=0 tlast=0 trdy=1
[CPP-FLUSH] iter=2870 tvalid=0 tlast=0 trdy=1
[CPP-FLUSH] iter=2871 tvalid=0 tlast=0 trdy=1
[CPP-FLUSH] iter=2872 tvalid=0 tlast=0 trdy=1
[CPP-FLUSH] iter=2873 tvalid=0 tlast=0 trdy=1
[CPP-FLUSH] iter=2874 tvalid=0 tlast=0 trdy=1
[CPP-FLUSH] iter=2875 tvalid=0 tlast=0 trdy=1
[CPP-FLUSH] iter=2876 tvalid=0 tlast=0 trdy=1
[CPP-FLUSH] iter=2877 tvalid=0 tlast=0 trdy=1
[CPP-FLUSH] iter=2878 tvalid=0 tlast=0 trdy=1
[CPP-FLUSH] iter=2879 tvalid=0 tlast=0 trdy=1
[CPP-FLUSH] iter=2880 tvalid=0 tlast=0 trdy=1
[CPP-FLUSH] iter=2881 tvalid=0 tlast=0 trdy=1
[CPP-FLUSH] iter=2882 tvalid=0 tlast=0 trdy=1
[CPP-FLUSH] iter=2883 tvalid=0 tlast=0 trdy=1
[CPP-FLUSH] iter=2884 tvalid=0 tlast=0 trdy=1
[CPP-FLUSH] iter=2885 tvalid=0 tlast=0 trdy=1
[CPP-FLUSH] iter=2886 tvalid=0 tlast=0 trdy=1
[CPP-FLUSH] iter=2887 tvalid=0 tlast=0 trdy=1
[CPP-FLUSH] iter=2888 tvalid=0 tlast=0 trdy=1
[CPP-FLUSH] iter=2889 tvalid=0 tlast=0 trdy=1
[CPP-FLUSH] iter=2890 tvalid=0 tlast=0 trdy=1
[CPP-FLUSH] iter=2891 tvalid=0 tlast=0 trdy=1
[CPP-FLUSH] iter=2892 tvalid=0 tlast=0 trdy=1
[CPP-FLUSH] iter=2893 tvalid=0 tlast=0 trdy=1
[CPP-FLUSH] iter=2894 tvalid=0 tlast=0 trdy=1
[CPP-FLUSH] iter=2895 tvalid=0 tlast=0 trdy=1
[CPP-FLUSH] iter=2896 tvalid=0 tlast=0 trdy=1
[CPP-FLUSH] iter=2897 tvalid=0 tlast=0 trdy=1
[CPP-FLUSH] iter=2898 tvalid=0 tlast=0 trdy=1
[CPP-FLUSH] iter=2899 tvalid=0 tlast=0 trdy=1
[CPP-FLUSH] iter=2900 tvalid=0 tlast=0 trdy=1
[CPP-FLUSH] iter=2901 tvalid=0 tlast=0 trdy=1
[CPP-FLUSH] iter=2902 tvalid=0 tlast=0 trdy=1
[CPP-FLUSH] iter=2903 tvalid=0 tlast=0 trdy=1
[CPP-FLUSH] iter=2904 tvalid=0 tlast=0 trdy=1
[CPP-FLUSH] iter=2905 tvalid=0 tlast=0 trdy=1
[CPP-FLUSH] iter=2906 tvalid=0 tlast=0 trdy=1
[CPP-FLUSH] iter=2907 tvalid=0 tlast=0 trdy=1
[CPP-FLUSH] iter=2908 tvalid=0 tlast=0 trdy=1
[CPP-FLUSH] iter=2909 tvalid=0 tlast=0 trdy=1
[CPP-FLUSH] iter=2910 tvalid=0 tlast=0 trdy=1
[CPP-FLUSH] iter=2911 tvalid=0 tlast=0 trdy=1
[CPP-FLUSH] iter=2912 tvalid=0 tlast=0 trdy=1
[CPP-FLUSH] iter=2913 tvalid=0 tlast=0 trdy=1
[CPP-FLUSH] iter=2914 tvalid=0 tlast=0 trdy=1
[CPP-FLUSH] iter=2915 tvalid=0 tlast=0 trdy=1
[CPP-FLUSH] iter=2916 tvalid=0 tlast=0 trdy=1
[CPP-FLUSH] iter=2917 tvalid=0 tlast=0 trdy=1
[CPP-FLUSH] iter=2918 tvalid=0 tlast=0 trdy=1
[CPP-FLUSH] iter=2919 tvalid=0 tlast=0 trdy=1
[CPP-FLUSH] iter=2920 tvalid=0 tlast=0 trdy=1
[CPP-FLUSH] iter=2921 tvalid=0 tlast=0 trdy=1
[CPP-FLUSH] iter=2922 tvalid=0 tlast=0 trdy=1
[CPP-FLUSH] iter=2923 tvalid=0 tlast=0 trdy=1
[CPP-FLUSH] iter=2924 tvalid=0 tlast=0 trdy=1
[CPP-FLUSH] iter=2925 tvalid=0 tlast=0 trdy=1
[CPP-FLUSH] iter=2926 tvalid=0 tlast=0 trdy=1
[CPP-FLUSH] iter=2927 tvalid=0 tlast=0 trdy=1
[CPP-FLUSH] iter=2928 tvalid=0 tlast=0 trdy=1
[CPP-FLUSH] iter=2929 tvalid=0 tlast=0 trdy=1
[CPP-FLUSH] iter=2930 tvalid=0 tlast=0 trdy=1
[CPP-FLUSH] iter=2931 tvalid=0 tlast=0 trdy=1
[CPP-FLUSH] iter=2932 tvalid=0 tlast=0 trdy=1
[CPP-FLUSH] iter=2933 tvalid=0 tlast=0 trdy=1
[CPP-FLUSH] iter=2934 tvalid=0 tlast=0 trdy=1
[CPP-FLUSH] iter=2935 tvalid=0 tlast=0 trdy=1
[CPP-FLUSH] iter=2936 tvalid=0 tlast=0 trdy=1
[CPP-FLUSH] iter=2937 tvalid=0 tlast=0 trdy=1
[CPP-FLUSH] iter=2938 tvalid=0 tlast=0 trdy=1
[CPP-FLUSH] iter=2939 tvalid=0 tlast=0 trdy=1
[CPP-FLUSH] iter=2940 tvalid=0 tlast=0 trdy=1
[CPP-FLUSH] iter=2941 tvalid=0 tlast=0 trdy=1
[CPP-FLUSH] iter=2942 tvalid=0 tlast=0 trdy=1
[CPP-FLUSH] iter=2943 tvalid=0 tlast=0 trdy=1
[CPP-FLUSH] iter=2944 tvalid=0 tlast=0 trdy=1
[CPP-FLUSH] iter=2945 tvalid=0 tlast=0 trdy=1
[CPP-FLUSH] iter=2946 tvalid=0 tlast=0 trdy=1
[CPP-FLUSH] iter=2947 tvalid=0 tlast=0 trdy=1
[CPP-FLUSH] iter=2948 tvalid=0 tlast=0 trdy=1
[CPP-FLUSH] iter=2949 tvalid=0 tlast=0 trdy=1
[CPP-FLUSH] iter=2950 tvalid=0 tlast=0 trdy=1
[CPP-FLUSH] iter=2951 tvalid=0 tlast=0 trdy=1
[CPP-FLUSH] iter=2952 tvalid=0 tlast=0 trdy=1
[CPP-FLUSH] iter=2953 tvalid=0 tlast=0 trdy=1
[CPP-FLUSH] iter=2954 tvalid=0 tlast=0 trdy=1
[CPP-FLUSH] iter=2955 tvalid=0 tlast=0 trdy=1
[CPP-FLUSH] iter=2956 tvalid=0 tlast=0 trdy=1
[CPP-FLUSH] iter=2957 tvalid=0 tlast=0 trdy=1
[CPP-FLUSH] iter=2958 tvalid=0 tlast=0 trdy=1
[CPP-FLUSH] iter=2959 tvalid=0 tlast=0 trdy=1
[CPP-FLUSH] iter=2960 tvalid=0 tlast=0 trdy=1
[CPP-FLUSH] iter=2961 tvalid=0 tlast=0 trdy=1
[CPP-FLUSH] iter=2962 tvalid=0 tlast=0 trdy=1
[CPP-FLUSH] iter=2963 tvalid=0 tlast=0 trdy=1
[CPP-FLUSH] iter=2964 tvalid=0 tlast=0 trdy=1
[CPP-FLUSH] iter=2965 tvalid=0 tlast=0 trdy=1
[CPP-FLUSH] iter=2966 tvalid=0 tlast=0 trdy=1
[CPP-FLUSH] iter=2967 tvalid=0 tlast=0 trdy=1
[CPP-FLUSH] iter=2968 tvalid=0 tlast=0 trdy=1
[CPP-FLUSH] iter=2969 tvalid=0 tlast=0 trdy=1
[CPP-FLUSH] iter=2970 tvalid=0 tlast=0 trdy=1
[CPP-FLUSH] iter=2971 tvalid=0 tlast=0 trdy=1
[CPP-FLUSH] iter=2972 tvalid=0 tlast=0 trdy=1
[CPP-FLUSH] iter=2973 tvalid=0 tlast=0 trdy=1
[CPP-FLUSH] iter=2974 tvalid=0 tlast=0 trdy=1
[CPP-FLUSH] iter=2975 tvalid=0 tlast=0 trdy=1
[CPP-FLUSH] iter=2976 tvalid=0 tlast=0 trdy=1
[CPP-FLUSH] iter=2977 tvalid=0 tlast=0 trdy=1
[CPP-FLUSH] iter=2978 tvalid=0 tlast=0 trdy=1
[CPP-FLUSH] iter=2979 tvalid=0 tlast=0 trdy=1
[CPP-FLUSH] iter=2980 tvalid=0 tlast=0 trdy=1
[CPP-FLUSH] iter=2981 tvalid=0 tlast=0 trdy=1
[CPP-FLUSH] iter=2982 tvalid=0 tlast=0 trdy=1
[CPP-FLUSH] iter=2983 tvalid=0 tlast=0 trdy=1
[CPP-FLUSH] iter=2984 tvalid=0 tlast=0 trdy=1
[CPP-FLUSH] iter=2985 tvalid=0 tlast=0 trdy=1
[CPP-FLUSH] iter=2986 tvalid=0 tlast=0 trdy=1
[CPP-FLUSH] iter=2987 tvalid=0 tlast=0 trdy=1
[CPP-FLUSH] iter=2988 tvalid=0 tlast=0 trdy=1
[CPP-FLUSH] iter=2989 tvalid=0 tlast=0 trdy=1
[CPP-FLUSH] iter=2990 tvalid=0 tlast=0 trdy=1
[CPP-FLUSH] iter=2991 tvalid=0 tlast=0 trdy=1
[CPP-FLUSH] iter=2992 tvalid=0 tlast=0 trdy=1
[CPP-FLUSH] iter=2993 tvalid=0 tlast=0 trdy=1
[CPP-FLUSH] iter=2994 tvalid=0 tlast=0 trdy=1
[CPP-FLUSH] iter=2995 tvalid=0 tlast=0 trdy=1
[CPP-FLUSH] iter=2996 tvalid=0 tlast=0 trdy=1
[CPP-FLUSH] iter=2997 tvalid=0 tlast=0 trdy=1
[CPP-FLUSH] iter=2998 tvalid=0 tlast=0 trdy=1
[CPP-FLUSH] iter=2999 tvalid=0 tlast=0 trdy=1
[CPP-FLUSH] iter=3000 tvalid=0 tlast=0 trdy=1
[CPP-FLUSH] iter=3001 tvalid=0 tlast=0 trdy=1
[CPP-FLUSH] iter=3002 tvalid=0 tlast=0 trdy=1
[CPP-FLUSH] iter=3003 tvalid=0 tlast=0 trdy=1
[CPP-FLUSH] iter=3004 tvalid=0 tlast=0 trdy=1
[CPP-FLUSH] iter=3005 tvalid=0 tlast=0 trdy=1
[CPP-FLUSH] iter=3006 tvalid=0 tlast=0 trdy=1
[CPP-FLUSH] iter=3007 tvalid=0 tlast=0 trdy=1
[CPP-FLUSH] iter=3008 tvalid=0 tlast=0 trdy=1
[CPP-FLUSH] iter=3009 tvalid=0 tlast=0 trdy=1
[CPP-FLUSH] iter=3010 tvalid=0 tlast=0 trdy=1
[CPP-FLUSH] iter=3011 tvalid=0 tlast=0 trdy=1
[CPP-FLUSH] iter=3012 tvalid=0 tlast=0 trdy=1
[CPP-FLUSH] iter=3013 tvalid=0 tlast=0 trdy=1
[CPP-FLUSH] iter=3014 tvalid=0 tlast=0 trdy=1
[CPP-FLUSH] iter=3015 tvalid=0 tlast=0 trdy=1
[CPP-FLUSH] iter=3016 tvalid=0 tlast=0 trdy=1
[CPP-FLUSH] iter=3017 tvalid=0 tlast=0 trdy=1
[CPP-FLUSH] iter=3018 tvalid=0 tlast=0 trdy=1
[CPP-FLUSH] iter=3019 tvalid=0 tlast=0 trdy=1
[CPP-FLUSH] iter=3020 tvalid=0 tlast=0 trdy=1
[CPP-FLUSH] iter=3021 tvalid=0 tlast=0 trdy=1
[CPP-FLUSH] iter=3022 tvalid=0 tlast=0 trdy=1
[CPP-FLUSH] iter=3023 tvalid=0 tlast=0 trdy=1
[CPP-FLUSH] iter=3024 tvalid=0 tlast=0 trdy=1
[CPP-FLUSH] iter=3025 tvalid=0 tlast=0 trdy=1
[CPP-FLUSH] iter=3026 tvalid=0 tlast=0 trdy=1
[CPP-FLUSH] iter=3027 tvalid=0 tlast=0 trdy=1
[CPP-FLUSH] iter=3028 tvalid=0 tlast=0 trdy=1
[CPP-FLUSH] iter=3029 tvalid=0 tlast=0 trdy=1
[CPP-FLUSH] iter=3030 tvalid=0 tlast=0 trdy=1
[CPP-FLUSH] iter=3031 tvalid=0 tlast=0 trdy=1
[CPP-FLUSH] iter=3032 tvalid=0 tlast=0 trdy=1
[CPP-FLUSH] iter=3033 tvalid=0 tlast=0 trdy=1
[CPP-FLUSH] iter=3034 tvalid=0 tlast=0 trdy=1
[CPP-FLUSH] iter=3035 tvalid=0 tlast=0 trdy=1
[CPP-FLUSH] iter=3036 tvalid=0 tlast=0 trdy=1
[CPP-FLUSH] iter=3037 tvalid=0 tlast=0 trdy=1
[CPP-FLUSH] iter=3038 tvalid=0 tlast=0 trdy=1
[CPP-FLUSH] iter=3039 tvalid=0 tlast=0 trdy=1
[CPP-FLUSH] iter=3040 tvalid=0 tlast=0 trdy=1
[CPP-FLUSH] iter=3041 tvalid=0 tlast=0 trdy=1
[CPP-FLUSH] iter=3042 tvalid=0 tlast=0 trdy=1
[CPP-FLUSH] iter=3043 tvalid=0 tlast=0 trdy=1
[CPP-FLUSH] iter=3044 tvalid=0 tlast=0 trdy=1
[CPP-FLUSH] iter=3045 tvalid=0 tlast=0 trdy=1
[CPP-FLUSH] iter=3046 tvalid=0 tlast=0 trdy=1
[CPP-FLUSH] iter=3047 tvalid=0 tlast=0 trdy=1
[CPP-FLUSH] iter=3048 tvalid=0 tlast=0 trdy=1
[CPP-FLUSH] iter=3049 tvalid=0 tlast=0 trdy=1
[CPP-FLUSH] iter=3050 tvalid=0 tlast=0 trdy=1
[CPP-FLUSH] iter=3051 tvalid=0 tlast=0 trdy=1
[CPP-FLUSH] iter=3052 tvalid=0 tlast=0 trdy=1
[CPP-FLUSH] iter=3053 tvalid=0 tlast=0 trdy=1
[CPP-FLUSH] iter=3054 tvalid=0 tlast=0 trdy=1
[CPP-FLUSH] iter=3055 tvalid=0 tlast=0 trdy=1
[CPP-FLUSH] iter=3056 tvalid=0 tlast=0 trdy=1
[CPP-FLUSH] iter=3057 tvalid=0 tlast=0 trdy=1
[CPP-FLUSH] iter=3058 tvalid=0 tlast=0 trdy=1
[CPP-FLUSH] iter=3059 tvalid=0 tlast=0 trdy=1
[CPP-FLUSH] iter=3060 tvalid=0 tlast=0 trdy=1
[CPP-FLUSH] iter=3061 tvalid=0 tlast=0 trdy=1
[CPP-FLUSH] iter=3062 tvalid=0 tlast=0 trdy=1
[CPP-FLUSH] iter=3063 tvalid=0 tlast=0 trdy=1
[CPP-FLUSH] iter=3064 tvalid=0 tlast=0 trdy=1
[CPP-FLUSH] iter=3065 tvalid=0 tlast=0 trdy=1
[CPP-FLUSH] iter=3066 tvalid=0 tlast=0 trdy=1
[CPP-FLUSH] iter=3067 tvalid=0 tlast=0 trdy=1
[CPP-FLUSH] iter=3068 tvalid=0 tlast=0 trdy=1
[CPP-FLUSH] iter=3069 tvalid=0 tlast=0 trdy=1
[CPP-FLUSH] iter=3070 tvalid=0 tlast=0 trdy=1
[CPP-FLUSH] iter=3071 tvalid=0 tlast=0 trdy=1
[CPP-FLUSH] iter=3072 tvalid=0 tlast=0 trdy=1
[CPP-FLUSH] iter=3073 tvalid=0 tlast=0 trdy=1
[CPP-FLUSH] iter=3074 tvalid=0 tlast=0 trdy=1
[CPP-FLUSH] iter=3075 tvalid=0 tlast=0 trdy=1
[CPP-FLUSH] iter=3076 tvalid=0 tlast=0 trdy=1
[CPP-FLUSH] iter=3077 tvalid=0 tlast=0 trdy=1
[CPP-FLUSH] iter=3078 tvalid=0 tlast=0 trdy=1
[CPP-FLUSH] iter=3079 tvalid=0 tlast=0 trdy=1
[CPP-FLUSH] iter=3080 tvalid=0 tlast=0 trdy=1
[CPP-FLUSH] iter=3081 tvalid=0 tlast=0 trdy=1
[CPP-FLUSH] iter=3082 tvalid=0 tlast=0 trdy=1
[CPP-FLUSH] iter=3083 tvalid=0 tlast=0 trdy=1
[CPP-FLUSH] iter=3084 tvalid=0 tlast=0 trdy=1
[CPP-FLUSH] iter=3085 tvalid=0 tlast=0 trdy=1
[CPP-FLUSH] iter=3086 tvalid=0 tlast=0 trdy=1
[CPP-FLUSH] iter=3087 tvalid=0 tlast=0 trdy=1
[CPP-FLUSH] iter=3088 tvalid=0 tlast=0 trdy=1
[CPP-FLUSH] iter=3089 tvalid=0 tlast=0 trdy=1
[CPP-FLUSH] iter=3090 tvalid=0 tlast=0 trdy=1
[CPP-FLUSH] iter=3091 tvalid=0 tlast=0 trdy=1
[CPP-FLUSH] iter=3092 tvalid=0 tlast=0 trdy=1
[CPP-FLUSH] iter=3093 tvalid=0 tlast=0 trdy=1
[CPP-FLUSH] iter=3094 tvalid=0 tlast=0 trdy=1
[CPP-FLUSH] iter=3095 tvalid=0 tlast=0 trdy=1
[CPP-FLUSH] iter=3096 tvalid=0 tlast=0 trdy=1
[CPP-FLUSH] iter=3097 tvalid=0 tlast=0 trdy=1
[CPP-FLUSH] iter=3098 tvalid=0 tlast=0 trdy=1
[CPP-FLUSH] iter=3099 tvalid=0 tlast=0 trdy=1
[CPP-FLUSH] iter=3100 tvalid=0 tlast=0 trdy=1
[CPP-FLUSH] iter=3101 tvalid=0 tlast=0 trdy=1
[CPP-FLUSH] iter=3102 tvalid=0 tlast=0 trdy=1
[CPP-FLUSH] iter=3103 tvalid=0 tlast=0 trdy=1
[CPP-FLUSH] iter=3104 tvalid=0 tlast=0 trdy=1
[CPP-FLUSH] iter=3105 tvalid=0 tlast=0 trdy=1
[CPP-FLUSH] iter=3106 tvalid=0 tlast=0 trdy=1
[CPP-FLUSH] iter=3107 tvalid=0 tlast=0 trdy=1
[CPP-FLUSH] iter=3108 tvalid=0 tlast=0 trdy=1
[CPP-FLUSH] iter=3109 tvalid=0 tlast=0 trdy=1
[CPP-FLUSH] iter=3110 tvalid=0 tlast=0 trdy=1
[CPP-FLUSH] iter=3111 tvalid=0 tlast=0 trdy=1
[CPP-FLUSH] iter=3112 tvalid=0 tlast=0 trdy=1
[CPP-FLUSH] iter=3113 tvalid=0 tlast=0 trdy=1
[CPP-FLUSH] iter=3114 tvalid=0 tlast=0 trdy=1
[CPP-FLUSH] iter=3115 tvalid=0 tlast=0 trdy=1
[CPP-FLUSH] iter=3116 tvalid=0 tlast=0 trdy=1
[CPP-FLUSH] iter=3117 tvalid=0 tlast=0 trdy=1
[CPP-FLUSH] iter=3118 tvalid=0 tlast=0 trdy=1
[CPP-FLUSH] iter=3119 tvalid=0 tlast=0 trdy=1
[CPP-FLUSH] iter=3120 tvalid=0 tlast=0 trdy=1
[CPP-FLUSH] iter=3121 tvalid=0 tlast=0 trdy=1
[CPP-FLUSH] iter=3122 tvalid=0 tlast=0 trdy=1
[CPP-FLUSH] iter=3123 tvalid=0 tlast=0 trdy=1
[CPP-FLUSH] iter=3124 tvalid=0 tlast=0 trdy=1
[CPP-FLUSH] iter=3125 tvalid=0 tlast=0 trdy=1
[CPP-FLUSH] iter=3126 tvalid=0 tlast=0 trdy=1
[CPP-FLUSH] iter=3127 tvalid=0 tlast=0 trdy=1
[CPP-FLUSH] iter=3128 tvalid=0 tlast=0 trdy=1
[CPP-FLUSH] iter=3129 tvalid=0 tlast=0 trdy=1
[CPP-FLUSH] iter=3130 tvalid=0 tlast=0 trdy=1
[CPP-FLUSH] iter=3131 tvalid=0 tlast=0 trdy=1
[CPP-FLUSH] iter=3132 tvalid=0 tlast=0 trdy=1
[CPP-FLUSH] iter=3133 tvalid=0 tlast=0 trdy=1
[CPP-FLUSH] iter=3134 tvalid=0 tlast=0 trdy=1
[CPP-FLUSH] iter=3135 tvalid=0 tlast=0 trdy=1
[CPP-FLUSH] iter=3136 tvalid=0 tlast=0 trdy=1
[CPP-FLUSH] iter=3137 tvalid=0 tlast=0 trdy=1
[CPP-FLUSH] iter=3138 tvalid=0 tlast=0 trdy=1
[CPP-FLUSH] iter=3139 tvalid=0 tlast=0 trdy=1
[CPP-FLUSH] iter=3140 tvalid=0 tlast=0 trdy=1
[CPP-FLUSH] iter=3141 tvalid=0 tlast=0 trdy=1
[CPP-FLUSH] iter=3142 tvalid=0 tlast=0 trdy=1
[CPP-FLUSH] iter=3143 tvalid=0 tlast=0 trdy=1
[CPP-FLUSH] iter=3144 tvalid=0 tlast=0 trdy=1
[CPP-FLUSH] iter=3145 tvalid=0 tlast=0 trdy=1
[CPP-FLUSH] iter=3146 tvalid=0 tlast=0 trdy=1
[CPP-FLUSH] iter=3147 tvalid=0 tlast=0 trdy=1
[CPP-FLUSH] iter=3148 tvalid=0 tlast=0 trdy=1
[CPP-FLUSH] iter=3149 tvalid=0 tlast=0 trdy=1
[CPP-FLUSH] iter=3150 tvalid=0 tlast=0 trdy=1
[CPP-FLUSH] iter=3151 tvalid=0 tlast=0 trdy=1
[CPP-FLUSH] iter=3152 tvalid=0 tlast=0 trdy=1
[CPP-FLUSH] iter=3153 tvalid=0 tlast=0 trdy=1
[CPP-FLUSH] iter=3154 tvalid=0 tlast=0 trdy=1
[CPP-FLUSH] iter=3155 tvalid=0 tlast=0 trdy=1
[CPP-FLUSH] iter=3156 tvalid=0 tlast=0 trdy=1
[CPP-FLUSH] iter=3157 tvalid=0 tlast=0 trdy=1
[CPP-FLUSH] iter=3158 tvalid=0 tlast=0 trdy=1
[CPP-FLUSH] iter=3159 tvalid=0 tlast=0 trdy=1
[CPP-FLUSH] iter=3160 tvalid=0 tlast=0 trdy=1
[CPP-FLUSH] iter=3161 tvalid=0 tlast=0 trdy=1
[CPP-FLUSH] iter=3162 tvalid=0 tlast=0 trdy=1
[CPP-FLUSH] iter=3163 tvalid=0 tlast=0 trdy=1
[CPP-FLUSH] iter=3164 tvalid=0 tlast=0 trdy=1
[CPP-FLUSH] iter=3165 tvalid=0 tlast=0 trdy=1
[CPP-FLUSH] iter=3166 tvalid=0 tlast=0 trdy=1
[CPP-FLUSH] iter=3167 tvalid=0 tlast=0 trdy=1
[CPP-FLUSH] iter=3168 tvalid=0 tlast=0 trdy=1
[CPP-FLUSH] iter=3169 tvalid=0 tlast=0 trdy=1
[CPP-FLUSH] iter=3170 tvalid=0 tlast=0 trdy=1
[CPP-FLUSH] iter=3171 tvalid=0 tlast=0 trdy=1
[CPP-FLUSH] iter=3172 tvalid=0 tlast=0 trdy=1
[CPP-FLUSH] iter=3173 tvalid=0 tlast=0 trdy=1
[CPP-FLUSH] iter=3174 tvalid=0 tlast=0 trdy=1
[CPP-FLUSH] iter=3175 tvalid=0 tlast=0 trdy=1
[CPP-FLUSH] iter=3176 tvalid=0 tlast=0 trdy=1
[CPP-FLUSH] iter=3177 tvalid=0 tlast=0 trdy=1
[CPP-FLUSH] iter=3178 tvalid=0 tlast=0 trdy=1
[CPP-FLUSH] iter=3179 tvalid=0 tlast=0 trdy=1
[CPP-FLUSH] iter=3180 tvalid=0 tlast=0 trdy=1
[CPP-FLUSH] iter=3181 tvalid=0 tlast=0 trdy=1
[CPP-FLUSH] iter=3182 tvalid=0 tlast=0 trdy=1
[CPP-FLUSH] iter=3183 tvalid=0 tlast=0 trdy=1
[CPP-FLUSH] iter=3184 tvalid=0 tlast=0 trdy=1
[CPP-FLUSH] iter=3185 tvalid=0 tlast=0 trdy=1
[CPP-FLUSH] iter=3186 tvalid=0 tlast=0 trdy=1
[CPP-FLUSH] iter=3187 tvalid=0 tlast=0 trdy=1
[CPP-FLUSH] iter=3188 tvalid=0 tlast=0 trdy=1
[CPP-FLUSH] iter=3189 tvalid=0 tlast=0 trdy=1
[CPP-FLUSH] iter=3190 tvalid=0 tlast=0 trdy=1
[CPP-FLUSH] iter=3191 tvalid=0 tlast=0 trdy=1
[CPP-FLUSH] iter=3192 tvalid=0 tlast=0 trdy=1
[CPP-FLUSH] iter=3193 tvalid=0 tlast=0 trdy=1
[CPP-FLUSH] iter=3194 tvalid=0 tlast=0 trdy=1
[CPP-FLUSH] iter=3195 tvalid=0 tlast=0 trdy=1
[CPP-FLUSH] iter=3196 tvalid=0 tlast=0 trdy=1
[CPP-FLUSH] iter=3197 tvalid=0 tlast=0 trdy=1
[CPP-FLUSH] iter=3198 tvalid=0 tlast=0 trdy=1
[CPP-FLUSH] iter=3199 tvalid=0 tlast=0 trdy=1
[CPP-FLUSH] iter=3200 tvalid=0 tlast=0 trdy=1
[CPP-FLUSH] iter=3201 tvalid=0 tlast=0 trdy=1
[CPP-FLUSH] iter=3202 tvalid=0 tlast=0 trdy=1
[CPP-FLUSH] iter=3203 tvalid=0 tlast=0 trdy=1
[CPP-FLUSH] iter=3204 tvalid=0 tlast=0 trdy=1
[CPP-FLUSH] iter=3205 tvalid=0 tlast=0 trdy=1
[CPP-FLUSH] iter=3206 tvalid=0 tlast=0 trdy=1
[CPP-FLUSH] iter=3207 tvalid=0 tlast=0 trdy=1
[CPP-FLUSH] iter=3208 tvalid=0 tlast=0 trdy=1
[CPP-FLUSH] iter=3209 tvalid=0 tlast=0 trdy=1
[CPP-FLUSH] iter=3210 tvalid=0 tlast=0 trdy=1
[CPP-FLUSH] iter=3211 tvalid=0 tlast=0 trdy=1
[CPP-FLUSH] iter=3212 tvalid=0 tlast=0 trdy=1
[CPP-FLUSH] iter=3213 tvalid=0 tlast=0 trdy=1
[CPP-FLUSH] iter=3214 tvalid=0 tlast=0 trdy=1
[CPP-FLUSH] iter=3215 tvalid=0 tlast=0 trdy=1
[CPP-FLUSH] iter=3216 tvalid=0 tlast=0 trdy=1
[CPP-FLUSH] iter=3217 tvalid=0 tlast=0 trdy=1
[CPP-FLUSH] iter=3218 tvalid=0 tlast=0 trdy=1
[CPP-FLUSH] iter=3219 tvalid=0 tlast=0 trdy=1
[CPP-FLUSH] iter=3220 tvalid=0 tlast=0 trdy=1
[CPP-FLUSH] iter=3221 tvalid=0 tlast=0 trdy=1
[CPP-FLUSH] iter=3222 tvalid=0 tlast=0 trdy=1
[CPP-FLUSH] iter=3223 tvalid=0 tlast=0 trdy=1
[CPP-FLUSH] iter=3224 tvalid=0 tlast=0 trdy=1
[CPP-FLUSH] iter=3225 tvalid=0 tlast=0 trdy=1
[CPP-FLUSH] iter=3226 tvalid=0 tlast=0 trdy=1
[CPP-FLUSH] iter=3227 tvalid=0 tlast=0 trdy=1
[CPP-FLUSH] iter=3228 tvalid=0 tlast=0 trdy=1
[CPP-FLUSH] iter=3229 tvalid=0 tlast=0 trdy=1
[CPP-FLUSH] iter=3230 tvalid=0 tlast=0 trdy=1
[CPP-FLUSH] iter=3231 tvalid=0 tlast=0 trdy=1
[CPP-FLUSH] iter=3232 tvalid=0 tlast=0 trdy=1
[CPP-FLUSH] iter=3233 tvalid=0 tlast=0 trdy=1
[CPP-FLUSH] iter=3234 tvalid=0 tlast=0 trdy=1
[CPP-FLUSH] iter=3235 tvalid=0 tlast=0 trdy=1
[CPP-FLUSH] iter=3236 tvalid=0 tlast=0 trdy=1
[CPP-FLUSH] iter=3237 tvalid=0 tlast=0 trdy=1
[CPP-FLUSH] iter=3238 tvalid=0 tlast=0 trdy=1
[CPP-FLUSH] iter=3239 tvalid=0 tlast=0 trdy=1
[CPP-FLUSH] iter=3240 tvalid=0 tlast=0 trdy=1
[CPP-FLUSH] iter=3241 tvalid=0 tlast=0 trdy=1
[CPP-FLUSH] iter=3242 tvalid=0 tlast=0 trdy=1
[CPP-FLUSH] iter=3243 tvalid=0 tlast=0 trdy=1
[CPP-FLUSH] iter=3244 tvalid=0 tlast=0 trdy=1
[CPP-FLUSH] iter=3245 tvalid=0 tlast=0 trdy=1
[CPP-FLUSH] iter=3246 tvalid=0 tlast=0 trdy=1
[CPP-FLUSH] iter=3247 tvalid=0 tlast=0 trdy=1
[CPP-FLUSH] iter=3248 tvalid=0 tlast=0 trdy=1
[CPP-FLUSH] iter=3249 tvalid=0 tlast=0 trdy=1
[CPP-FLUSH] iter=3250 tvalid=0 tlast=0 trdy=1
[CPP-FLUSH] iter=3251 tvalid=0 tlast=0 trdy=1
[CPP-FLUSH] iter=3252 tvalid=0 tlast=0 trdy=1
[CPP-FLUSH] iter=3253 tvalid=0 tlast=0 trdy=1
[CPP-FLUSH] iter=3254 tvalid=0 tlast=0 trdy=1
[CPP-FLUSH] iter=3255 tvalid=0 tlast=0 trdy=1
[CPP-FLUSH] iter=3256 tvalid=0 tlast=0 trdy=1
[CPP-FLUSH] iter=3257 tvalid=0 tlast=0 trdy=1
[CPP-FLUSH] iter=3258 tvalid=0 tlast=0 trdy=1
[CPP-FLUSH] iter=3259 tvalid=0 tlast=0 trdy=1
[CPP-FLUSH] iter=3260 tvalid=0 tlast=0 trdy=1
[CPP-FLUSH] iter=3261 tvalid=0 tlast=0 trdy=1
[CPP-FLUSH] iter=3262 tvalid=0 tlast=0 trdy=1
[CPP-FLUSH] iter=3263 tvalid=0 tlast=0 trdy=1
[CPP-FLUSH] iter=3264 tvalid=0 tlast=0 trdy=1
[CPP-FLUSH] iter=3265 tvalid=0 tlast=0 trdy=1
[CPP-FLUSH] iter=3266 tvalid=0 tlast=0 trdy=1
[CPP-FLUSH] iter=3267 tvalid=0 tlast=0 trdy=1
[CPP-FLUSH] iter=3268 tvalid=0 tlast=0 trdy=1
[CPP-FLUSH] iter=3269 tvalid=0 tlast=0 trdy=1
[CPP-FLUSH] iter=3270 tvalid=0 tlast=0 trdy=1
[CPP-FLUSH] iter=3271 tvalid=0 tlast=0 trdy=1
[CPP-FLUSH] iter=3272 tvalid=0 tlast=0 trdy=1
[CPP-FLUSH] iter=3273 tvalid=0 tlast=0 trdy=1
[CPP-FLUSH] iter=3274 tvalid=0 tlast=0 trdy=1
[CPP-FLUSH] iter=3275 tvalid=0 tlast=0 trdy=1
[CPP-FLUSH] iter=3276 tvalid=0 tlast=0 trdy=1
[CPP-FLUSH] iter=3277 tvalid=0 tlast=0 trdy=1
[CPP-FLUSH] iter=3278 tvalid=0 tlast=0 trdy=1
[CPP-FLUSH] iter=3279 tvalid=0 tlast=0 trdy=1
[CPP-FLUSH] iter=3280 tvalid=0 tlast=0 trdy=1
[CPP-FLUSH] iter=3281 tvalid=0 tlast=0 trdy=1
[CPP-FLUSH] iter=3282 tvalid=0 tlast=0 trdy=1
[CPP-FLUSH] iter=3283 tvalid=0 tlast=0 trdy=1
[CPP-FLUSH] iter=3284 tvalid=0 tlast=0 trdy=1
[CPP-FLUSH] iter=3285 tvalid=0 tlast=0 trdy=1
[CPP-FLUSH] iter=3286 tvalid=0 tlast=0 trdy=1
[CPP-FLUSH] iter=3287 tvalid=0 tlast=0 trdy=1
[CPP-FLUSH] iter=3288 tvalid=0 tlast=0 trdy=1
[CPP-FLUSH] iter=3289 tvalid=0 tlast=0 trdy=1
[CPP-FLUSH] iter=3290 tvalid=0 tlast=0 trdy=1
[CPP-FLUSH] iter=3291 tvalid=0 tlast=0 trdy=1
[CPP-FLUSH] iter=3292 tvalid=0 tlast=0 trdy=1
[CPP-FLUSH] iter=3293 tvalid=0 tlast=0 trdy=1
[CPP-FLUSH] iter=3294 tvalid=0 tlast=0 trdy=1
[CPP-FLUSH] iter=3295 tvalid=0 tlast=0 trdy=1
[CPP-FLUSH] iter=3296 tvalid=0 tlast=0 trdy=1
[CPP-FLUSH] iter=3297 tvalid=0 tlast=0 trdy=1
[CPP-FLUSH] iter=3298 tvalid=0 tlast=0 trdy=1
[CPP-FLUSH] iter=3299 tvalid=0 tlast=0 trdy=1
[CPP-FLUSH] iter=3300 tvalid=0 tlast=0 trdy=1
[CPP-FLUSH] iter=3301 tvalid=0 tlast=0 trdy=1
[CPP-FLUSH] iter=3302 tvalid=0 tlast=0 trdy=1
[CPP-FLUSH] iter=3303 tvalid=0 tlast=0 trdy=1
[CPP-FLUSH] iter=3304 tvalid=0 tlast=0 trdy=1
[CPP-FLUSH] iter=3305 tvalid=0 tlast=0 trdy=1
[CPP-FLUSH] iter=3306 tvalid=0 tlast=0 trdy=1
[CPP-FLUSH] iter=3307 tvalid=0 tlast=0 trdy=1
[CPP-FLUSH] iter=3308 tvalid=0 tlast=0 trdy=1
[CPP-FLUSH] iter=3309 tvalid=0 tlast=0 trdy=1
[CPP-FLUSH] iter=3310 tvalid=0 tlast=0 trdy=1
[CPP-FLUSH] iter=3311 tvalid=0 tlast=0 trdy=1
[CPP-FLUSH] iter=3312 tvalid=0 tlast=0 trdy=1
[CPP-FLUSH] iter=3313 tvalid=0 tlast=0 trdy=1
[CPP-FLUSH] iter=3314 tvalid=0 tlast=0 trdy=1
[CPP-FLUSH] iter=3315 tvalid=0 tlast=0 trdy=1
[CPP-FLUSH] iter=3316 tvalid=0 tlast=0 trdy=1
[CPP-FLUSH] iter=3317 tvalid=0 tlast=0 trdy=1
[CPP-FLUSH] iter=3318 tvalid=0 tlast=0 trdy=1
[CPP-FLUSH] iter=3319 tvalid=0 tlast=0 trdy=1
[CPP-FLUSH] iter=3320 tvalid=0 tlast=0 trdy=1
[CPP-FLUSH] iter=3321 tvalid=0 tlast=0 trdy=1
[CPP-FLUSH] iter=3322 tvalid=0 tlast=0 trdy=1
[CPP-FLUSH] iter=3323 tvalid=0 tlast=0 trdy=1
[CPP-FLUSH] iter=3324 tvalid=0 tlast=0 trdy=1
[CPP-FLUSH] iter=3325 tvalid=0 tlast=0 trdy=1
[CPP-FLUSH] iter=3326 tvalid=0 tlast=0 trdy=1
[CPP-FLUSH] iter=3327 tvalid=0 tlast=0 trdy=1
[CPP-FLUSH] iter=3328 tvalid=0 tlast=0 trdy=1
[CPP-FLUSH] iter=3329 tvalid=0 tlast=0 trdy=1
[CPP-FLUSH] iter=3330 tvalid=0 tlast=0 trdy=1
[CPP-FLUSH] iter=3331 tvalid=0 tlast=0 trdy=1
[CPP-FLUSH] iter=3332 tvalid=0 tlast=0 trdy=1
[CPP-FLUSH] iter=3333 tvalid=0 tlast=0 trdy=1
[CPP-FLUSH] iter=3334 tvalid=0 tlast=0 trdy=1
[CPP-FLUSH] iter=3335 tvalid=0 tlast=0 trdy=1
[CPP-FLUSH] iter=3336 tvalid=0 tlast=0 trdy=1
[CPP-FLUSH] iter=3337 tvalid=0 tlast=0 trdy=1
[CPP-FLUSH] iter=3338 tvalid=0 tlast=0 trdy=1
[CPP-FLUSH] iter=3339 tvalid=0 tlast=0 trdy=1
[CPP-FLUSH] iter=3340 tvalid=0 tlast=0 trdy=1
[CPP-FLUSH] iter=3341 tvalid=0 tlast=0 trdy=1
[CPP-FLUSH] iter=3342 tvalid=0 tlast=0 trdy=1
[CPP-FLUSH] iter=3343 tvalid=0 tlast=0 trdy=1
[CPP-FLUSH] iter=3344 tvalid=0 tlast=0 trdy=1
[CPP-FLUSH] iter=3345 tvalid=0 tlast=0 trdy=1
[CPP-FLUSH] iter=3346 tvalid=0 tlast=0 trdy=1
[CPP-FLUSH] iter=3347 tvalid=0 tlast=0 trdy=1
[CPP-FLUSH] iter=3348 tvalid=0 tlast=0 trdy=1
[CPP-FLUSH] iter=3349 tvalid=0 tlast=0 trdy=1
[CPP-FLUSH] iter=3350 tvalid=0 tlast=0 trdy=1
[CPP-FLUSH] iter=3351 tvalid=0 tlast=0 trdy=1
[CPP-FLUSH] iter=3352 tvalid=0 tlast=0 trdy=1
[CPP-FLUSH] iter=3353 tvalid=0 tlast=0 trdy=1
[CPP-FLUSH] iter=3354 tvalid=0 tlast=0 trdy=1
[CPP-FLUSH] iter=3355 tvalid=0 tlast=0 trdy=1
[CPP-FLUSH] iter=3356 tvalid=0 tlast=0 trdy=1
[CPP-FLUSH] iter=3357 tvalid=0 tlast=0 trdy=1
[CPP-FLUSH] iter=3358 tvalid=0 tlast=0 trdy=1
[CPP-FLUSH] iter=3359 tvalid=0 tlast=0 trdy=1
[CPP-FLUSH] iter=3360 tvalid=0 tlast=0 trdy=1
[CPP-FLUSH] iter=3361 tvalid=0 tlast=0 trdy=1
[CPP-FLUSH] iter=3362 tvalid=0 tlast=0 trdy=1
[CPP-FLUSH] iter=3363 tvalid=0 tlast=0 trdy=1
[CPP-FLUSH] iter=3364 tvalid=0 tlast=0 trdy=1
[CPP-FLUSH] iter=3365 tvalid=0 tlast=0 trdy=1
[CPP-FLUSH] iter=3366 tvalid=0 tlast=0 trdy=1
[CPP-FLUSH] iter=3367 tvalid=0 tlast=0 trdy=1
[CPP-FLUSH] iter=3368 tvalid=0 tlast=0 trdy=1
[CPP-FLUSH] iter=3369 tvalid=0 tlast=0 trdy=1
[CPP-FLUSH] iter=3370 tvalid=0 tlast=0 trdy=1
[CPP-FLUSH] iter=3371 tvalid=0 tlast=0 trdy=1
[CPP-FLUSH] iter=3372 tvalid=0 tlast=0 trdy=1
[CPP-FLUSH] iter=3373 tvalid=0 tlast=0 trdy=1
[CPP-FLUSH] iter=3374 tvalid=0 tlast=0 trdy=1
[CPP-FLUSH] iter=3375 tvalid=0 tlast=0 trdy=1
[CPP-FLUSH] iter=3376 tvalid=0 tlast=0 trdy=1
[CPP-FLUSH] iter=3377 tvalid=0 tlast=0 trdy=1
[CPP-FLUSH] iter=3378 tvalid=0 tlast=0 trdy=1
[CPP-FLUSH] iter=3379 tvalid=0 tlast=0 trdy=1
[CPP-FLUSH] iter=3380 tvalid=0 tlast=0 trdy=1
[CPP-FLUSH] iter=3381 tvalid=0 tlast=0 trdy=1
[CPP-FLUSH] iter=3382 tvalid=0 tlast=0 trdy=1
[CPP-FLUSH] iter=3383 tvalid=0 tlast=0 trdy=1
[CPP-FLUSH] iter=3384 tvalid=0 tlast=0 trdy=1
[CPP-FLUSH] iter=3385 tvalid=0 tlast=0 trdy=1
[CPP-FLUSH] iter=3386 tvalid=0 tlast=0 trdy=1
[CPP-FLUSH] iter=3387 tvalid=0 tlast=0 trdy=1
[CPP-FLUSH] iter=3388 tvalid=0 tlast=0 trdy=1
[CPP-FLUSH] iter=3389 tvalid=0 tlast=0 trdy=1
[CPP-FLUSH] iter=3390 tvalid=0 tlast=0 trdy=1
[CPP-FLUSH] iter=3391 tvalid=0 tlast=0 trdy=1
[CPP-FLUSH] iter=3392 tvalid=0 tlast=0 trdy=1
[CPP-FLUSH] iter=3393 tvalid=0 tlast=0 trdy=1
[CPP-FLUSH] iter=3394 tvalid=0 tlast=0 trdy=1
[CPP-FLUSH] iter=3395 tvalid=0 tlast=0 trdy=1
[CPP-FLUSH] iter=3396 tvalid=0 tlast=0 trdy=1
[CPP-FLUSH] iter=3397 tvalid=0 tlast=0 trdy=1
[CPP-FLUSH] iter=3398 tvalid=0 tlast=0 trdy=1
[CPP-FLUSH] iter=3399 tvalid=0 tlast=0 trdy=1
[CPP-FLUSH] iter=3400 tvalid=0 tlast=0 trdy=1
[CPP-FLUSH] iter=3401 tvalid=0 tlast=0 trdy=1
[CPP-FLUSH] iter=3402 tvalid=0 tlast=0 trdy=1
[CPP-FLUSH] iter=3403 tvalid=0 tlast=0 trdy=1
[CPP-FLUSH] iter=3404 tvalid=0 tlast=0 trdy=1
[CPP-FLUSH] iter=3405 tvalid=0 tlast=0 trdy=1
[CPP-FLUSH] iter=3406 tvalid=0 tlast=0 trdy=1
[CPP-FLUSH] iter=3407 tvalid=0 tlast=0 trdy=1
[CPP-FLUSH] iter=3408 tvalid=0 tlast=0 trdy=1
[CPP-FLUSH] iter=3409 tvalid=0 tlast=0 trdy=1
[CPP-FLUSH] iter=3410 tvalid=0 tlast=0 trdy=1
[CPP-FLUSH] iter=3411 tvalid=0 tlast=0 trdy=1
[CPP-FLUSH] iter=3412 tvalid=0 tlast=0 trdy=1
[CPP-FLUSH] iter=3413 tvalid=0 tlast=0 trdy=1
[CPP-FLUSH] iter=3414 tvalid=0 tlast=0 trdy=1
[CPP-FLUSH] iter=3415 tvalid=0 tlast=0 trdy=1
[CPP-FLUSH] iter=3416 tvalid=0 tlast=0 trdy=1
[CPP-FLUSH] iter=3417 tvalid=0 tlast=0 trdy=1
[CPP-FLUSH] iter=3418 tvalid=0 tlast=0 trdy=1
[CPP-FLUSH] iter=3419 tvalid=0 tlast=0 trdy=1
[CPP-FLUSH] iter=3420 tvalid=0 tlast=0 trdy=1
[CPP-FLUSH] iter=3421 tvalid=0 tlast=0 trdy=1
[CPP-FLUSH] iter=3422 tvalid=0 tlast=0 trdy=1
[CPP-FLUSH] iter=3423 tvalid=0 tlast=0 trdy=1
[CPP-FLUSH] iter=3424 tvalid=0 tlast=0 trdy=1
[CPP-FLUSH] iter=3425 tvalid=0 tlast=0 trdy=1
[CPP-FLUSH] iter=3426 tvalid=0 tlast=0 trdy=1
[CPP-FLUSH] iter=3427 tvalid=0 tlast=0 trdy=1
[CPP-FLUSH] iter=3428 tvalid=0 tlast=0 trdy=1
[CPP-FLUSH] iter=3429 tvalid=0 tlast=0 trdy=1
[CPP-FLUSH] iter=3430 tvalid=0 tlast=0 trdy=1
[CPP-FLUSH] iter=3431 tvalid=0 tlast=0 trdy=1
[CPP-FLUSH] iter=3432 tvalid=0 tlast=0 trdy=1
[CPP-FLUSH] iter=3433 tvalid=0 tlast=0 trdy=1
[CPP-FLUSH] iter=3434 tvalid=0 tlast=0 trdy=1
[CPP-FLUSH] iter=3435 tvalid=0 tlast=0 trdy=1
[CPP-FLUSH] iter=3436 tvalid=0 tlast=0 trdy=1
[CPP-FLUSH] iter=3437 tvalid=0 tlast=0 trdy=1
[CPP-FLUSH] iter=3438 tvalid=0 tlast=0 trdy=1
[CPP-FLUSH] iter=3439 tvalid=0 tlast=0 trdy=1
[CPP-FLUSH] iter=3440 tvalid=0 tlast=0 trdy=1
[CPP-FLUSH] iter=3441 tvalid=0 tlast=0 trdy=1
[CPP-FLUSH] iter=3442 tvalid=0 tlast=0 trdy=1
[CPP-FLUSH] iter=3443 tvalid=0 tlast=0 trdy=1
[CPP-FLUSH] iter=3444 tvalid=0 tlast=0 trdy=1
[CPP-FLUSH] iter=3445 tvalid=0 tlast=0 trdy=1
[CPP-FLUSH] iter=3446 tvalid=0 tlast=0 trdy=1
[CPP-FLUSH] iter=3447 tvalid=0 tlast=0 trdy=1
[CPP-FLUSH] iter=3448 tvalid=0 tlast=0 trdy=1
[CPP-FLUSH] iter=3449 tvalid=0 tlast=0 trdy=1
[CPP-FLUSH] iter=3450 tvalid=0 tlast=0 trdy=1
[CPP-FLUSH] iter=3451 tvalid=0 tlast=0 trdy=1
[CPP-FLUSH] iter=3452 tvalid=0 tlast=0 trdy=1
[CPP-FLUSH] iter=3453 tvalid=0 tlast=0 trdy=1
[CPP-FLUSH] iter=3454 tvalid=0 tlast=0 trdy=1
[CPP-FLUSH] iter=3455 tvalid=0 tlast=0 trdy=1
[CPP-FLUSH] iter=3456 tvalid=0 tlast=0 trdy=1
[CPP-FLUSH] iter=3457 tvalid=0 tlast=0 trdy=1
[CPP-FLUSH] iter=3458 tvalid=0 tlast=0 trdy=1
[CPP-FLUSH] iter=3459 tvalid=0 tlast=0 trdy=1
[CPP-FLUSH] iter=3460 tvalid=0 tlast=0 trdy=1
[CPP-FLUSH] iter=3461 tvalid=0 tlast=0 trdy=1
[CPP-FLUSH] iter=3462 tvalid=0 tlast=0 trdy=1
[CPP-FLUSH] iter=3463 tvalid=0 tlast=0 trdy=1
[CPP-FLUSH] iter=3464 tvalid=0 tlast=0 trdy=1
[CPP-FLUSH] iter=3465 tvalid=0 tlast=0 trdy=1
[CPP-FLUSH] iter=3466 tvalid=0 tlast=0 trdy=1
[CPP-FLUSH] iter=3467 tvalid=0 tlast=0 trdy=1
[CPP-FLUSH] iter=3468 tvalid=0 tlast=0 trdy=1
[CPP-FLUSH] iter=3469 tvalid=0 tlast=0 trdy=1
[CPP-FLUSH] iter=3470 tvalid=0 tlast=0 trdy=1
[CPP-FLUSH] iter=3471 tvalid=0 tlast=0 trdy=1
[CPP-FLUSH] iter=3472 tvalid=0 tlast=0 trdy=1
[CPP-FLUSH] iter=3473 tvalid=0 tlast=0 trdy=1
[CPP-FLUSH] iter=3474 tvalid=0 tlast=0 trdy=1
[CPP-FLUSH] iter=3475 tvalid=0 tlast=0 trdy=1
[CPP-FLUSH] iter=3476 tvalid=0 tlast=0 trdy=1
[CPP-FLUSH] iter=3477 tvalid=0 tlast=0 trdy=1
[CPP-FLUSH] iter=3478 tvalid=0 tlast=0 trdy=1
[CPP-FLUSH] iter=3479 tvalid=0 tlast=0 trdy=1
[CPP-FLUSH] iter=3480 tvalid=0 tlast=0 trdy=1
[CPP-FLUSH] iter=3481 tvalid=0 tlast=0 trdy=1
[CPP-FLUSH] iter=3482 tvalid=0 tlast=0 trdy=1
[CPP-FLUSH] iter=3483 tvalid=0 tlast=0 trdy=1
[CPP-FLUSH] iter=3484 tvalid=0 tlast=0 trdy=1
[CPP-FLUSH] iter=3485 tvalid=0 tlast=0 trdy=1
[CPP-FLUSH] iter=3486 tvalid=0 tlast=0 trdy=1
[CPP-FLUSH] iter=3487 tvalid=0 tlast=0 trdy=1
[CPP-FLUSH] iter=3488 tvalid=0 tlast=0 trdy=1
[CPP-FLUSH] iter=3489 tvalid=0 tlast=0 trdy=1
[CPP-FLUSH] iter=3490 tvalid=0 tlast=0 trdy=1
[CPP-FLUSH] iter=3491 tvalid=0 tlast=0 trdy=1
[CPP-FLUSH] iter=3492 tvalid=0 tlast=0 trdy=1
[CPP-FLUSH] iter=3493 tvalid=0 tlast=0 trdy=1
[CPP-FLUSH] iter=3494 tvalid=0 tlast=0 trdy=1
[CPP-FLUSH] iter=3495 tvalid=0 tlast=0 trdy=1
[CPP-FLUSH] iter=3496 tvalid=0 tlast=0 trdy=1
[CPP-FLUSH] iter=3497 tvalid=0 tlast=0 trdy=1
[CPP-FLUSH] iter=3498 tvalid=0 tlast=0 trdy=1
[CPP-FLUSH] iter=3499 tvalid=0 tlast=0 trdy=1
[CPP-FLUSH] iter=3500 tvalid=0 tlast=0 trdy=1
[CPP-FLUSH] iter=3501 tvalid=0 tlast=0 trdy=1
[CPP-FLUSH] iter=3502 tvalid=0 tlast=0 trdy=1
[CPP-FLUSH] iter=3503 tvalid=0 tlast=0 trdy=1
[CPP-FLUSH] iter=3504 tvalid=0 tlast=0 trdy=1
[CPP-FLUSH] iter=3505 tvalid=0 tlast=0 trdy=1
[CPP-FLUSH] iter=3506 tvalid=0 tlast=0 trdy=1
[CPP-FLUSH] iter=3507 tvalid=0 tlast=0 trdy=1
[CPP-FLUSH] iter=3508 tvalid=0 tlast=0 trdy=1
[CPP-FLUSH] iter=3509 tvalid=0 tlast=0 trdy=1
[CPP-FLUSH] iter=3510 tvalid=0 tlast=0 trdy=1
[CPP-FLUSH] iter=3511 tvalid=0 tlast=0 trdy=1
[CPP-FLUSH] iter=3512 tvalid=0 tlast=0 trdy=1
[CPP-FLUSH] iter=3513 tvalid=0 tlast=0 trdy=1
[CPP-FLUSH] iter=3514 tvalid=0 tlast=0 trdy=1
[CPP-FLUSH] iter=3515 tvalid=0 tlast=0 trdy=1
[CPP-FLUSH] iter=3516 tvalid=0 tlast=0 trdy=1
[CPP-FLUSH] iter=3517 tvalid=0 tlast=0 trdy=1
[CPP-FLUSH] iter=3518 tvalid=0 tlast=0 trdy=1
[CPP-FLUSH] iter=3519 tvalid=0 tlast=0 trdy=1
[CPP-FLUSH] iter=3520 tvalid=0 tlast=0 trdy=1
[CPP-FLUSH] iter=3521 tvalid=0 tlast=0 trdy=1
[CPP-FLUSH] iter=3522 tvalid=0 tlast=0 trdy=1
[CPP-FLUSH] iter=3523 tvalid=0 tlast=0 trdy=1
[CPP-FLUSH] iter=3524 tvalid=0 tlast=0 trdy=1
[CPP-FLUSH] iter=3525 tvalid=0 tlast=0 trdy=1
[CPP-FLUSH] iter=3526 tvalid=0 tlast=0 trdy=1
[CPP-FLUSH] iter=3527 tvalid=0 tlast=0 trdy=1
[CPP-FLUSH] iter=3528 tvalid=0 tlast=0 trdy=1
[CPP-FLUSH] iter=3529 tvalid=0 tlast=0 trdy=1
[CPP-FLUSH] iter=3530 tvalid=0 tlast=0 trdy=1
[CPP-FLUSH] iter=3531 tvalid=0 tlast=0 trdy=1
[CPP-FLUSH] iter=3532 tvalid=0 tlast=0 trdy=1
[CPP-FLUSH] iter=3533 tvalid=0 tlast=0 trdy=1
[CPP-FLUSH] iter=3534 tvalid=0 tlast=0 trdy=1
[CPP-FLUSH] iter=3535 tvalid=0 tlast=0 trdy=1
[CPP-FLUSH] iter=3536 tvalid=0 tlast=0 trdy=1
[CPP-FLUSH] iter=3537 tvalid=0 tlast=0 trdy=1
[CPP-FLUSH] iter=3538 tvalid=0 tlast=0 trdy=1
[CPP-FLUSH] iter=3539 tvalid=0 tlast=0 trdy=1
[CPP-FLUSH] iter=3540 tvalid=0 tlast=0 trdy=1
[CPP-FLUSH] iter=3541 tvalid=0 tlast=0 trdy=1
[CPP-FLUSH] iter=3542 tvalid=0 tlast=0 trdy=1
[CPP-FLUSH] iter=3543 tvalid=0 tlast=0 trdy=1
[CPP-FLUSH] iter=3544 tvalid=0 tlast=0 trdy=1
[CPP-FLUSH] iter=3545 tvalid=0 tlast=0 trdy=1
[CPP-FLUSH] iter=3546 tvalid=0 tlast=0 trdy=1
[CPP-FLUSH] iter=3547 tvalid=0 tlast=0 trdy=1
[CPP-FLUSH] iter=3548 tvalid=0 tlast=0 trdy=1
[CPP-FLUSH] iter=3549 tvalid=0 tlast=0 trdy=1
[CPP-FLUSH] iter=3550 tvalid=0 tlast=0 trdy=1
[CPP-FLUSH] iter=3551 tvalid=0 tlast=0 trdy=1
[CPP-FLUSH] iter=3552 tvalid=0 tlast=0 trdy=1
[CPP-FLUSH] iter=3553 tvalid=0 tlast=0 trdy=1
[CPP-FLUSH] iter=3554 tvalid=0 tlast=0 trdy=1
[CPP-FLUSH] iter=3555 tvalid=0 tlast=0 trdy=1
[CPP-FLUSH] iter=3556 tvalid=0 tlast=0 trdy=1
[CPP-FLUSH] iter=3557 tvalid=0 tlast=0 trdy=1
[CPP-FLUSH] iter=3558 tvalid=0 tlast=0 trdy=1
[CPP-FLUSH] iter=3559 tvalid=0 tlast=0 trdy=1
[CPP-FLUSH] iter=3560 tvalid=0 tlast=0 trdy=1
[CPP-FLUSH] iter=3561 tvalid=0 tlast=0 trdy=1
[CPP-FLUSH] iter=3562 tvalid=0 tlast=0 trdy=1
[CPP-FLUSH] iter=3563 tvalid=0 tlast=0 trdy=1
[CPP-FLUSH] iter=3564 tvalid=0 tlast=0 trdy=1
[CPP-FLUSH] iter=3565 tvalid=0 tlast=0 trdy=1
[CPP-FLUSH] iter=3566 tvalid=0 tlast=0 trdy=1
[CPP-FLUSH] iter=3567 tvalid=0 tlast=0 trdy=1
[CPP-FLUSH] iter=3568 tvalid=0 tlast=0 trdy=1
[CPP-FLUSH] iter=3569 tvalid=0 tlast=0 trdy=1
[CPP-FLUSH] iter=3570 tvalid=0 tlast=0 trdy=1
[CPP-FLUSH] iter=3571 tvalid=0 tlast=0 trdy=1
[CPP-FLUSH] iter=3572 tvalid=0 tlast=0 trdy=1
[CPP-FLUSH] iter=3573 tvalid=0 tlast=0 trdy=1
[CPP-FLUSH] iter=3574 tvalid=0 tlast=0 trdy=1
[CPP-FLUSH] iter=3575 tvalid=0 tlast=0 trdy=1
[CPP-FLUSH] iter=3576 tvalid=0 tlast=0 trdy=1
[CPP-FLUSH] iter=3577 tvalid=0 tlast=0 trdy=1
[CPP-FLUSH] iter=3578 tvalid=0 tlast=0 trdy=1
[CPP-FLUSH] iter=3579 tvalid=0 tlast=0 trdy=1
[CPP-FLUSH] iter=3580 tvalid=0 tlast=0 trdy=1
[CPP-FLUSH] iter=3581 tvalid=0 tlast=0 trdy=1
[CPP-FLUSH] iter=3582 tvalid=0 tlast=0 trdy=1
[CPP-FLUSH] iter=3583 tvalid=0 tlast=0 trdy=1
[CPP-FLUSH] iter=3584 tvalid=0 tlast=0 trdy=1
[CPP-FLUSH] iter=3585 tvalid=0 tlast=0 trdy=1
[CPP-FLUSH] iter=3586 tvalid=0 tlast=0 trdy=1
[CPP-FLUSH] iter=3587 tvalid=0 tlast=0 trdy=1
[CPP-FLUSH] iter=3588 tvalid=0 tlast=0 trdy=1
[CPP-FLUSH] iter=3589 tvalid=0 tlast=0 trdy=1
[CPP-FLUSH] iter=3590 tvalid=0 tlast=0 trdy=1
[CPP-FLUSH] iter=3591 tvalid=0 tlast=0 trdy=1
[CPP-FLUSH] iter=3592 tvalid=0 tlast=0 trdy=1
[CPP-FLUSH] iter=3593 tvalid=0 tlast=0 trdy=1
[CPP-FLUSH] iter=3594 tvalid=0 tlast=0 trdy=1
[CPP-FLUSH] iter=3595 tvalid=0 tlast=0 trdy=1
[CPP-FLUSH] iter=3596 tvalid=0 tlast=0 trdy=1
[CPP-FLUSH] iter=3597 tvalid=0 tlast=0 trdy=1
[CPP-FLUSH] iter=3598 tvalid=0 tlast=0 trdy=1
[CPP-FLUSH] iter=3599 tvalid=0 tlast=0 trdy=1
[CPP-FLUSH] iter=3600 tvalid=0 tlast=0 trdy=1
[CPP-FLUSH] iter=3601 tvalid=0 tlast=0 trdy=1
[CPP-FLUSH] iter=3602 tvalid=0 tlast=0 trdy=1
[CPP-FLUSH] iter=3603 tvalid=0 tlast=0 trdy=1
[CPP-FLUSH] iter=3604 tvalid=0 tlast=0 trdy=1
[CPP-FLUSH] iter=3605 tvalid=0 tlast=0 trdy=1
[CPP-FLUSH] iter=3606 tvalid=0 tlast=0 trdy=1
[CPP-FLUSH] iter=3607 tvalid=0 tlast=0 trdy=1
[CPP-FLUSH] iter=3608 tvalid=0 tlast=0 trdy=1
[CPP-FLUSH] iter=3609 tvalid=0 tlast=0 trdy=1
[CPP-FLUSH] iter=3610 tvalid=0 tlast=0 trdy=1
[CPP-FLUSH] iter=3611 tvalid=0 tlast=0 trdy=1
[CPP-FLUSH] iter=3612 tvalid=0 tlast=0 trdy=1
[CPP-FLUSH] iter=3613 tvalid=0 tlast=0 trdy=1
[CPP-FLUSH] iter=3614 tvalid=0 tlast=0 trdy=1
[CPP-FLUSH] iter=3615 tvalid=0 tlast=0 trdy=1
[CPP-FLUSH] iter=3616 tvalid=0 tlast=0 trdy=1
[CPP-FLUSH] iter=3617 tvalid=0 tlast=0 trdy=1
[CPP-FLUSH] iter=3618 tvalid=0 tlast=0 trdy=1
[CPP-FLUSH] iter=3619 tvalid=0 tlast=0 trdy=1
[CPP-FLUSH] iter=3620 tvalid=0 tlast=0 trdy=1
[CPP-FLUSH] iter=3621 tvalid=0 tlast=0 trdy=1
[CPP-FLUSH] iter=3622 tvalid=0 tlast=0 trdy=1
[CPP-FLUSH] iter=3623 tvalid=0 tlast=0 trdy=1
[CPP-FLUSH] iter=3624 tvalid=0 tlast=0 trdy=1
[CPP-FLUSH] iter=3625 tvalid=0 tlast=0 trdy=1
[CPP-FLUSH] iter=3626 tvalid=0 tlast=0 trdy=1
[CPP-FLUSH] iter=3627 tvalid=0 tlast=0 trdy=1
[CPP-FLUSH] iter=3628 tvalid=0 tlast=0 trdy=1
[CPP-FLUSH] iter=3629 tvalid=0 tlast=0 trdy=1
[CPP-FLUSH] iter=3630 tvalid=0 tlast=0 trdy=1
[CPP-FLUSH] iter=3631 tvalid=0 tlast=0 trdy=1
[CPP-FLUSH] iter=3632 tvalid=0 tlast=0 trdy=1
[CPP-FLUSH] iter=3633 tvalid=0 tlast=0 trdy=1
[CPP-FLUSH] iter=3634 tvalid=0 tlast=0 trdy=1
[CPP-FLUSH] iter=3635 tvalid=0 tlast=0 trdy=1
[CPP-FLUSH] iter=3636 tvalid=0 tlast=0 trdy=1
[CPP-FLUSH] iter=3637 tvalid=0 tlast=0 trdy=1
[CPP-FLUSH] iter=3638 tvalid=0 tlast=0 trdy=1
[CPP-FLUSH] iter=3639 tvalid=0 tlast=0 trdy=1
[CPP-FLUSH] iter=3640 tvalid=0 tlast=0 trdy=1
[CPP-FLUSH] iter=3641 tvalid=0 tlast=0 trdy=1
[CPP-FLUSH] iter=3642 tvalid=0 tlast=0 trdy=1
[CPP-FLUSH] iter=3643 tvalid=0 tlast=0 trdy=1
[CPP-FLUSH] iter=3644 tvalid=0 tlast=0 trdy=1
[CPP-FLUSH] iter=3645 tvalid=0 tlast=0 trdy=1
[CPP-FLUSH] iter=3646 tvalid=0 tlast=0 trdy=1
[CPP-FLUSH] iter=3647 tvalid=0 tlast=0 trdy=1
[CPP-FLUSH] iter=3648 tvalid=0 tlast=0 trdy=1
[CPP-FLUSH] iter=3649 tvalid=0 tlast=0 trdy=1
[CPP-FLUSH] iter=3650 tvalid=0 tlast=0 trdy=1
[CPP-FLUSH] iter=3651 tvalid=0 tlast=0 trdy=1
[CPP-FLUSH] iter=3652 tvalid=0 tlast=0 trdy=1
[CPP-FLUSH] iter=3653 tvalid=0 tlast=0 trdy=1
[CPP-FLUSH] iter=3654 tvalid=0 tlast=0 trdy=1
[CPP-FLUSH] iter=3655 tvalid=0 tlast=0 trdy=1
[CPP-FLUSH] iter=3656 tvalid=0 tlast=0 trdy=1
[CPP-FLUSH] iter=3657 tvalid=0 tlast=0 trdy=1
[CPP-FLUSH] iter=3658 tvalid=0 tlast=0 trdy=1
[CPP-FLUSH] iter=3659 tvalid=0 tlast=0 trdy=1
[CPP-FLUSH] iter=3660 tvalid=0 tlast=0 trdy=1
[CPP-FLUSH] iter=3661 tvalid=0 tlast=0 trdy=1
[CPP-FLUSH] iter=3662 tvalid=0 tlast=0 trdy=1
[CPP-FLUSH] iter=3663 tvalid=0 tlast=0 trdy=1
[CPP-FLUSH] iter=3664 tvalid=0 tlast=0 trdy=1
[CPP-FLUSH] iter=3665 tvalid=0 tlast=0 trdy=1
[CPP-FLUSH] iter=3666 tvalid=0 tlast=0 trdy=1
[CPP-FLUSH] iter=3667 tvalid=0 tlast=0 trdy=1
[CPP-FLUSH] iter=3668 tvalid=0 tlast=0 trdy=1
[CPP-FLUSH] iter=3669 tvalid=0 tlast=0 trdy=1
[CPP-FLUSH] iter=3670 tvalid=0 tlast=0 trdy=1
[CPP-FLUSH] iter=3671 tvalid=0 tlast=0 trdy=1
[CPP-FLUSH] iter=3672 tvalid=0 tlast=0 trdy=1
[CPP-FLUSH] iter=3673 tvalid=0 tlast=0 trdy=1
[CPP-FLUSH] iter=3674 tvalid=0 tlast=0 trdy=1
[CPP-FLUSH] iter=3675 tvalid=0 tlast=0 trdy=1
[CPP-FLUSH] iter=3676 tvalid=0 tlast=0 trdy=1
[CPP-FLUSH] iter=3677 tvalid=0 tlast=0 trdy=1
[CPP-FLUSH] iter=3678 tvalid=0 tlast=0 trdy=1
[CPP-FLUSH] iter=3679 tvalid=0 tlast=0 trdy=1
[CPP-FLUSH] iter=3680 tvalid=0 tlast=0 trdy=1
[CPP-FLUSH] iter=3681 tvalid=0 tlast=0 trdy=1
[CPP-FLUSH] iter=3682 tvalid=0 tlast=0 trdy=1
[CPP-FLUSH] iter=3683 tvalid=0 tlast=0 trdy=1
[CPP-FLUSH] iter=3684 tvalid=0 tlast=0 trdy=1
[CPP-FLUSH] iter=3685 tvalid=0 tlast=0 trdy=1
[CPP-FLUSH] iter=3686 tvalid=0 tlast=0 trdy=1
[CPP-FLUSH] iter=3687 tvalid=0 tlast=0 trdy=1
[CPP-FLUSH] iter=3688 tvalid=0 tlast=0 trdy=1
[CPP-FLUSH] iter=3689 tvalid=0 tlast=0 trdy=1
[CPP-FLUSH] iter=3690 tvalid=0 tlast=0 trdy=1
[CPP-FLUSH] iter=3691 tvalid=0 tlast=0 trdy=1
[CPP-FLUSH] iter=3692 tvalid=0 tlast=0 trdy=1
[CPP-FLUSH] iter=3693 tvalid=0 tlast=0 trdy=1
[CPP-FLUSH] iter=3694 tvalid=0 tlast=0 trdy=1
[CPP-FLUSH] iter=3695 tvalid=0 tlast=0 trdy=1
[CPP-FLUSH] iter=3696 tvalid=0 tlast=0 trdy=1
[CPP-FLUSH] iter=3697 tvalid=0 tlast=0 trdy=1
[CPP-FLUSH] iter=3698 tvalid=0 tlast=0 trdy=1
[CPP-FLUSH] iter=3699 tvalid=0 tlast=0 trdy=1
[CPP-FLUSH] iter=3700 tvalid=0 tlast=0 trdy=1
[CPP-FLUSH] iter=3701 tvalid=0 tlast=0 trdy=1
[CPP-FLUSH] iter=3702 tvalid=0 tlast=0 trdy=1
[CPP-FLUSH] iter=3703 tvalid=0 tlast=0 trdy=1
[CPP-FLUSH] iter=3704 tvalid=0 tlast=0 trdy=1
[CPP-FLUSH] iter=3705 tvalid=0 tlast=0 trdy=1
[CPP-FLUSH] iter=3706 tvalid=0 tlast=0 trdy=1
[CPP-FLUSH] iter=3707 tvalid=0 tlast=0 trdy=1
[CPP-FLUSH] iter=3708 tvalid=0 tlast=0 trdy=1
[CPP-FLUSH] iter=3709 tvalid=0 tlast=0 trdy=1
[CPP-FLUSH] iter=3710 tvalid=0 tlast=0 trdy=1
[CPP-FLUSH] iter=3711 tvalid=0 tlast=0 trdy=1
[CPP-FLUSH] iter=3712 tvalid=0 tlast=0 trdy=1
[CPP-FLUSH] iter=3713 tvalid=0 tlast=0 trdy=1
[CPP-FLUSH] iter=3714 tvalid=0 tlast=0 trdy=1
[CPP-FLUSH] iter=3715 tvalid=0 tlast=0 trdy=1
[CPP-FLUSH] iter=3716 tvalid=0 tlast=0 trdy=1
[CPP-FLUSH] iter=3717 tvalid=0 tlast=0 trdy=1
[CPP-FLUSH] iter=3718 tvalid=0 tlast=0 trdy=1
[CPP-FLUSH] iter=3719 tvalid=0 tlast=0 trdy=1
[CPP-FLUSH] iter=3720 tvalid=0 tlast=0 trdy=1
[CPP-FLUSH] iter=3721 tvalid=0 tlast=0 trdy=1
[CPP-FLUSH] iter=3722 tvalid=0 tlast=0 trdy=1
[CPP-FLUSH] iter=3723 tvalid=0 tlast=0 trdy=1
[CPP-FLUSH] iter=3724 tvalid=0 tlast=0 trdy=1
[CPP-FLUSH] iter=3725 tvalid=0 tlast=0 trdy=1
[CPP-FLUSH] iter=3726 tvalid=0 tlast=0 trdy=1
[CPP-FLUSH] iter=3727 tvalid=0 tlast=0 trdy=1
[CPP-FLUSH] iter=3728 tvalid=0 tlast=0 trdy=1
[CPP-FLUSH] iter=3729 tvalid=0 tlast=0 trdy=1
[CPP-FLUSH] iter=3730 tvalid=0 tlast=0 trdy=1
[CPP-FLUSH] iter=3731 tvalid=0 tlast=0 trdy=1
[CPP-FLUSH] iter=3732 tvalid=0 tlast=0 trdy=1
[CPP-FLUSH] iter=3733 tvalid=0 tlast=0 trdy=1
[CPP-FLUSH] iter=3734 tvalid=0 tlast=0 trdy=1
[CPP-FLUSH] iter=3735 tvalid=0 tlast=0 trdy=1
[CPP-FLUSH] iter=3736 tvalid=0 tlast=0 trdy=1
[CPP-FLUSH] iter=3737 tvalid=0 tlast=0 trdy=1
[CPP-FLUSH] iter=3738 tvalid=0 tlast=0 trdy=1
[CPP-FLUSH] iter=3739 tvalid=0 tlast=0 trdy=1
[CPP-FLUSH] iter=3740 tvalid=0 tlast=0 trdy=1
[CPP-FLUSH] iter=3741 tvalid=0 tlast=0 trdy=1
[CPP-FLUSH] iter=3742 tvalid=0 tlast=0 trdy=1
[CPP-FLUSH] iter=3743 tvalid=0 tlast=0 trdy=1
[CPP-FLUSH] iter=3744 tvalid=0 tlast=0 trdy=1
[CPP-FLUSH] iter=3745 tvalid=0 tlast=0 trdy=1
[CPP-FLUSH] iter=3746 tvalid=0 tlast=0 trdy=1
[CPP-FLUSH] iter=3747 tvalid=0 tlast=0 trdy=1
[CPP-FLUSH] iter=3748 tvalid=0 tlast=0 trdy=1
[CPP-FLUSH] iter=3749 tvalid=0 tlast=0 trdy=1
[CPP-FLUSH] iter=3750 tvalid=0 tlast=0 trdy=1
[CPP-FLUSH] iter=3751 tvalid=0 tlast=0 trdy=1
[CPP-FLUSH] iter=3752 tvalid=0 tlast=0 trdy=1
[CPP-FLUSH] iter=3753 tvalid=0 tlast=0 trdy=1
[CPP-FLUSH] iter=3754 tvalid=0 tlast=0 trdy=1
[CPP-FLUSH] iter=3755 tvalid=0 tlast=0 trdy=1
[CPP-FLUSH] iter=3756 tvalid=0 tlast=0 trdy=1
[CPP-FLUSH] iter=3757 tvalid=0 tlast=0 trdy=1
[CPP-FLUSH] iter=3758 tvalid=0 tlast=0 trdy=1
[CPP-FLUSH] iter=3759 tvalid=0 tlast=0 trdy=1
[CPP-FLUSH] iter=3760 tvalid=0 tlast=0 trdy=1
[CPP-FLUSH] iter=3761 tvalid=0 tlast=0 trdy=1
[CPP-FLUSH] iter=3762 tvalid=0 tlast=0 trdy=1
[CPP-FLUSH] iter=3763 tvalid=0 tlast=0 trdy=1
[CPP-FLUSH] iter=3764 tvalid=0 tlast=0 trdy=1
[CPP-FLUSH] iter=3765 tvalid=0 tlast=0 trdy=1
[CPP-FLUSH] iter=3766 tvalid=0 tlast=0 trdy=1
[CPP-FLUSH] iter=3767 tvalid=0 tlast=0 trdy=1
[CPP-FLUSH] iter=3768 tvalid=0 tlast=0 trdy=1
[CPP-FLUSH] iter=3769 tvalid=0 tlast=0 trdy=1
[CPP-FLUSH] iter=3770 tvalid=0 tlast=0 trdy=1
[CPP-FLUSH] iter=3771 tvalid=0 tlast=0 trdy=1
[CPP-FLUSH] iter=3772 tvalid=0 tlast=0 trdy=1
[CPP-FLUSH] iter=3773 tvalid=0 tlast=0 trdy=1
[CPP-FLUSH] iter=3774 tvalid=0 tlast=0 trdy=1
[CPP-FLUSH] iter=3775 tvalid=0 tlast=0 trdy=1
[CPP-FLUSH] iter=3776 tvalid=0 tlast=0 trdy=1
[CPP-FLUSH] iter=3777 tvalid=0 tlast=0 trdy=1
[CPP-FLUSH] iter=3778 tvalid=0 tlast=0 trdy=1
[CPP-FLUSH] iter=3779 tvalid=0 tlast=0 trdy=1
[CPP-FLUSH] iter=3780 tvalid=0 tlast=0 trdy=1
[CPP-FLUSH] iter=3781 tvalid=0 tlast=0 trdy=1
[CPP-FLUSH] iter=3782 tvalid=0 tlast=0 trdy=1
[CPP-FLUSH] iter=3783 tvalid=0 tlast=0 trdy=1
[CPP-FLUSH] iter=3784 tvalid=0 tlast=0 trdy=1
[CPP-FLUSH] iter=3785 tvalid=0 tlast=0 trdy=1
[CPP-FLUSH] iter=3786 tvalid=0 tlast=0 trdy=1
[CPP-FLUSH] iter=3787 tvalid=0 tlast=0 trdy=1
[CPP-FLUSH] iter=3788 tvalid=0 tlast=0 trdy=1
[CPP-FLUSH] iter=3789 tvalid=0 tlast=0 trdy=1
[CPP-FLUSH] iter=3790 tvalid=0 tlast=0 trdy=1
[CPP-FLUSH] iter=3791 tvalid=0 tlast=0 trdy=1
[CPP-FLUSH] iter=3792 tvalid=0 tlast=0 trdy=1
[CPP-FLUSH] iter=3793 tvalid=0 tlast=0 trdy=1
[CPP-FLUSH] iter=3794 tvalid=0 tlast=0 trdy=1
[CPP-FLUSH] iter=3795 tvalid=0 tlast=0 trdy=1
[CPP-FLUSH] iter=3796 tvalid=0 tlast=0 trdy=1
[CPP-FLUSH] iter=3797 tvalid=0 tlast=0 trdy=1
[CPP-FLUSH] iter=3798 tvalid=0 tlast=0 trdy=1
[CPP-FLUSH] iter=3799 tvalid=0 tlast=0 trdy=1
[CPP-FLUSH] iter=3800 tvalid=0 tlast=0 trdy=1
[CPP-FLUSH] iter=3801 tvalid=0 tlast=0 trdy=1
[CPP-FLUSH] iter=3802 tvalid=0 tlast=0 trdy=1
[CPP-FLUSH] iter=3803 tvalid=0 tlast=0 trdy=1
[CPP-FLUSH] iter=3804 tvalid=0 tlast=0 trdy=1
[CPP-FLUSH] iter=3805 tvalid=0 tlast=0 trdy=1
[CPP-FLUSH] iter=3806 tvalid=0 tlast=0 trdy=1
[CPP-FLUSH] iter=3807 tvalid=0 tlast=0 trdy=1
[CPP-FLUSH] iter=3808 tvalid=0 tlast=0 trdy=1
[CPP-FLUSH] iter=3809 tvalid=0 tlast=0 trdy=1
[CPP-FLUSH] iter=3810 tvalid=0 tlast=0 trdy=1
[CPP-FLUSH] iter=3811 tvalid=0 tlast=0 trdy=1
[CPP-FLUSH] iter=3812 tvalid=0 tlast=0 trdy=1
[CPP-FLUSH] iter=3813 tvalid=0 tlast=0 trdy=1
[CPP-FLUSH] iter=3814 tvalid=0 tlast=0 trdy=1
[CPP-FLUSH] iter=3815 tvalid=0 tlast=0 trdy=1
[CPP-FLUSH] iter=3816 tvalid=0 tlast=0 trdy=1
[CPP-FLUSH] iter=3817 tvalid=0 tlast=0 trdy=1
[CPP-FLUSH] iter=3818 tvalid=0 tlast=0 trdy=1
[CPP-FLUSH] iter=3819 tvalid=0 tlast=0 trdy=1
[CPP-FLUSH] iter=3820 tvalid=0 tlast=0 trdy=1
[CPP-FLUSH] iter=3821 tvalid=0 tlast=0 trdy=1
[CPP-FLUSH] iter=3822 tvalid=0 tlast=0 trdy=1
[CPP-FLUSH] iter=3823 tvalid=0 tlast=0 trdy=1
[CPP-FLUSH] iter=3824 tvalid=0 tlast=0 trdy=1
[CPP-FLUSH] iter=3825 tvalid=0 tlast=0 trdy=1
[CPP-FLUSH] iter=3826 tvalid=0 tlast=0 trdy=1
[CPP-FLUSH] iter=3827 tvalid=0 tlast=0 trdy=1
[CPP-FLUSH] iter=3828 tvalid=0 tlast=0 trdy=1
[CPP-FLUSH] iter=3829 tvalid=0 tlast=0 trdy=1
[CPP-FLUSH] iter=3830 tvalid=0 tlast=0 trdy=1
[CPP-FLUSH] iter=3831 tvalid=0 tlast=0 trdy=1
[CPP-FLUSH] iter=3832 tvalid=0 tlast=0 trdy=1
[CPP-FLUSH] iter=3833 tvalid=0 tlast=0 trdy=1
[CPP-FLUSH] iter=3834 tvalid=0 tlast=0 trdy=1
[CPP-FLUSH] iter=3835 tvalid=0 tlast=0 trdy=1
[CPP-FLUSH] iter=3836 tvalid=0 tlast=0 trdy=1
[CPP-FLUSH] iter=3837 tvalid=0 tlast=0 trdy=1
[CPP-FLUSH] iter=3838 tvalid=0 tlast=0 trdy=1
[CPP-FLUSH] iter=3839 tvalid=0 tlast=0 trdy=1
[CPP-FLUSH] iter=3840 tvalid=0 tlast=0 trdy=1
[CPP-FLUSH] iter=3841 tvalid=0 tlast=0 trdy=1
[CPP-FLUSH] iter=3842 tvalid=0 tlast=0 trdy=1
[CPP-FLUSH] iter=3843 tvalid=0 tlast=0 trdy=1
[CPP-FLUSH] iter=3844 tvalid=0 tlast=0 trdy=1
[CPP-FLUSH] iter=3845 tvalid=0 tlast=0 trdy=1
[CPP-FLUSH] iter=3846 tvalid=0 tlast=0 trdy=1
[CPP-FLUSH] iter=3847 tvalid=0 tlast=0 trdy=1
[CPP-FLUSH] iter=3848 tvalid=0 tlast=0 trdy=1
[CPP-FLUSH] iter=3849 tvalid=0 tlast=0 trdy=1
[CPP-FLUSH] iter=3850 tvalid=0 tlast=0 trdy=1
[CPP-FLUSH] iter=3851 tvalid=0 tlast=0 trdy=1
[CPP-FLUSH] iter=3852 tvalid=0 tlast=0 trdy=1
[CPP-FLUSH] iter=3853 tvalid=0 tlast=0 trdy=1
[CPP-FLUSH] iter=3854 tvalid=0 tlast=0 trdy=1
[CPP-FLUSH] iter=3855 tvalid=0 tlast=0 trdy=1
[CPP-FLUSH] iter=3856 tvalid=0 tlast=0 trdy=1
[CPP-FLUSH] iter=3857 tvalid=0 tlast=0 trdy=1
[CPP-FLUSH] iter=3858 tvalid=0 tlast=0 trdy=1
[CPP-FLUSH] iter=3859 tvalid=0 tlast=0 trdy=1
[CPP-FLUSH] iter=3860 tvalid=0 tlast=0 trdy=1
[CPP-FLUSH] iter=3861 tvalid=0 tlast=0 trdy=1
[CPP-FLUSH] iter=3862 tvalid=0 tlast=0 trdy=1
[CPP-FLUSH] iter=3863 tvalid=0 tlast=0 trdy=1
[CPP-FLUSH] iter=3864 tvalid=0 tlast=0 trdy=1
[CPP-FLUSH] iter=3865 tvalid=0 tlast=0 trdy=1
[CPP-FLUSH] iter=3866 tvalid=0 tlast=0 trdy=1
[CPP-FLUSH] iter=3867 tvalid=0 tlast=0 trdy=1
[CPP-FLUSH] iter=3868 tvalid=0 tlast=0 trdy=1
[CPP-FLUSH] iter=3869 tvalid=0 tlast=0 trdy=1
[CPP-FLUSH] iter=3870 tvalid=0 tlast=0 trdy=1
[CPP-FLUSH] iter=3871 tvalid=0 tlast=0 trdy=1
[CPP-FLUSH] iter=3872 tvalid=0 tlast=0 trdy=1
[CPP-FLUSH] iter=3873 tvalid=0 tlast=0 trdy=1
[CPP-FLUSH] iter=3874 tvalid=0 tlast=0 trdy=1
[CPP-FLUSH] iter=3875 tvalid=0 tlast=0 trdy=1
[CPP-FLUSH] iter=3876 tvalid=0 tlast=0 trdy=1
[CPP-FLUSH] iter=3877 tvalid=0 tlast=0 trdy=1
[CPP-FLUSH] iter=3878 tvalid=0 tlast=0 trdy=1
[CPP-FLUSH] iter=3879 tvalid=0 tlast=0 trdy=1
[CPP-FLUSH] iter=3880 tvalid=0 tlast=0 trdy=1
[CPP-FLUSH] iter=3881 tvalid=0 tlast=0 trdy=1
[CPP-FLUSH] iter=3882 tvalid=0 tlast=0 trdy=1
[CPP-FLUSH] iter=3883 tvalid=0 tlast=0 trdy=1
[CPP-FLUSH] iter=3884 tvalid=0 tlast=0 trdy=1
[CPP-FLUSH] iter=3885 tvalid=0 tlast=0 trdy=1
[CPP-FLUSH] iter=3886 tvalid=0 tlast=0 trdy=1
[CPP-FLUSH] iter=3887 tvalid=0 tlast=0 trdy=1
[CPP-FLUSH] iter=3888 tvalid=0 tlast=0 trdy=1
[CPP-FLUSH] iter=3889 tvalid=0 tlast=0 trdy=1
[CPP-FLUSH] iter=3890 tvalid=0 tlast=0 trdy=1
[CPP-FLUSH] iter=3891 tvalid=0 tlast=0 trdy=1
[CPP-FLUSH] iter=3892 tvalid=0 tlast=0 trdy=1
[CPP-FLUSH] iter=3893 tvalid=0 tlast=0 trdy=1
[CPP-FLUSH] iter=3894 tvalid=0 tlast=0 trdy=1
[CPP-FLUSH] iter=3895 tvalid=0 tlast=0 trdy=1
[CPP-FLUSH] iter=3896 tvalid=0 tlast=0 trdy=1
[CPP-FLUSH] iter=3897 tvalid=0 tlast=0 trdy=1
[CPP-FLUSH] iter=3898 tvalid=0 tlast=0 trdy=1
[CPP-FLUSH] iter=3899 tvalid=0 tlast=0 trdy=1
[CPP-FLUSH] iter=3900 tvalid=0 tlast=0 trdy=1
[CPP-FLUSH] iter=3901 tvalid=0 tlast=0 trdy=1
[CPP-FLUSH] iter=3902 tvalid=0 tlast=0 trdy=1
[CPP-FLUSH] iter=3903 tvalid=0 tlast=0 trdy=1
[CPP-FLUSH] iter=3904 tvalid=0 tlast=0 trdy=1
[CPP-FLUSH] iter=3905 tvalid=0 tlast=0 trdy=1
[CPP-FLUSH] iter=3906 tvalid=0 tlast=0 trdy=1
[CPP-FLUSH] iter=3907 tvalid=0 tlast=0 trdy=1
[CPP-FLUSH] iter=3908 tvalid=0 tlast=0 trdy=1
[CPP-FLUSH] iter=3909 tvalid=0 tlast=0 trdy=1
[CPP-FLUSH] iter=3910 tvalid=0 tlast=0 trdy=1
[CPP-FLUSH] iter=3911 tvalid=0 tlast=0 trdy=1
[CPP-FLUSH] iter=3912 tvalid=0 tlast=0 trdy=1
[CPP-FLUSH] iter=3913 tvalid=0 tlast=0 trdy=1
[CPP-FLUSH] iter=3914 tvalid=0 tlast=0 trdy=1
[CPP-FLUSH] iter=3915 tvalid=0 tlast=0 trdy=1
[CPP-FLUSH] iter=3916 tvalid=0 tlast=0 trdy=1
[CPP-FLUSH] iter=3917 tvalid=0 tlast=0 trdy=1
[CPP-FLUSH] iter=3918 tvalid=0 tlast=0 trdy=1
[CPP-FLUSH] iter=3919 tvalid=0 tlast=0 trdy=1
[CPP-FLUSH] iter=3920 tvalid=0 tlast=0 trdy=1
[CPP-FLUSH] iter=3921 tvalid=0 tlast=0 trdy=1
[CPP-FLUSH] iter=3922 tvalid=0 tlast=0 trdy=1
[CPP-FLUSH] iter=3923 tvalid=0 tlast=0 trdy=1
[CPP-FLUSH] iter=3924 tvalid=0 tlast=0 trdy=1
[CPP-FLUSH] iter=3925 tvalid=0 tlast=0 trdy=1
[CPP-FLUSH] iter=3926 tvalid=0 tlast=0 trdy=1
[CPP-FLUSH] iter=3927 tvalid=0 tlast=0 trdy=1
[CPP-FLUSH] iter=3928 tvalid=0 tlast=0 trdy=1
[CPP-FLUSH] iter=3929 tvalid=0 tlast=0 trdy=1
[CPP-FLUSH] iter=3930 tvalid=0 tlast=0 trdy=1
[CPP-FLUSH] iter=3931 tvalid=0 tlast=0 trdy=1
[CPP-FLUSH] iter=3932 tvalid=0 tlast=0 trdy=1
[CPP-FLUSH] iter=3933 tvalid=0 tlast=0 trdy=1
[CPP-FLUSH] iter=3934 tvalid=0 tlast=0 trdy=1
[CPP-FLUSH] iter=3935 tvalid=0 tlast=0 trdy=1
[CPP-FLUSH] iter=3936 tvalid=0 tlast=0 trdy=1
[CPP-FLUSH] iter=3937 tvalid=0 tlast=0 trdy=1
[CPP-FLUSH] iter=3938 tvalid=0 tlast=0 trdy=1
[CPP-FLUSH] iter=3939 tvalid=0 tlast=0 trdy=1
[CPP-FLUSH] iter=3940 tvalid=0 tlast=0 trdy=1
[CPP-FLUSH] iter=3941 tvalid=0 tlast=0 trdy=1
[CPP-FLUSH] iter=3942 tvalid=0 tlast=0 trdy=1
[CPP-FLUSH] iter=3943 tvalid=0 tlast=0 trdy=1
[CPP-FLUSH] iter=3944 tvalid=0 tlast=0 trdy=1
[CPP-FLUSH] iter=3945 tvalid=0 tlast=0 trdy=1
[CPP-FLUSH] iter=3946 tvalid=0 tlast=0 trdy=1
[CPP-FLUSH] iter=3947 tvalid=0 tlast=0 trdy=1
[CPP-FLUSH] iter=3948 tvalid=0 tlast=0 trdy=1
[CPP-FLUSH] iter=3949 tvalid=0 tlast=0 trdy=1
[CPP-FLUSH] iter=3950 tvalid=0 tlast=0 trdy=1
[CPP-FLUSH] iter=3951 tvalid=0 tlast=0 trdy=1
[CPP-FLUSH] iter=3952 tvalid=0 tlast=0 trdy=1
[CPP-FLUSH] iter=3953 tvalid=0 tlast=0 trdy=1
[CPP-FLUSH] iter=3954 tvalid=0 tlast=0 trdy=1
[CPP-FLUSH] iter=3955 tvalid=0 tlast=0 trdy=1
[CPP-FLUSH] iter=3956 tvalid=0 tlast=0 trdy=1
[CPP-FLUSH] iter=3957 tvalid=0 tlast=0 trdy=1
[CPP-FLUSH] iter=3958 tvalid=0 tlast=0 trdy=1
[CPP-FLUSH] iter=3959 tvalid=0 tlast=0 trdy=1
[CPP-FLUSH] iter=3960 tvalid=0 tlast=0 trdy=1
[CPP-FLUSH] iter=3961 tvalid=0 tlast=0 trdy=1
[CPP-FLUSH] iter=3962 tvalid=0 tlast=0 trdy=1
[CPP-FLUSH] iter=3963 tvalid=0 tlast=0 trdy=1
[CPP-FLUSH] iter=3964 tvalid=0 tlast=0 trdy=1
[CPP-FLUSH] iter=3965 tvalid=0 tlast=0 trdy=1
[CPP-FLUSH] iter=3966 tvalid=0 tlast=0 trdy=1
[CPP-FLUSH] iter=3967 tvalid=0 tlast=0 trdy=1
[CPP-FLUSH] iter=3968 tvalid=0 tlast=0 trdy=1
[CPP-FLUSH] iter=3969 tvalid=0 tlast=0 trdy=1
[CPP-FLUSH] iter=3970 tvalid=0 tlast=0 trdy=1
[CPP-FLUSH] iter=3971 tvalid=0 tlast=0 trdy=1
[CPP-FLUSH] iter=3972 tvalid=0 tlast=0 trdy=1
[CPP-FLUSH] iter=3973 tvalid=0 tlast=0 trdy=1
[CPP-FLUSH] iter=3974 tvalid=0 tlast=0 trdy=1
[CPP-FLUSH] iter=3975 tvalid=0 tlast=0 trdy=1
[CPP-FLUSH] iter=3976 tvalid=0 tlast=0 trdy=1
[CPP-FLUSH] iter=3977 tvalid=0 tlast=0 trdy=1
[CPP-FLUSH] iter=3978 tvalid=0 tlast=0 trdy=1
[CPP-FLUSH] iter=3979 tvalid=0 tlast=0 trdy=1
[CPP-FLUSH] iter=3980 tvalid=0 tlast=0 trdy=1
[CPP-FLUSH] iter=3981 tvalid=0 tlast=0 trdy=1
[CPP-FLUSH] iter=3982 tvalid=0 tlast=0 trdy=1
[CPP-FLUSH] iter=3983 tvalid=0 tlast=0 trdy=1
[CPP-FLUSH] iter=3984 tvalid=0 tlast=0 trdy=1
[CPP-FLUSH] iter=3985 tvalid=0 tlast=0 trdy=1
[CPP-FLUSH] iter=3986 tvalid=0 tlast=0 trdy=1
[CPP-FLUSH] iter=3987 tvalid=0 tlast=0 trdy=1
[CPP-FLUSH] iter=3988 tvalid=0 tlast=0 trdy=1
[CPP-FLUSH] iter=3989 tvalid=0 tlast=0 trdy=1
[CPP-FLUSH] iter=3990 tvalid=0 tlast=0 trdy=1
[CPP-FLUSH] iter=3991 tvalid=0 tlast=0 trdy=1
[CPP-FLUSH] iter=3992 tvalid=0 tlast=0 trdy=1
[CPP-FLUSH] iter=3993 tvalid=0 tlast=0 trdy=1
[CPP-FLUSH] iter=3994 tvalid=0 tlast=0 trdy=1
[CPP-FLUSH] iter=3995 tvalid=0 tlast=0 trdy=1
[CPP-FLUSH] iter=3996 tvalid=0 tlast=0 trdy=1
[CPP-FLUSH] iter=3997 tvalid=0 tlast=0 trdy=1
[CPP-FLUSH] iter=3998 tvalid=0 tlast=0 trdy=1
[CPP-FLUSH] iter=3999 tvalid=0 tlast=0 trdy=1
[CPP-FLUSH] iter=4000 tvalid=0 tlast=0 trdy=1
[CPP-FLUSH] iter=4001 tvalid=0 tlast=0 trdy=1
[CPP-FLUSH] iter=4002 tvalid=0 tlast=0 trdy=1
[CPP-FLUSH] iter=4003 tvalid=0 tlast=0 trdy=1
[CPP-FLUSH] iter=4004 tvalid=0 tlast=0 trdy=1
[CPP-FLUSH] iter=4005 tvalid=0 tlast=0 trdy=1
[CPP-FLUSH] iter=4006 tvalid=0 tlast=0 trdy=1
[CPP-FLUSH] iter=4007 tvalid=0 tlast=0 trdy=1
[CPP-FLUSH] iter=4008 tvalid=0 tlast=0 trdy=1
[CPP-FLUSH] iter=4009 tvalid=0 tlast=0 trdy=1
[CPP-FLUSH] iter=4010 tvalid=0 tlast=0 trdy=1
[CPP-FLUSH] iter=4011 tvalid=0 tlast=0 trdy=1
[CPP-FLUSH] iter=4012 tvalid=0 tlast=0 trdy=1
[CPP-FLUSH] iter=4013 tvalid=0 tlast=0 trdy=1
[CPP-FLUSH] iter=4014 tvalid=0 tlast=0 trdy=1
[CPP-FLUSH] iter=4015 tvalid=0 tlast=0 trdy=1
[CPP-FLUSH] iter=4016 tvalid=0 tlast=0 trdy=1
[CPP-FLUSH] iter=4017 tvalid=0 tlast=0 trdy=1
[CPP-FLUSH] iter=4018 tvalid=0 tlast=0 trdy=1
[CPP-FLUSH] iter=4019 tvalid=0 tlast=0 trdy=1
[CPP-FLUSH] iter=4020 tvalid=0 tlast=0 trdy=1
[CPP-FLUSH] iter=4021 tvalid=0 tlast=0 trdy=1
[CPP-FLUSH] iter=4022 tvalid=0 tlast=0 trdy=1
[CPP-FLUSH] iter=4023 tvalid=0 tlast=0 trdy=1
[CPP-FLUSH] iter=4024 tvalid=0 tlast=0 trdy=1
[CPP-FLUSH] iter=4025 tvalid=0 tlast=0 trdy=1
[CPP-FLUSH] iter=4026 tvalid=0 tlast=0 trdy=1
[CPP-FLUSH] iter=4027 tvalid=0 tlast=0 trdy=1
[CPP-FLUSH] iter=4028 tvalid=0 tlast=0 trdy=1
[CPP-FLUSH] iter=4029 tvalid=0 tlast=0 trdy=1
[CPP-FLUSH] iter=4030 tvalid=0 tlast=0 trdy=1
[CPP-FLUSH] iter=4031 tvalid=0 tlast=0 trdy=1
[CPP-FLUSH] iter=4032 tvalid=0 tlast=0 trdy=1
[CPP-FLUSH] iter=4033 tvalid=0 tlast=0 trdy=1
[CPP-FLUSH] iter=4034 tvalid=0 tlast=0 trdy=1
[CPP-FLUSH] iter=4035 tvalid=0 tlast=0 trdy=1
[CPP-FLUSH] iter=4036 tvalid=0 tlast=0 trdy=1
[CPP-FLUSH] iter=4037 tvalid=0 tlast=0 trdy=1
[CPP-FLUSH] iter=4038 tvalid=0 tlast=0 trdy=1
[CPP-FLUSH] iter=4039 tvalid=0 tlast=0 trdy=1
[CPP-FLUSH] iter=4040 tvalid=0 tlast=0 trdy=1
[CPP-FLUSH] iter=4041 tvalid=0 tlast=0 trdy=1
[CPP-FLUSH] iter=4042 tvalid=0 tlast=0 trdy=1
[CPP-FLUSH] iter=4043 tvalid=0 tlast=0 trdy=1
[CPP-FLUSH] iter=4044 tvalid=0 tlast=0 trdy=1
[CPP-FLUSH] iter=4045 tvalid=0 tlast=0 trdy=1
[CPP-FLUSH] iter=4046 tvalid=0 tlast=0 trdy=1
[CPP-FLUSH] iter=4047 tvalid=0 tlast=0 trdy=1
[CPP-FLUSH] iter=4048 tvalid=0 tlast=0 trdy=1
[CPP-FLUSH] iter=4049 tvalid=0 tlast=0 trdy=1
[CPP-FLUSH] iter=4050 tvalid=0 tlast=0 trdy=1
[CPP-FLUSH] iter=4051 tvalid=0 tlast=0 trdy=1
[CPP-FLUSH] iter=4052 tvalid=0 tlast=0 trdy=1
[CPP-FLUSH] iter=4053 tvalid=0 tlast=0 trdy=1
[CPP-FLUSH] iter=4054 tvalid=0 tlast=0 trdy=1
[CPP-FLUSH] iter=4055 tvalid=0 tlast=0 trdy=1
[CPP-FLUSH] iter=4056 tvalid=0 tlast=0 trdy=1
[CPP-FLUSH] iter=4057 tvalid=0 tlast=0 trdy=1
[CPP-FLUSH] iter=4058 tvalid=0 tlast=0 trdy=1
[CPP-FLUSH] iter=4059 tvalid=0 tlast=0 trdy=1
[CPP-FLUSH] iter=4060 tvalid=0 tlast=0 trdy=1
[CPP-FLUSH] iter=4061 tvalid=0 tlast=0 trdy=1
[CPP-FLUSH] iter=4062 tvalid=0 tlast=0 trdy=1
[CPP-FLUSH] iter=4063 tvalid=0 tlast=0 trdy=1
[CPP-FLUSH] iter=4064 tvalid=0 tlast=0 trdy=1
[CPP-FLUSH] iter=4065 tvalid=0 tlast=0 trdy=1
[CPP-FLUSH] iter=4066 tvalid=0 tlast=0 trdy=1
[CPP-FLUSH] iter=4067 tvalid=0 tlast=0 trdy=1
[CPP-FLUSH] iter=4068 tvalid=0 tlast=0 trdy=1
[CPP-FLUSH] iter=4069 tvalid=0 tlast=0 trdy=1
[CPP-FLUSH] iter=4070 tvalid=0 tlast=0 trdy=1
[CPP-FLUSH] iter=4071 tvalid=0 tlast=0 trdy=1
[CPP-FLUSH] iter=4072 tvalid=0 tlast=0 trdy=1
[CPP-FLUSH] iter=4073 tvalid=0 tlast=0 trdy=1
[CPP-FLUSH] iter=4074 tvalid=0 tlast=0 trdy=1
[CPP-FLUSH] iter=4075 tvalid=0 tlast=0 trdy=1
[CPP-FLUSH] iter=4076 tvalid=0 tlast=0 trdy=1
[CPP-FLUSH] iter=4077 tvalid=0 tlast=0 trdy=1
[CPP-FLUSH] iter=4078 tvalid=0 tlast=0 trdy=1
[CPP-FLUSH] iter=4079 tvalid=0 tlast=0 trdy=1
[CPP-FLUSH] iter=4080 tvalid=0 tlast=0 trdy=1
[CPP-FLUSH] iter=4081 tvalid=0 tlast=0 trdy=1
[CPP-FLUSH] iter=4082 tvalid=0 tlast=0 trdy=1
[CPP-FLUSH] iter=4083 tvalid=0 tlast=0 trdy=1
[CPP-FLUSH] iter=4084 tvalid=0 tlast=0 trdy=1
[CPP-FLUSH] iter=4085 tvalid=0 tlast=0 trdy=1
[CPP-FLUSH] iter=4086 tvalid=0 tlast=0 trdy=1
[CPP-FLUSH] iter=4087 tvalid=0 tlast=0 trdy=1
[CPP-FLUSH] iter=4088 tvalid=0 tlast=0 trdy=1
[CPP-FLUSH] iter=4089 tvalid=0 tlast=0 trdy=1
[CPP-FLUSH] iter=4090 tvalid=0 tlast=0 trdy=1
[CPP-FLUSH] iter=4091 tvalid=0 tlast=0 trdy=1
[CPP-FLUSH] iter=4092 tvalid=0 tlast=0 trdy=1
[CPP-FLUSH] iter=4093 tvalid=0 tlast=0 trdy=1
[CPP-FLUSH] iter=4094 tvalid=0 tlast=0 trdy=1
[CPP-FLUSH] iter=4095 tvalid=0 tlast=0 trdy=1
[CPP-FLUSH] iter=4096 tvalid=0 tlast=0 trdy=1
[CPP-FLUSH] iter=4097 tvalid=0 tlast=0 trdy=1
[CPP-FLUSH] iter=4098 tvalid=0 tlast=0 trdy=1
[CPP-FLUSH] iter=4099 tvalid=0 tlast=0 trdy=1
[CPP-FLUSH] iter=4100 tvalid=0 tlast=0 trdy=1
[CPP-FLUSH] iter=4101 tvalid=0 tlast=0 trdy=1
[CPP-FLUSH] iter=4102 tvalid=0 tlast=0 trdy=1
[CPP-FLUSH] iter=4103 tvalid=0 tlast=0 trdy=1
[CPP-FLUSH] iter=4104 tvalid=0 tlast=0 trdy=1
[CPP-FLUSH] iter=4105 tvalid=0 tlast=0 trdy=1
[CPP-FLUSH] iter=4106 tvalid=0 tlast=0 trdy=1
[CPP-FLUSH] iter=4107 tvalid=0 tlast=0 trdy=1
[CPP-FLUSH] iter=4108 tvalid=0 tlast=0 trdy=1
[CPP-FLUSH] iter=4109 tvalid=0 tlast=0 trdy=1
[CPP-FLUSH] iter=4110 tvalid=0 tlast=0 trdy=1
[CPP-FLUSH] iter=4111 tvalid=0 tlast=0 trdy=1
[CPP-FLUSH] iter=4112 tvalid=0 tlast=0 trdy=1
[CPP-FLUSH] iter=4113 tvalid=0 tlast=0 trdy=1
[CPP-FLUSH] iter=4114 tvalid=0 tlast=0 trdy=1
[CPP-FLUSH] iter=4115 tvalid=0 tlast=0 trdy=1
[CPP-FLUSH] iter=4116 tvalid=0 tlast=0 trdy=1
[CPP-FLUSH] iter=4117 tvalid=0 tlast=0 trdy=1
[CPP-FLUSH] iter=4118 tvalid=0 tlast=0 trdy=1
[CPP-FLUSH] iter=4119 tvalid=0 tlast=0 trdy=1
[CPP-FLUSH] iter=4120 tvalid=0 tlast=0 trdy=1
[CPP-FLUSH] iter=4121 tvalid=0 tlast=0 trdy=1
[CPP-FLUSH] iter=4122 tvalid=0 tlast=0 trdy=1
[CPP-FLUSH] iter=4123 tvalid=0 tlast=0 trdy=1
[CPP-FLUSH] iter=4124 tvalid=0 tlast=0 trdy=1
[CPP-FLUSH] iter=4125 tvalid=0 tlast=0 trdy=1
[CPP-FLUSH] iter=4126 tvalid=0 tlast=0 trdy=1
[CPP-FLUSH] iter=4127 tvalid=0 tlast=0 trdy=1
[CPP-FLUSH] iter=4128 tvalid=0 tlast=0 trdy=1
[CPP-FLUSH] iter=4129 tvalid=0 tlast=0 trdy=1
[CPP-FLUSH] iter=4130 tvalid=0 tlast=0 trdy=1
[CPP-FLUSH] iter=4131 tvalid=0 tlast=0 trdy=1
[CPP-FLUSH] iter=4132 tvalid=0 tlast=0 trdy=1
[CPP-FLUSH] iter=4133 tvalid=0 tlast=0 trdy=1
[CPP-FLUSH] iter=4134 tvalid=0 tlast=0 trdy=1
[CPP-FLUSH] iter=4135 tvalid=0 tlast=0 trdy=1
[CPP-FLUSH] iter=4136 tvalid=0 tlast=0 trdy=1
[CPP-FLUSH] iter=4137 tvalid=0 tlast=0 trdy=1
[CPP-FLUSH] iter=4138 tvalid=0 tlast=0 trdy=1
[CPP-FLUSH] iter=4139 tvalid=0 tlast=0 trdy=1
[CPP-FLUSH] iter=4140 tvalid=0 tlast=0 trdy=1
[CPP-FLUSH] iter=4141 tvalid=0 tlast=0 trdy=1
[CPP-FLUSH] iter=4142 tvalid=0 tlast=0 trdy=1
[CPP-FLUSH] iter=4143 tvalid=0 tlast=0 trdy=1
[CPP-FLUSH] iter=4144 tvalid=0 tlast=0 trdy=1
[CPP-FLUSH] iter=4145 tvalid=0 tlast=0 trdy=1
[CPP-FLUSH] iter=4146 tvalid=0 tlast=0 trdy=1
[CPP-FLUSH] iter=4147 tvalid=0 tlast=0 trdy=1
[CPP-FLUSH] iter=4148 tvalid=0 tlast=0 trdy=1
[CPP-FLUSH] iter=4149 tvalid=0 tlast=0 trdy=1
[CPP-FLUSH] iter=4150 tvalid=0 tlast=0 trdy=1
[CPP-FLUSH] iter=4151 tvalid=0 tlast=0 trdy=1
[CPP-FLUSH] iter=4152 tvalid=0 tlast=0 trdy=1
[CPP-FLUSH] iter=4153 tvalid=0 tlast=0 trdy=1
[CPP-FLUSH] iter=4154 tvalid=0 tlast=0 trdy=1
[CPP-FLUSH] iter=4155 tvalid=0 tlast=0 trdy=1
[CPP-FLUSH] iter=4156 tvalid=0 tlast=0 trdy=1
[CPP-FLUSH] iter=4157 tvalid=0 tlast=0 trdy=1
[CPP-FLUSH] iter=4158 tvalid=0 tlast=0 trdy=1
[CPP-FLUSH] iter=4159 tvalid=0 tlast=0 trdy=1
[CPP-FLUSH] iter=4160 tvalid=0 tlast=0 trdy=1
[CPP-FLUSH] iter=4161 tvalid=0 tlast=0 trdy=1
[CPP-FLUSH] iter=4162 tvalid=0 tlast=0 trdy=1
[CPP-FLUSH] iter=4163 tvalid=0 tlast=0 trdy=1
[CPP-FLUSH] iter=4164 tvalid=0 tlast=0 trdy=1
[CPP-FLUSH] iter=4165 tvalid=0 tlast=0 trdy=1
[CPP-FLUSH] iter=4166 tvalid=0 tlast=0 trdy=1
[CPP-FLUSH] iter=4167 tvalid=0 tlast=0 trdy=1
[CPP-FLUSH] iter=4168 tvalid=0 tlast=0 trdy=1
[CPP-FLUSH] iter=4169 tvalid=0 tlast=0 trdy=1
[CPP-FLUSH] iter=4170 tvalid=0 tlast=0 trdy=1
[CPP-FLUSH] iter=4171 tvalid=0 tlast=0 trdy=1
[CPP-FLUSH] iter=4172 tvalid=0 tlast=0 trdy=1
[CPP-FLUSH] iter=4173 tvalid=0 tlast=0 trdy=1
[CPP-FLUSH] iter=4174 tvalid=0 tlast=0 trdy=1
[CPP-FLUSH] iter=4175 tvalid=0 tlast=0 trdy=1
[CPP-FLUSH] iter=4176 tvalid=0 tlast=0 trdy=1
[CPP-FLUSH] iter=4177 tvalid=0 tlast=0 trdy=1
[CPP-FLUSH] iter=4178 tvalid=0 tlast=0 trdy=1
[CPP-FLUSH] iter=4179 tvalid=0 tlast=0 trdy=1
[CPP-FLUSH] iter=4180 tvalid=0 tlast=0 trdy=1
[CPP-FLUSH] iter=4181 tvalid=0 tlast=0 trdy=1
[CPP-FLUSH] iter=4182 tvalid=0 tlast=0 trdy=1
[CPP-FLUSH] iter=4183 tvalid=0 tlast=0 trdy=1
[CPP-FLUSH] iter=4184 tvalid=0 tlast=0 trdy=1
[CPP-FLUSH] iter=4185 tvalid=0 tlast=0 trdy=1
[CPP-FLUSH] iter=4186 tvalid=0 tlast=0 trdy=1
[CPP-FLUSH] iter=4187 tvalid=0 tlast=0 trdy=1
[CPP-FLUSH] iter=4188 tvalid=0 tlast=0 trdy=1
[CPP-FLUSH] iter=4189 tvalid=0 tlast=0 trdy=1
[CPP-FLUSH] iter=4190 tvalid=0 tlast=0 trdy=1
[CPP-FLUSH] iter=4191 tvalid=0 tlast=0 trdy=1
[CPP-FLUSH] iter=4192 tvalid=0 tlast=0 trdy=1
[CPP-FLUSH] iter=4193 tvalid=0 tlast=0 trdy=1
[CPP-FLUSH] iter=4194 tvalid=0 tlast=0 trdy=1
[CPP-FLUSH] iter=4195 tvalid=0 tlast=0 trdy=1
[CPP-FLUSH] iter=4196 tvalid=0 tlast=0 trdy=1
[CPP-FLUSH] iter=4197 tvalid=0 tlast=0 trdy=1
[CPP-FLUSH] iter=4198 tvalid=0 tlast=0 trdy=1
[CPP-FLUSH] iter=4199 tvalid=0 tlast=0 trdy=1
[CPP-FLUSH] iter=4200 tvalid=0 tlast=0 trdy=1
[CPP-FLUSH] iter=4201 tvalid=0 tlast=0 trdy=1
[CPP-FLUSH] iter=4202 tvalid=0 tlast=0 trdy=1
[CPP-FLUSH] iter=4203 tvalid=0 tlast=0 trdy=1
[CPP-FLUSH] iter=4204 tvalid=0 tlast=0 trdy=1
[CPP-FLUSH] iter=4205 tvalid=0 tlast=0 trdy=1
[CPP-FLUSH] iter=4206 tvalid=0 tlast=0 trdy=1
[CPP-FLUSH] iter=4207 tvalid=0 tlast=0 trdy=1
[CPP-FLUSH] iter=4208 tvalid=0 tlast=0 trdy=1
[CPP-FLUSH] iter=4209 tvalid=0 tlast=0 trdy=1
[CPP-FLUSH] iter=4210 tvalid=0 tlast=0 trdy=1
[CPP-FLUSH] iter=4211 tvalid=0 tlast=0 trdy=1
[CPP-FLUSH] iter=4212 tvalid=0 tlast=0 trdy=1
[CPP-FLUSH] iter=4213 tvalid=0 tlast=0 trdy=1
[CPP-FLUSH] iter=4214 tvalid=0 tlast=0 trdy=1
[CPP-FLUSH] iter=4215 tvalid=0 tlast=0 trdy=1
[CPP-FLUSH] iter=4216 tvalid=0 tlast=0 trdy=1
[CPP-FLUSH] iter=4217 tvalid=0 tlast=0 trdy=1
[CPP-FLUSH] iter=4218 tvalid=0 tlast=0 trdy=1
[CPP-FLUSH] iter=4219 tvalid=0 tlast=0 trdy=1
[CPP-FLUSH] iter=4220 tvalid=0 tlast=0 trdy=1
[CPP-FLUSH] iter=4221 tvalid=0 tlast=0 trdy=1
[CPP-FLUSH] iter=4222 tvalid=0 tlast=0 trdy=1
[CPP-FLUSH] iter=4223 tvalid=0 tlast=0 trdy=1
[CPP-FLUSH] iter=4224 tvalid=0 tlast=0 trdy=1
[CPP-FLUSH] iter=4225 tvalid=0 tlast=0 trdy=1
[CPP-FLUSH] iter=4226 tvalid=0 tlast=0 trdy=1
[CPP-FLUSH] iter=4227 tvalid=0 tlast=0 trdy=1
[CPP-FLUSH] iter=4228 tvalid=0 tlast=0 trdy=1
[CPP-FLUSH] iter=4229 tvalid=0 tlast=0 trdy=1
[CPP-FLUSH] iter=4230 tvalid=0 tlast=0 trdy=1
[CPP-FLUSH] iter=4231 tvalid=0 tlast=0 trdy=1
[CPP-FLUSH] iter=4232 tvalid=0 tlast=0 trdy=1
[CPP-FLUSH] iter=4233 tvalid=0 tlast=0 trdy=1
[CPP-FLUSH] iter=4234 tvalid=0 tlast=0 trdy=1
[CPP-FLUSH] iter=4235 tvalid=0 tlast=0 trdy=1
[CPP-FLUSH] iter=4236 tvalid=0 tlast=0 trdy=1
[CPP-FLUSH] iter=4237 tvalid=0 tlast=0 trdy=1
[CPP-FLUSH] iter=4238 tvalid=0 tlast=0 trdy=1
[CPP-FLUSH] iter=4239 tvalid=0 tlast=0 trdy=1
[CPP-FLUSH] iter=4240 tvalid=0 tlast=0 trdy=1
[CPP-FLUSH] iter=4241 tvalid=0 tlast=0 trdy=1
[CPP-FLUSH] iter=4242 tvalid=0 tlast=0 trdy=1
[CPP-FLUSH] iter=4243 tvalid=0 tlast=0 trdy=1
[CPP-FLUSH] iter=4244 tvalid=0 tlast=0 trdy=1
[CPP-FLUSH] iter=4245 tvalid=0 tlast=0 trdy=1
[CPP-FLUSH] iter=4246 tvalid=0 tlast=0 trdy=1
[CPP-FLUSH] iter=4247 tvalid=0 tlast=0 trdy=1
[CPP-FLUSH] iter=4248 tvalid=0 tlast=0 trdy=1
[CPP-FLUSH] iter=4249 tvalid=0 tlast=0 trdy=1
[CPP-FLUSH] iter=4250 tvalid=0 tlast=0 trdy=1
[CPP-FLUSH] iter=4251 tvalid=0 tlast=0 trdy=1
[CPP-FLUSH] iter=4252 tvalid=0 tlast=0 trdy=1
[CPP-FLUSH] iter=4253 tvalid=0 tlast=0 trdy=1
[CPP-FLUSH] iter=4254 tvalid=0 tlast=0 trdy=1
[CPP-FLUSH] iter=4255 tvalid=0 tlast=0 trdy=1
[CPP-FLUSH] iter=4256 tvalid=0 tlast=0 trdy=1
[CPP-FLUSH] iter=4257 tvalid=0 tlast=0 trdy=1
[CPP-FLUSH] iter=4258 tvalid=0 tlast=0 trdy=1
[CPP-FLUSH] iter=4259 tvalid=0 tlast=0 trdy=1
[CPP-FLUSH] iter=4260 tvalid=0 tlast=0 trdy=1
[CPP-FLUSH] iter=4261 tvalid=0 tlast=0 trdy=1
[CPP-FLUSH] iter=4262 tvalid=0 tlast=0 trdy=1
[CPP-FLUSH] iter=4263 tvalid=0 tlast=0 trdy=1
[CPP-FLUSH] iter=4264 tvalid=0 tlast=0 trdy=1
[CPP-FLUSH] iter=4265 tvalid=0 tlast=0 trdy=1
[CPP-FLUSH] iter=4266 tvalid=0 tlast=0 trdy=1
[CPP-FLUSH] iter=4267 tvalid=0 tlast=0 trdy=1
[CPP-FLUSH] iter=4268 tvalid=0 tlast=0 trdy=1
[CPP-FLUSH] iter=4269 tvalid=0 tlast=0 trdy=1
[CPP-FLUSH] iter=4270 tvalid=0 tlast=0 trdy=1
[CPP-FLUSH] iter=4271 tvalid=0 tlast=0 trdy=1
[CPP-FLUSH] iter=4272 tvalid=0 tlast=0 trdy=1
[CPP-FLUSH] iter=4273 tvalid=0 tlast=0 trdy=1
[CPP-FLUSH] iter=4274 tvalid=0 tlast=0 trdy=1
[CPP-FLUSH] iter=4275 tvalid=0 tlast=0 trdy=1
[CPP-FLUSH] iter=4276 tvalid=0 tlast=0 trdy=1
[CPP-FLUSH] iter=4277 tvalid=0 tlast=0 trdy=1
[CPP-FLUSH] iter=4278 tvalid=0 tlast=0 trdy=1
[CPP-FLUSH] iter=4279 tvalid=0 tlast=0 trdy=1
[CPP-FLUSH] iter=4280 tvalid=0 tlast=0 trdy=1
[CPP-FLUSH] iter=4281 tvalid=0 tlast=0 trdy=1
[CPP-FLUSH] iter=4282 tvalid=0 tlast=0 trdy=1
[CPP-FLUSH] iter=4283 tvalid=0 tlast=0 trdy=1
[CPP-FLUSH] iter=4284 tvalid=0 tlast=0 trdy=1
[CPP-FLUSH] iter=4285 tvalid=0 tlast=0 trdy=1
[CPP-FLUSH] iter=4286 tvalid=0 tlast=0 trdy=1
[CPP-FLUSH] iter=4287 tvalid=0 tlast=0 trdy=1
[CPP-FLUSH] iter=4288 tvalid=0 tlast=0 trdy=1
[CPP-FLUSH] iter=4289 tvalid=0 tlast=0 trdy=1
[CPP-FLUSH] iter=4290 tvalid=0 tlast=0 trdy=1
[CPP-FLUSH] iter=4291 tvalid=0 tlast=0 trdy=1
[CPP-FLUSH] iter=4292 tvalid=0 tlast=0 trdy=1
[CPP-FLUSH] iter=4293 tvalid=0 tlast=0 trdy=1
[CPP-FLUSH] iter=4294 tvalid=0 tlast=0 trdy=1
[CPP-FLUSH] iter=4295 tvalid=0 tlast=0 trdy=1
[CPP-FLUSH] iter=4296 tvalid=0 tlast=0 trdy=1
[CPP-FLUSH] iter=4297 tvalid=0 tlast=0 trdy=1
[CPP-FLUSH] iter=4298 tvalid=0 tlast=0 trdy=1
[CPP-FLUSH] iter=4299 tvalid=0 tlast=0 trdy=1
[CPP-FLUSH] iter=4300 tvalid=0 tlast=0 trdy=1
[CPP-FLUSH] iter=4301 tvalid=0 tlast=0 trdy=1
[CPP-FLUSH] iter=4302 tvalid=0 tlast=0 trdy=1
[CPP-FLUSH] iter=4303 tvalid=0 tlast=0 trdy=1
[CPP-FLUSH] iter=4304 tvalid=0 tlast=0 trdy=1
[CPP-FLUSH] iter=4305 tvalid=0 tlast=0 trdy=1
[CPP-FLUSH] iter=4306 tvalid=0 tlast=0 trdy=1
[CPP-FLUSH] iter=4307 tvalid=0 tlast=0 trdy=1
[CPP-FLUSH] iter=4308 tvalid=0 tlast=0 trdy=1
[CPP-FLUSH] iter=4309 tvalid=0 tlast=0 trdy=1
[CPP-FLUSH] iter=4310 tvalid=0 tlast=0 trdy=1
[CPP-FLUSH] iter=4311 tvalid=0 tlast=0 trdy=1
[CPP-FLUSH] iter=4312 tvalid=0 tlast=0 trdy=1
[CPP-FLUSH] iter=4313 tvalid=0 tlast=0 trdy=1
[CPP-FLUSH] iter=4314 tvalid=0 tlast=0 trdy=1
[CPP-FLUSH] iter=4315 tvalid=0 tlast=0 trdy=1
[CPP-FLUSH] iter=4316 tvalid=0 tlast=0 trdy=1
[CPP-FLUSH] iter=4317 tvalid=0 tlast=0 trdy=1
[CPP-FLUSH] iter=4318 tvalid=0 tlast=0 trdy=1
[CPP-FLUSH] iter=4319 tvalid=0 tlast=0 trdy=1
[CPP-FLUSH] iter=4320 tvalid=0 tlast=0 trdy=1
[CPP-FLUSH] iter=4321 tvalid=0 tlast=0 trdy=1
[CPP-FLUSH] iter=4322 tvalid=0 tlast=0 trdy=1
[CPP-FLUSH] iter=4323 tvalid=0 tlast=0 trdy=1
[CPP-FLUSH] iter=4324 tvalid=0 tlast=0 trdy=1
[CPP-FLUSH] iter=4325 tvalid=0 tlast=0 trdy=1
[CPP-FLUSH] iter=4326 tvalid=0 tlast=0 trdy=1
[CPP-FLUSH] iter=4327 tvalid=0 tlast=0 trdy=1
[CPP-FLUSH] iter=4328 tvalid=0 tlast=0 trdy=1
[CPP-FLUSH] iter=4329 tvalid=0 tlast=0 trdy=1
[CPP-FLUSH] iter=4330 tvalid=0 tlast=0 trdy=1
[CPP-FLUSH] iter=4331 tvalid=0 tlast=0 trdy=1
[CPP-FLUSH] iter=4332 tvalid=0 tlast=0 trdy=1
[CPP-FLUSH] iter=4333 tvalid=0 tlast=0 trdy=1
[CPP-FLUSH] iter=4334 tvalid=0 tlast=0 trdy=1
[CPP-FLUSH] iter=4335 tvalid=0 tlast=0 trdy=1
[CPP-FLUSH] iter=4336 tvalid=0 tlast=0 trdy=1
[CPP-FLUSH] iter=4337 tvalid=0 tlast=0 trdy=1
[CPP-FLUSH] iter=4338 tvalid=0 tlast=0 trdy=1
[CPP-FLUSH] iter=4339 tvalid=0 tlast=0 trdy=1
[CPP-FLUSH] iter=4340 tvalid=0 tlast=0 trdy=1
[CPP-FLUSH] iter=4341 tvalid=0 tlast=0 trdy=1
[CPP-FLUSH] iter=4342 tvalid=0 tlast=0 trdy=1
[CPP-FLUSH] iter=4343 tvalid=0 tlast=0 trdy=1
[CPP-FLUSH] iter=4344 tvalid=0 tlast=0 trdy=1
[CPP-FLUSH] iter=4345 tvalid=0 tlast=0 trdy=1
[CPP-FLUSH] iter=4346 tvalid=0 tlast=0 trdy=1
[CPP-FLUSH] iter=4347 tvalid=0 tlast=0 trdy=1
[CPP-FLUSH] iter=4348 tvalid=0 tlast=0 trdy=1
[CPP-FLUSH] iter=4349 tvalid=0 tlast=0 trdy=1
[CPP-FLUSH] iter=4350 tvalid=0 tlast=0 trdy=1
[CPP-FLUSH] iter=4351 tvalid=0 tlast=0 trdy=1
[CPP-FLUSH] iter=4352 tvalid=0 tlast=0 trdy=1
[CPP-FLUSH] iter=4353 tvalid=0 tlast=0 trdy=1
[CPP-FLUSH] iter=4354 tvalid=0 tlast=0 trdy=1
[CPP-FLUSH] iter=4355 tvalid=0 tlast=0 trdy=1
[CPP-FLUSH] iter=4356 tvalid=0 tlast=0 trdy=1
[CPP-FLUSH] iter=4357 tvalid=0 tlast=0 trdy=1
[CPP-FLUSH] iter=4358 tvalid=0 tlast=0 trdy=1
[CPP-FLUSH] iter=4359 tvalid=0 tlast=0 trdy=1
[CPP-FLUSH] iter=4360 tvalid=0 tlast=0 trdy=1
[CPP-FLUSH] iter=4361 tvalid=0 tlast=0 trdy=1
[CPP-FLUSH] iter=4362 tvalid=0 tlast=0 trdy=1
[CPP-FLUSH] iter=4363 tvalid=0 tlast=0 trdy=1
[CPP-FLUSH] iter=4364 tvalid=0 tlast=0 trdy=1
[CPP-FLUSH] iter=4365 tvalid=0 tlast=0 trdy=1
[CPP-FLUSH] iter=4366 tvalid=0 tlast=0 trdy=1
[CPP-FLUSH] iter=4367 tvalid=0 tlast=0 trdy=1
[CPP-FLUSH] iter=4368 tvalid=0 tlast=0 trdy=1
[CPP-FLUSH] iter=4369 tvalid=0 tlast=0 trdy=1
[CPP-FLUSH] iter=4370 tvalid=0 tlast=0 trdy=1
[CPP-FLUSH] iter=4371 tvalid=0 tlast=0 trdy=1
[CPP-FLUSH] iter=4372 tvalid=0 tlast=0 trdy=1
[CPP-FLUSH] iter=4373 tvalid=0 tlast=0 trdy=1
[CPP-FLUSH] iter=4374 tvalid=0 tlast=0 trdy=1
[CPP-FLUSH] iter=4375 tvalid=0 tlast=0 trdy=1
[CPP-FLUSH] iter=4376 tvalid=0 tlast=0 trdy=1
[CPP-FLUSH] iter=4377 tvalid=0 tlast=0 trdy=1
[CPP-FLUSH] iter=4378 tvalid=0 tlast=0 trdy=1
[CPP-FLUSH] iter=4379 tvalid=0 tlast=0 trdy=1
[CPP-FLUSH] iter=4380 tvalid=0 tlast=0 trdy=1
[CPP-FLUSH] iter=4381 tvalid=0 tlast=0 trdy=1
[CPP-FLUSH] iter=4382 tvalid=0 tlast=0 trdy=1
[CPP-FLUSH] iter=4383 tvalid=0 tlast=0 trdy=1
[CPP-FLUSH] iter=4384 tvalid=0 tlast=0 trdy=1
[CPP-FLUSH] iter=4385 tvalid=0 tlast=0 trdy=1
[CPP-FLUSH] iter=4386 tvalid=0 tlast=0 trdy=1
[CPP-FLUSH] iter=4387 tvalid=0 tlast=0 trdy=1
[CPP-FLUSH] iter=4388 tvalid=0 tlast=0 trdy=1
[CPP-FLUSH] iter=4389 tvalid=0 tlast=0 trdy=1
[CPP-FLUSH] iter=4390 tvalid=0 tlast=0 trdy=1
[CPP-FLUSH] iter=4391 tvalid=0 tlast=0 trdy=1
[CPP-FLUSH] iter=4392 tvalid=0 tlast=0 trdy=1
[CPP-FLUSH] iter=4393 tvalid=0 tlast=0 trdy=1
[CPP-FLUSH] iter=4394 tvalid=0 tlast=0 trdy=1
[CPP-FLUSH] iter=4395 tvalid=0 tlast=0 trdy=1
[CPP-FLUSH] iter=4396 tvalid=0 tlast=0 trdy=1
[CPP-FLUSH] iter=4397 tvalid=0 tlast=0 trdy=1
[CPP-FLUSH] iter=4398 tvalid=0 tlast=0 trdy=1
[CPP-FLUSH] iter=4399 tvalid=0 tlast=0 trdy=1
[CPP-FLUSH] iter=4400 tvalid=0 tlast=0 trdy=1
[CPP-FLUSH] iter=4401 tvalid=0 tlast=0 trdy=1
[CPP-FLUSH] iter=4402 tvalid=0 tlast=0 trdy=1
[CPP-FLUSH] iter=4403 tvalid=0 tlast=0 trdy=1
[CPP-FLUSH] iter=4404 tvalid=0 tlast=0 trdy=1
[CPP-FLUSH] iter=4405 tvalid=0 tlast=0 trdy=1
[CPP-FLUSH] iter=4406 tvalid=0 tlast=0 trdy=1
[CPP-FLUSH] iter=4407 tvalid=0 tlast=0 trdy=1
[CPP-FLUSH] iter=4408 tvalid=0 tlast=0 trdy=1
[CPP-FLUSH] iter=4409 tvalid=0 tlast=0 trdy=1
[CPP-FLUSH] iter=4410 tvalid=0 tlast=0 trdy=1
[CPP-FLUSH] iter=4411 tvalid=0 tlast=0 trdy=1
[CPP-FLUSH] iter=4412 tvalid=0 tlast=0 trdy=1
[CPP-FLUSH] iter=4413 tvalid=0 tlast=0 trdy=1
[CPP-FLUSH] iter=4414 tvalid=0 tlast=0 trdy=1
[CPP-FLUSH] iter=4415 tvalid=0 tlast=0 trdy=1
[CPP-FLUSH] iter=4416 tvalid=0 tlast=0 trdy=1
[CPP-FLUSH] iter=4417 tvalid=0 tlast=0 trdy=1
[CPP-FLUSH] iter=4418 tvalid=0 tlast=0 trdy=1
[CPP-FLUSH] iter=4419 tvalid=0 tlast=0 trdy=1
[CPP-FLUSH] iter=4420 tvalid=0 tlast=0 trdy=1
[CPP-FLUSH] iter=4421 tvalid=0 tlast=0 trdy=1
[CPP-FLUSH] iter=4422 tvalid=0 tlast=0 trdy=1
[CPP-FLUSH] iter=4423 tvalid=0 tlast=0 trdy=1
[CPP-FLUSH] iter=4424 tvalid=0 tlast=0 trdy=1
[CPP-FLUSH] iter=4425 tvalid=0 tlast=0 trdy=1
[CPP-FLUSH] iter=4426 tvalid=0 tlast=0 trdy=1
[CPP-FLUSH] iter=4427 tvalid=0 tlast=0 trdy=1
[CPP-FLUSH] iter=4428 tvalid=0 tlast=0 trdy=1
[CPP-FLUSH] iter=4429 tvalid=0 tlast=0 trdy=1
[CPP-FLUSH] iter=4430 tvalid=0 tlast=0 trdy=1
[CPP-FLUSH] iter=4431 tvalid=0 tlast=0 trdy=1
[CPP-FLUSH] iter=4432 tvalid=0 tlast=0 trdy=1
[CPP-FLUSH] iter=4433 tvalid=0 tlast=0 trdy=1
[CPP-FLUSH] iter=4434 tvalid=0 tlast=0 trdy=1
[CPP-FLUSH] iter=4435 tvalid=0 tlast=0 trdy=1
[CPP-FLUSH] iter=4436 tvalid=0 tlast=0 trdy=1
[CPP-FLUSH] iter=4437 tvalid=0 tlast=0 trdy=1
[CPP-FLUSH] iter=4438 tvalid=0 tlast=0 trdy=1
[CPP-FLUSH] iter=4439 tvalid=0 tlast=0 trdy=1
[CPP-FLUSH] iter=4440 tvalid=0 tlast=0 trdy=1
[CPP-FLUSH] iter=4441 tvalid=0 tlast=0 trdy=1
[CPP-FLUSH] iter=4442 tvalid=0 tlast=0 trdy=1
[CPP-FLUSH] iter=4443 tvalid=0 tlast=0 trdy=1
[CPP-FLUSH] iter=4444 tvalid=0 tlast=0 trdy=1
[CPP-FLUSH] iter=4445 tvalid=0 tlast=0 trdy=1
[CPP-FLUSH] iter=4446 tvalid=0 tlast=0 trdy=1
[CPP-FLUSH] iter=4447 tvalid=0 tlast=0 trdy=1
[CPP-FLUSH] iter=4448 tvalid=0 tlast=0 trdy=1
[CPP-FLUSH] iter=4449 tvalid=0 tlast=0 trdy=1
[CPP-FLUSH] iter=4450 tvalid=0 tlast=0 trdy=1
[CPP-FLUSH] iter=4451 tvalid=0 tlast=0 trdy=1
[CPP-FLUSH] iter=4452 tvalid=0 tlast=0 trdy=1
[CPP-FLUSH] iter=4453 tvalid=0 tlast=0 trdy=1
[CPP-FLUSH] iter=4454 tvalid=0 tlast=0 trdy=1
[CPP-FLUSH] iter=4455 tvalid=0 tlast=0 trdy=1
[CPP-FLUSH] iter=4456 tvalid=0 tlast=0 trdy=1
[CPP-FLUSH] iter=4457 tvalid=0 tlast=0 trdy=1
[CPP-FLUSH] iter=4458 tvalid=0 tlast=0 trdy=1
[CPP-FLUSH] iter=4459 tvalid=0 tlast=0 trdy=1
[CPP-FLUSH] iter=4460 tvalid=0 tlast=0 trdy=1
[CPP-FLUSH] iter=4461 tvalid=0 tlast=0 trdy=1
[CPP-FLUSH] iter=4462 tvalid=0 tlast=0 trdy=1
[CPP-FLUSH] iter=4463 tvalid=0 tlast=0 trdy=1
[CPP-FLUSH] iter=4464 tvalid=0 tlast=0 trdy=1
[CPP-FLUSH] iter=4465 tvalid=0 tlast=0 trdy=1
[CPP-FLUSH] iter=4466 tvalid=0 tlast=0 trdy=1
[CPP-FLUSH] iter=4467 tvalid=0 tlast=0 trdy=1
[CPP-FLUSH] iter=4468 tvalid=0 tlast=0 trdy=1
[CPP-FLUSH] iter=4469 tvalid=0 tlast=0 trdy=1
[CPP-FLUSH] iter=4470 tvalid=0 tlast=0 trdy=1
[CPP-FLUSH] iter=4471 tvalid=0 tlast=0 trdy=1
[CPP-FLUSH] iter=4472 tvalid=0 tlast=0 trdy=1
[CPP-FLUSH] iter=4473 tvalid=0 tlast=0 trdy=1
[CPP-FLUSH] iter=4474 tvalid=0 tlast=0 trdy=1
[CPP-FLUSH] iter=4475 tvalid=0 tlast=0 trdy=1
[CPP-FLUSH] iter=4476 tvalid=0 tlast=0 trdy=1
[CPP-FLUSH] iter=4477 tvalid=0 tlast=0 trdy=1
[CPP-FLUSH] iter=4478 tvalid=0 tlast=0 trdy=1
[CPP-FLUSH] iter=4479 tvalid=0 tlast=0 trdy=1
[CPP-FLUSH] iter=4480 tvalid=0 tlast=0 trdy=1
[CPP-FLUSH] iter=4481 tvalid=0 tlast=0 trdy=1
[CPP-FLUSH] iter=4482 tvalid=0 tlast=0 trdy=1
[CPP-FLUSH] iter=4483 tvalid=0 tlast=0 trdy=1
[CPP-FLUSH] iter=4484 tvalid=0 tlast=0 trdy=1
[CPP-FLUSH] iter=4485 tvalid=0 tlast=0 trdy=1
[CPP-FLUSH] iter=4486 tvalid=0 tlast=0 trdy=1
[CPP-FLUSH] iter=4487 tvalid=0 tlast=0 trdy=1
[CPP-FLUSH] iter=4488 tvalid=0 tlast=0 trdy=1
[CPP-FLUSH] iter=4489 tvalid=0 tlast=0 trdy=1
[CPP-FLUSH] iter=4490 tvalid=0 tlast=0 trdy=1
[CPP-FLUSH] iter=4491 tvalid=0 tlast=0 trdy=1
[CPP-FLUSH] iter=4492 tvalid=0 tlast=0 trdy=1
[CPP-FLUSH] iter=4493 tvalid=0 tlast=0 trdy=1
[CPP-FLUSH] iter=4494 tvalid=0 tlast=0 trdy=1
[CPP-FLUSH] iter=4495 tvalid=0 tlast=0 trdy=1
[CPP-FLUSH] iter=4496 tvalid=0 tlast=0 trdy=1
[CPP-FLUSH] iter=4497 tvalid=0 tlast=0 trdy=1
[CPP-FLUSH] iter=4498 tvalid=0 tlast=0 trdy=1
[CPP-FLUSH] iter=4499 tvalid=0 tlast=0 trdy=1
[CPP-FLUSH] iter=4500 tvalid=0 tlast=0 trdy=1
[CPP-FLUSH] iter=4501 tvalid=0 tlast=0 trdy=1
[CPP-FLUSH] iter=4502 tvalid=0 tlast=0 trdy=1
[CPP-FLUSH] iter=4503 tvalid=0 tlast=0 trdy=1
[CPP-FLUSH] iter=4504 tvalid=0 tlast=0 trdy=1
[CPP-FLUSH] iter=4505 tvalid=0 tlast=0 trdy=1
[CPP-FLUSH] iter=4506 tvalid=0 tlast=0 trdy=1
[CPP-FLUSH] iter=4507 tvalid=0 tlast=0 trdy=1
[CPP-FLUSH] iter=4508 tvalid=0 tlast=0 trdy=1
[CPP-FLUSH] iter=4509 tvalid=0 tlast=0 trdy=1
[CPP-FLUSH] iter=4510 tvalid=0 tlast=0 trdy=1
[CPP-FLUSH] iter=4511 tvalid=0 tlast=0 trdy=1
[CPP-FLUSH] iter=4512 tvalid=0 tlast=0 trdy=1
[CPP-FLUSH] iter=4513 tvalid=0 tlast=0 trdy=1
[CPP-FLUSH] iter=4514 tvalid=0 tlast=0 trdy=1
[CPP-FLUSH] iter=4515 tvalid=0 tlast=0 trdy=1
[CPP-FLUSH] iter=4516 tvalid=0 tlast=0 trdy=1
[CPP-FLUSH] iter=4517 tvalid=0 tlast=0 trdy=1
[CPP-FLUSH] iter=4518 tvalid=0 tlast=0 trdy=1
[CPP-FLUSH] iter=4519 tvalid=0 tlast=0 trdy=1
[CPP-FLUSH] iter=4520 tvalid=0 tlast=0 trdy=1
[CPP-FLUSH] iter=4521 tvalid=0 tlast=0 trdy=1
[CPP-FLUSH] iter=4522 tvalid=0 tlast=0 trdy=1
[CPP-FLUSH] iter=4523 tvalid=0 tlast=0 trdy=1
[CPP-FLUSH] iter=4524 tvalid=0 tlast=0 trdy=1
[CPP-FLUSH] iter=4525 tvalid=0 tlast=0 trdy=1
[CPP-FLUSH] iter=4526 tvalid=0 tlast=0 trdy=1
[CPP-FLUSH] iter=4527 tvalid=0 tlast=0 trdy=1
[CPP-FLUSH] iter=4528 tvalid=0 tlast=0 trdy=1
[CPP-FLUSH] iter=4529 tvalid=0 tlast=0 trdy=1
[CPP-FLUSH] iter=4530 tvalid=0 tlast=0 trdy=1
[CPP-FLUSH] iter=4531 tvalid=0 tlast=0 trdy=1
[CPP-FLUSH] iter=4532 tvalid=0 tlast=0 trdy=1
[CPP-FLUSH] iter=4533 tvalid=0 tlast=0 trdy=1
[CPP-FLUSH] iter=4534 tvalid=0 tlast=0 trdy=1
[CPP-FLUSH] iter=4535 tvalid=0 tlast=0 trdy=1
[CPP-FLUSH] iter=4536 tvalid=0 tlast=0 trdy=1
[CPP-FLUSH] iter=4537 tvalid=0 tlast=0 trdy=1
[CPP-FLUSH] iter=4538 tvalid=0 tlast=0 trdy=1
[CPP-FLUSH] iter=4539 tvalid=0 tlast=0 trdy=1
[CPP-FLUSH] iter=4540 tvalid=0 tlast=0 trdy=1
[CPP-FLUSH] iter=4541 tvalid=0 tlast=0 trdy=1
[CPP-FLUSH] iter=4542 tvalid=0 tlast=0 trdy=1
[CPP-FLUSH] iter=4543 tvalid=0 tlast=0 trdy=1
[CPP-FLUSH] iter=4544 tvalid=0 tlast=0 trdy=1
[CPP-FLUSH] iter=4545 tvalid=0 tlast=0 trdy=1
[CPP-FLUSH] iter=4546 tvalid=0 tlast=0 trdy=1
[CPP-FLUSH] iter=4547 tvalid=0 tlast=0 trdy=1
[CPP-FLUSH] iter=4548 tvalid=0 tlast=0 trdy=1
[CPP-FLUSH] iter=4549 tvalid=0 tlast=0 trdy=1
[CPP-FLUSH] iter=4550 tvalid=0 tlast=0 trdy=1
[CPP-FLUSH] iter=4551 tvalid=0 tlast=0 trdy=1
[CPP-FLUSH] iter=4552 tvalid=0 tlast=0 trdy=1
[CPP-FLUSH] iter=4553 tvalid=0 tlast=0 trdy=1
[CPP-FLUSH] iter=4554 tvalid=0 tlast=0 trdy=1
[CPP-FLUSH] iter=4555 tvalid=0 tlast=0 trdy=1
[CPP-FLUSH] iter=4556 tvalid=0 tlast=0 trdy=1
[CPP-FLUSH] iter=4557 tvalid=0 tlast=0 trdy=1
[CPP-FLUSH] iter=4558 tvalid=0 tlast=0 trdy=1
[CPP-FLUSH] iter=4559 tvalid=0 tlast=0 trdy=1
[CPP-FLUSH] iter=4560 tvalid=0 tlast=0 trdy=1
[CPP-FLUSH] iter=4561 tvalid=0 tlast=0 trdy=1
[CPP-FLUSH] iter=4562 tvalid=0 tlast=0 trdy=1
[CPP-FLUSH] iter=4563 tvalid=0 tlast=0 trdy=1
[CPP-FLUSH] iter=4564 tvalid=0 tlast=0 trdy=1
[CPP-FLUSH] iter=4565 tvalid=0 tlast=0 trdy=1
[CPP-FLUSH] iter=4566 tvalid=0 tlast=0 trdy=1
[CPP-FLUSH] iter=4567 tvalid=0 tlast=0 trdy=1
[CPP-FLUSH] iter=4568 tvalid=0 tlast=0 trdy=1
[CPP-FLUSH] iter=4569 tvalid=0 tlast=0 trdy=1
[CPP-FLUSH] iter=4570 tvalid=0 tlast=0 trdy=1
[CPP-FLUSH] iter=4571 tvalid=0 tlast=0 trdy=1
[CPP-FLUSH] iter=4572 tvalid=0 tlast=0 trdy=1
[CPP-FLUSH] iter=4573 tvalid=0 tlast=0 trdy=1
[CPP-FLUSH] iter=4574 tvalid=0 tlast=0 trdy=1
[CPP-FLUSH] iter=4575 tvalid=0 tlast=0 trdy=1
[CPP-FLUSH] iter=4576 tvalid=0 tlast=0 trdy=1
[CPP-FLUSH] iter=4577 tvalid=0 tlast=0 trdy=1
[CPP-FLUSH] iter=4578 tvalid=0 tlast=0 trdy=1
[CPP-FLUSH] iter=4579 tvalid=0 tlast=0 trdy=1
[CPP-FLUSH] iter=4580 tvalid=0 tlast=0 trdy=1
[CPP-FLUSH] iter=4581 tvalid=0 tlast=0 trdy=1
[CPP-FLUSH] iter=4582 tvalid=0 tlast=0 trdy=1
[CPP-FLUSH] iter=4583 tvalid=0 tlast=0 trdy=1
[CPP-FLUSH] iter=4584 tvalid=0 tlast=0 trdy=1
[CPP-FLUSH] iter=4585 tvalid=0 tlast=0 trdy=1
[CPP-FLUSH] iter=4586 tvalid=0 tlast=0 trdy=1
[CPP-FLUSH] iter=4587 tvalid=0 tlast=0 trdy=1
[CPP-FLUSH] iter=4588 tvalid=0 tlast=0 trdy=1
[CPP-FLUSH] iter=4589 tvalid=0 tlast=0 trdy=1
[CPP-FLUSH] iter=4590 tvalid=0 tlast=0 trdy=1
[CPP-FLUSH] iter=4591 tvalid=0 tlast=0 trdy=1
[CPP-FLUSH] iter=4592 tvalid=0 tlast=0 trdy=1
[CPP-FLUSH] iter=4593 tvalid=0 tlast=0 trdy=1
[CPP-FLUSH] iter=4594 tvalid=0 tlast=0 trdy=1
[CPP-FLUSH] iter=4595 tvalid=0 tlast=0 trdy=1
[CPP-FLUSH] iter=4596 tvalid=0 tlast=0 trdy=1
[CPP-FLUSH] iter=4597 tvalid=0 tlast=0 trdy=1
[CPP-FLUSH] iter=4598 tvalid=0 tlast=0 trdy=1
[CPP-FLUSH] iter=4599 tvalid=0 tlast=0 trdy=1
[CPP-FLUSH] iter=4600 tvalid=0 tlast=0 trdy=1
[CPP-FLUSH] iter=4601 tvalid=0 tlast=0 trdy=1
[CPP-FLUSH] iter=4602 tvalid=0 tlast=0 trdy=1
[CPP-FLUSH] iter=4603 tvalid=0 tlast=0 trdy=1
[CPP-FLUSH] iter=4604 tvalid=0 tlast=0 trdy=1
[CPP-FLUSH] iter=4605 tvalid=0 tlast=0 trdy=1
[CPP-FLUSH] iter=4606 tvalid=0 tlast=0 trdy=1
[CPP-FLUSH] iter=4607 tvalid=0 tlast=0 trdy=1
[CPP-FLUSH] iter=4608 tvalid=0 tlast=0 trdy=1
[CPP-FLUSH] iter=4609 tvalid=0 tlast=0 trdy=1
[CPP-FLUSH] iter=4610 tvalid=0 tlast=0 trdy=1
[CPP-FLUSH] iter=4611 tvalid=0 tlast=0 trdy=1
[CPP-FLUSH] iter=4612 tvalid=0 tlast=0 trdy=1
[CPP-FLUSH] iter=4613 tvalid=0 tlast=0 trdy=1
[CPP-FLUSH] iter=4614 tvalid=0 tlast=0 trdy=1
[CPP-FLUSH] iter=4615 tvalid=0 tlast=0 trdy=1
[CPP-FLUSH] iter=4616 tvalid=0 tlast=0 trdy=1
[CPP-FLUSH] iter=4617 tvalid=0 tlast=0 trdy=1
[CPP-FLUSH] iter=4618 tvalid=0 tlast=0 trdy=1
[CPP-FLUSH] iter=4619 tvalid=0 tlast=0 trdy=1
[CPP-FLUSH] iter=4620 tvalid=0 tlast=0 trdy=1
[CPP-FLUSH] iter=4621 tvalid=0 tlast=0 trdy=1
[CPP-FLUSH] iter=4622 tvalid=0 tlast=0 trdy=1
[CPP-FLUSH] iter=4623 tvalid=0 tlast=0 trdy=1
[CPP-FLUSH] iter=4624 tvalid=0 tlast=0 trdy=1
[CPP-FLUSH] iter=4625 tvalid=0 tlast=0 trdy=1
[CPP-FLUSH] iter=4626 tvalid=0 tlast=0 trdy=1
[CPP-FLUSH] iter=4627 tvalid=0 tlast=0 trdy=1
[CPP-FLUSH] iter=4628 tvalid=0 tlast=0 trdy=1
[CPP-FLUSH] iter=4629 tvalid=0 tlast=0 trdy=1
[CPP-FLUSH] iter=4630 tvalid=0 tlast=0 trdy=1
[CPP-FLUSH] iter=4631 tvalid=0 tlast=0 trdy=1
[CPP-FLUSH] iter=4632 tvalid=0 tlast=0 trdy=1
[CPP-FLUSH] iter=4633 tvalid=0 tlast=0 trdy=1
[CPP-FLUSH] iter=4634 tvalid=0 tlast=0 trdy=1
[CPP-FLUSH] iter=4635 tvalid=0 tlast=0 trdy=1
[CPP-FLUSH] iter=4636 tvalid=0 tlast=0 trdy=1
[CPP-FLUSH] iter=4637 tvalid=0 tlast=0 trdy=1
[CPP-FLUSH] iter=4638 tvalid=0 tlast=0 trdy=1
[CPP-FLUSH] iter=4639 tvalid=0 tlast=0 trdy=1
[CPP-FLUSH] iter=4640 tvalid=0 tlast=0 trdy=1
[CPP-FLUSH] iter=4641 tvalid=0 tlast=0 trdy=1
[CPP-FLUSH] iter=4642 tvalid=0 tlast=0 trdy=1
[CPP-FLUSH] iter=4643 tvalid=0 tlast=0 trdy=1
[CPP-FLUSH] iter=4644 tvalid=0 tlast=0 trdy=1
[CPP-FLUSH] iter=4645 tvalid=0 tlast=0 trdy=1
[CPP-FLUSH] iter=4646 tvalid=0 tlast=0 trdy=1
[CPP-FLUSH] iter=4647 tvalid=0 tlast=0 trdy=1
[CPP-FLUSH] iter=4648 tvalid=0 tlast=0 trdy=1
[CPP-FLUSH] iter=4649 tvalid=0 tlast=0 trdy=1
[CPP-FLUSH] iter=4650 tvalid=0 tlast=0 trdy=1
[CPP-FLUSH] iter=4651 tvalid=0 tlast=0 trdy=1
[CPP-FLUSH] iter=4652 tvalid=0 tlast=0 trdy=1
[CPP-FLUSH] iter=4653 tvalid=0 tlast=0 trdy=1
[CPP-FLUSH] iter=4654 tvalid=0 tlast=0 trdy=1
[CPP-FLUSH] iter=4655 tvalid=0 tlast=0 trdy=1
[CPP-FLUSH] iter=4656 tvalid=0 tlast=0 trdy=1
[CPP-FLUSH] iter=4657 tvalid=0 tlast=0 trdy=1
[CPP-FLUSH] iter=4658 tvalid=0 tlast=0 trdy=1
[CPP-FLUSH] iter=4659 tvalid=0 tlast=0 trdy=1
[CPP-FLUSH] iter=4660 tvalid=0 tlast=0 trdy=1
[CPP-FLUSH] iter=4661 tvalid=0 tlast=0 trdy=1
[CPP-FLUSH] iter=4662 tvalid=0 tlast=0 trdy=1
[CPP-FLUSH] iter=4663 tvalid=0 tlast=0 trdy=1
[CPP-FLUSH] iter=4664 tvalid=0 tlast=0 trdy=1
[CPP-FLUSH] iter=4665 tvalid=0 tlast=0 trdy=1
[CPP-FLUSH] iter=4666 tvalid=0 tlast=0 trdy=1
[CPP-FLUSH] iter=4667 tvalid=0 tlast=0 trdy=1
[CPP-FLUSH] iter=4668 tvalid=0 tlast=0 trdy=1
[CPP-FLUSH] iter=4669 tvalid=0 tlast=0 trdy=1
[CPP-FLUSH] iter=4670 tvalid=0 tlast=0 trdy=1
[CPP-FLUSH] iter=4671 tvalid=0 tlast=0 trdy=1
[CPP-FLUSH] iter=4672 tvalid=0 tlast=0 trdy=1
[CPP-FLUSH] iter=4673 tvalid=0 tlast=0 trdy=1
[CPP-FLUSH] iter=4674 tvalid=0 tlast=0 trdy=1
[CPP-FLUSH] iter=4675 tvalid=0 tlast=0 trdy=1
[CPP-FLUSH] iter=4676 tvalid=0 tlast=0 trdy=1
[CPP-FLUSH] iter=4677 tvalid=0 tlast=0 trdy=1
[CPP-FLUSH] iter=4678 tvalid=0 tlast=0 trdy=1
[CPP-FLUSH] iter=4679 tvalid=0 tlast=0 trdy=1
[CPP-FLUSH] iter=4680 tvalid=0 tlast=0 trdy=1
[CPP-FLUSH] iter=4681 tvalid=0 tlast=0 trdy=1
[CPP-FLUSH] iter=4682 tvalid=0 tlast=0 trdy=1
[CPP-FLUSH] iter=4683 tvalid=0 tlast=0 trdy=1
[CPP-FLUSH] iter=4684 tvalid=0 tlast=0 trdy=1
[CPP-FLUSH] iter=4685 tvalid=0 tlast=0 trdy=1
[CPP-FLUSH] iter=4686 tvalid=0 tlast=0 trdy=1
[CPP-FLUSH] iter=4687 tvalid=0 tlast=0 trdy=1
[CPP-FLUSH] iter=4688 tvalid=0 tlast=0 trdy=1
[CPP-FLUSH] iter=4689 tvalid=0 tlast=0 trdy=1
[CPP-FLUSH] iter=4690 tvalid=0 tlast=0 trdy=1
[CPP-FLUSH] iter=4691 tvalid=0 tlast=0 trdy=1
[CPP-FLUSH] iter=4692 tvalid=0 tlast=0 trdy=1
[CPP-FLUSH] iter=4693 tvalid=0 tlast=0 trdy=1
[CPP-FLUSH] iter=4694 tvalid=0 tlast=0 trdy=1
[CPP-FLUSH] iter=4695 tvalid=0 tlast=0 trdy=1
[CPP-FLUSH] iter=4696 tvalid=0 tlast=0 trdy=1
[CPP-FLUSH] iter=4697 tvalid=0 tlast=0 trdy=1
[CPP-FLUSH] iter=4698 tvalid=0 tlast=0 trdy=1
[CPP-FLUSH] iter=4699 tvalid=0 tlast=0 trdy=1
[CPP-FLUSH] iter=4700 tvalid=0 tlast=0 trdy=1
[CPP-FLUSH] iter=4701 tvalid=0 tlast=0 trdy=1
[CPP-FLUSH] iter=4702 tvalid=0 tlast=0 trdy=1
[CPP-FLUSH] iter=4703 tvalid=0 tlast=0 trdy=1
[CPP-FLUSH] iter=4704 tvalid=0 tlast=0 trdy=1
[CPP-FLUSH] iter=4705 tvalid=0 tlast=0 trdy=1
[CPP-FLUSH] iter=4706 tvalid=0 tlast=0 trdy=1
[CPP-FLUSH] iter=4707 tvalid=0 tlast=0 trdy=1
[CPP-FLUSH] iter=4708 tvalid=0 tlast=0 trdy=1
[CPP-FLUSH] iter=4709 tvalid=0 tlast=0 trdy=1
[CPP-FLUSH] iter=4710 tvalid=0 tlast=0 trdy=1
[CPP-FLUSH] iter=4711 tvalid=0 tlast=0 trdy=1
[CPP-FLUSH] iter=4712 tvalid=0 tlast=0 trdy=1
[CPP-FLUSH] iter=4713 tvalid=0 tlast=0 trdy=1
[CPP-FLUSH] iter=4714 tvalid=0 tlast=0 trdy=1
[CPP-FLUSH] iter=4715 tvalid=0 tlast=0 trdy=1
[CPP-FLUSH] iter=4716 tvalid=0 tlast=0 trdy=1
[CPP-FLUSH] iter=4717 tvalid=0 tlast=0 trdy=1
[CPP-FLUSH] iter=4718 tvalid=0 tlast=0 trdy=1
[CPP-FLUSH] iter=4719 tvalid=0 tlast=0 trdy=1
[CPP-FLUSH] iter=4720 tvalid=0 tlast=0 trdy=1
[CPP-FLUSH] iter=4721 tvalid=0 tlast=0 trdy=1
[CPP-FLUSH] iter=4722 tvalid=0 tlast=0 trdy=1
[CPP-FLUSH] iter=4723 tvalid=0 tlast=0 trdy=1
[CPP-FLUSH] iter=4724 tvalid=0 tlast=0 trdy=1
[CPP-FLUSH] iter=4725 tvalid=0 tlast=0 trdy=1
[CPP-FLUSH] iter=4726 tvalid=0 tlast=0 trdy=1
[CPP-FLUSH] iter=4727 tvalid=0 tlast=0 trdy=1
[CPP-FLUSH] iter=4728 tvalid=0 tlast=0 trdy=1
[CPP-FLUSH] iter=4729 tvalid=0 tlast=0 trdy=1
[CPP-FLUSH] iter=4730 tvalid=0 tlast=0 trdy=1
[CPP-FLUSH] iter=4731 tvalid=0 tlast=0 trdy=1
[CPP-FLUSH] iter=4732 tvalid=0 tlast=0 trdy=1
[CPP-FLUSH] iter=4733 tvalid=0 tlast=0 trdy=1
[CPP-FLUSH] iter=4734 tvalid=0 tlast=0 trdy=1
[CPP-FLUSH] iter=4735 tvalid=0 tlast=0 trdy=1
[CPP-FLUSH] iter=4736 tvalid=0 tlast=0 trdy=1
[CPP-FLUSH] iter=4737 tvalid=0 tlast=0 trdy=1
[CPP-FLUSH] iter=4738 tvalid=0 tlast=0 trdy=1
[CPP-FLUSH] iter=4739 tvalid=0 tlast=0 trdy=1
[CPP-FLUSH] iter=4740 tvalid=0 tlast=0 trdy=1
[CPP-FLUSH] iter=4741 tvalid=0 tlast=0 trdy=1
[CPP-FLUSH] iter=4742 tvalid=0 tlast=0 trdy=1
[CPP-FLUSH] iter=4743 tvalid=0 tlast=0 trdy=1
[CPP-FLUSH] iter=4744 tvalid=0 tlast=0 trdy=1
[CPP-FLUSH] iter=4745 tvalid=0 tlast=0 trdy=1
[CPP-FLUSH] iter=4746 tvalid=0 tlast=0 trdy=1
[CPP-FLUSH] iter=4747 tvalid=0 tlast=0 trdy=1
[CPP-FLUSH] iter=4748 tvalid=0 tlast=0 trdy=1
[CPP-FLUSH] iter=4749 tvalid=0 tlast=0 trdy=1
[CPP-FLUSH] iter=4750 tvalid=0 tlast=0 trdy=1
[CPP-FLUSH] iter=4751 tvalid=0 tlast=0 trdy=1
[CPP-FLUSH] iter=4752 tvalid=0 tlast=0 trdy=1
[CPP-FLUSH] iter=4753 tvalid=0 tlast=0 trdy=1
[CPP-FLUSH] iter=4754 tvalid=0 tlast=0 trdy=1
[CPP-FLUSH] iter=4755 tvalid=0 tlast=0 trdy=1
[CPP-FLUSH] iter=4756 tvalid=0 tlast=0 trdy=1
[CPP-FLUSH] iter=4757 tvalid=0 tlast=0 trdy=1
[CPP-FLUSH] iter=4758 tvalid=0 tlast=0 trdy=1
[CPP-FLUSH] iter=4759 tvalid=0 tlast=0 trdy=1
[CPP-FLUSH] iter=4760 tvalid=0 tlast=0 trdy=1
[CPP-FLUSH] iter=4761 tvalid=0 tlast=0 trdy=1
[CPP-FLUSH] iter=4762 tvalid=0 tlast=0 trdy=1
[CPP-FLUSH] iter=4763 tvalid=0 tlast=0 trdy=1
[CPP-FLUSH] iter=4764 tvalid=0 tlast=0 trdy=1
[CPP-FLUSH] iter=4765 tvalid=0 tlast=0 trdy=1
[CPP-FLUSH] iter=4766 tvalid=0 tlast=0 trdy=1
[CPP-FLUSH] iter=4767 tvalid=0 tlast=0 trdy=1
[CPP-FLUSH] iter=4768 tvalid=0 tlast=0 trdy=1
[CPP-FLUSH] iter=4769 tvalid=0 tlast=0 trdy=1
[CPP-FLUSH] iter=4770 tvalid=0 tlast=0 trdy=1
[CPP-FLUSH] iter=4771 tvalid=0 tlast=0 trdy=1
[CPP-FLUSH] iter=4772 tvalid=0 tlast=0 trdy=1
[CPP-FLUSH] iter=4773 tvalid=0 tlast=0 trdy=1
[CPP-FLUSH] iter=4774 tvalid=0 tlast=0 trdy=1
[CPP-FLUSH] iter=4775 tvalid=0 tlast=0 trdy=1
[CPP-FLUSH] iter=4776 tvalid=0 tlast=0 trdy=1
[CPP-FLUSH] iter=4777 tvalid=0 tlast=0 trdy=1
[CPP-FLUSH] iter=4778 tvalid=0 tlast=0 trdy=1
[CPP-FLUSH] iter=4779 tvalid=0 tlast=0 trdy=1
[CPP-FLUSH] iter=4780 tvalid=0 tlast=0 trdy=1
[CPP-FLUSH] iter=4781 tvalid=0 tlast=0 trdy=1
[CPP-FLUSH] iter=4782 tvalid=0 tlast=0 trdy=1
[CPP-FLUSH] iter=4783 tvalid=0 tlast=0 trdy=1
[CPP-FLUSH] iter=4784 tvalid=0 tlast=0 trdy=1
[CPP-FLUSH] iter=4785 tvalid=0 tlast=0 trdy=1
[CPP-FLUSH] iter=4786 tvalid=0 tlast=0 trdy=1
[CPP-FLUSH] iter=4787 tvalid=0 tlast=0 trdy=1
[CPP-FLUSH] iter=4788 tvalid=0 tlast=0 trdy=1
[CPP-FLUSH] iter=4789 tvalid=0 tlast=0 trdy=1
[CPP-FLUSH] iter=4790 tvalid=0 tlast=0 trdy=1
[CPP-FLUSH] iter=4791 tvalid=0 tlast=0 trdy=1
[CPP-FLUSH] iter=4792 tvalid=0 tlast=0 trdy=1
[CPP-FLUSH] iter=4793 tvalid=0 tlast=0 trdy=1
[CPP-FLUSH] iter=4794 tvalid=0 tlast=0 trdy=1
[CPP-FLUSH] iter=4795 tvalid=0 tlast=0 trdy=1
[CPP-FLUSH] iter=4796 tvalid=0 tlast=0 trdy=1
[CPP-FLUSH] iter=4797 tvalid=0 tlast=0 trdy=1
[CPP-FLUSH] iter=4798 tvalid=0 tlast=0 trdy=1
[CPP-FLUSH] iter=4799 tvalid=0 tlast=0 trdy=1
[CPP-FLUSH] iter=4800 tvalid=0 tlast=0 trdy=1
[CPP-FLUSH] iter=4801 tvalid=0 tlast=0 trdy=1
[CPP-FLUSH] iter=4802 tvalid=0 tlast=0 trdy=1
[CPP-FLUSH] iter=4803 tvalid=0 tlast=0 trdy=1
[CPP-FLUSH] iter=4804 tvalid=0 tlast=0 trdy=1
[CPP-FLUSH] iter=4805 tvalid=0 tlast=0 trdy=1
[CPP-FLUSH] iter=4806 tvalid=0 tlast=0 trdy=1
[CPP-FLUSH] iter=4807 tvalid=0 tlast=0 trdy=1
[CPP-FLUSH] iter=4808 tvalid=0 tlast=0 trdy=1
[CPP-FLUSH] iter=4809 tvalid=0 tlast=0 trdy=1
[CPP-FLUSH] iter=4810 tvalid=0 tlast=0 trdy=1
[CPP-FLUSH] iter=4811 tvalid=0 tlast=0 trdy=1
[CPP-FLUSH] iter=4812 tvalid=0 tlast=0 trdy=1
[CPP-FLUSH] iter=4813 tvalid=0 tlast=0 trdy=1
[CPP-FLUSH] iter=4814 tvalid=0 tlast=0 trdy=1
[CPP-FLUSH] iter=4815 tvalid=0 tlast=0 trdy=1
[CPP-FLUSH] iter=4816 tvalid=0 tlast=0 trdy=1
[CPP-FLUSH] iter=4817 tvalid=0 tlast=0 trdy=1
[CPP-FLUSH] iter=4818 tvalid=0 tlast=0 trdy=1
[CPP-FLUSH] iter=4819 tvalid=0 tlast=0 trdy=1
[CPP-FLUSH] iter=4820 tvalid=0 tlast=0 trdy=1
[CPP-FLUSH] iter=4821 tvalid=0 tlast=0 trdy=1
[CPP-FLUSH] iter=4822 tvalid=0 tlast=0 trdy=1
[CPP-FLUSH] iter=4823 tvalid=0 tlast=0 trdy=1
[CPP-FLUSH] iter=4824 tvalid=0 tlast=0 trdy=1
[CPP-FLUSH] iter=4825 tvalid=0 tlast=0 trdy=1
[CPP-FLUSH] iter=4826 tvalid=0 tlast=0 trdy=1
[CPP-FLUSH] iter=4827 tvalid=0 tlast=0 trdy=1
[CPP-FLUSH] iter=4828 tvalid=0 tlast=0 trdy=1
[CPP-FLUSH] iter=4829 tvalid=0 tlast=0 trdy=1
[CPP-FLUSH] iter=4830 tvalid=0 tlast=0 trdy=1
[CPP-FLUSH] iter=4831 tvalid=0 tlast=0 trdy=1
[CPP-FLUSH] iter=4832 tvalid=0 tlast=0 trdy=1
[CPP-FLUSH] iter=4833 tvalid=0 tlast=0 trdy=1
[CPP-FLUSH] iter=4834 tvalid=0 tlast=0 trdy=1
[CPP-FLUSH] iter=4835 tvalid=0 tlast=0 trdy=1
[CPP-FLUSH] iter=4836 tvalid=0 tlast=0 trdy=1
[CPP-FLUSH] iter=4837 tvalid=0 tlast=0 trdy=1
[CPP-FLUSH] iter=4838 tvalid=0 tlast=0 trdy=1
[CPP-FLUSH] iter=4839 tvalid=0 tlast=0 trdy=1
[CPP-FLUSH] iter=4840 tvalid=0 tlast=0 trdy=1
[CPP-FLUSH] iter=4841 tvalid=0 tlast=0 trdy=1
[CPP-FLUSH] iter=4842 tvalid=0 tlast=0 trdy=1
[CPP-FLUSH] iter=4843 tvalid=0 tlast=0 trdy=1
[CPP-FLUSH] iter=4844 tvalid=0 tlast=0 trdy=1
[CPP-FLUSH] iter=4845 tvalid=0 tlast=0 trdy=1
[CPP-FLUSH] iter=4846 tvalid=0 tlast=0 trdy=1
[CPP-FLUSH] iter=4847 tvalid=0 tlast=0 trdy=1
[CPP-FLUSH] iter=4848 tvalid=0 tlast=0 trdy=1
[CPP-FLUSH] iter=4849 tvalid=0 tlast=0 trdy=1
[CPP-FLUSH] iter=4850 tvalid=0 tlast=0 trdy=1
[CPP-FLUSH] iter=4851 tvalid=0 tlast=0 trdy=1
[CPP-FLUSH] iter=4852 tvalid=0 tlast=0 trdy=1
[CPP-FLUSH] iter=4853 tvalid=0 tlast=0 trdy=1
[CPP-FLUSH] iter=4854 tvalid=0 tlast=0 trdy=1
[CPP-FLUSH] iter=4855 tvalid=0 tlast=0 trdy=1
[CPP-FLUSH] iter=4856 tvalid=0 tlast=0 trdy=1
[CPP-FLUSH] iter=4857 tvalid=0 tlast=0 trdy=1
[CPP-FLUSH] iter=4858 tvalid=0 tlast=0 trdy=1
[CPP-FLUSH] iter=4859 tvalid=0 tlast=0 trdy=1
[CPP-FLUSH] iter=4860 tvalid=0 tlast=0 trdy=1
[CPP-FLUSH] iter=4861 tvalid=0 tlast=0 trdy=1
[CPP-FLUSH] iter=4862 tvalid=0 tlast=0 trdy=1
[CPP-FLUSH] iter=4863 tvalid=0 tlast=0 trdy=1
[CPP-FLUSH] iter=4864 tvalid=0 tlast=0 trdy=1
[CPP-FLUSH] iter=4865 tvalid=0 tlast=0 trdy=1
[CPP-FLUSH] iter=4866 tvalid=0 tlast=0 trdy=1
[CPP-FLUSH] iter=4867 tvalid=0 tlast=0 trdy=1
[CPP-FLUSH] iter=4868 tvalid=0 tlast=0 trdy=1
[CPP-FLUSH] iter=4869 tvalid=0 tlast=0 trdy=1
[CPP-FLUSH] iter=4870 tvalid=0 tlast=0 trdy=1
[CPP-FLUSH] iter=4871 tvalid=0 tlast=0 trdy=1
[CPP-FLUSH] iter=4872 tvalid=0 tlast=0 trdy=1
[CPP-FLUSH] iter=4873 tvalid=0 tlast=0 trdy=1
[CPP-FLUSH] iter=4874 tvalid=0 tlast=0 trdy=1
[CPP-FLUSH] iter=4875 tvalid=0 tlast=0 trdy=1
[CPP-FLUSH] iter=4876 tvalid=0 tlast=0 trdy=1
[CPP-FLUSH] iter=4877 tvalid=0 tlast=0 trdy=1
[CPP-FLUSH] iter=4878 tvalid=0 tlast=0 trdy=1
[CPP-FLUSH] iter=4879 tvalid=0 tlast=0 trdy=1
[CPP-FLUSH] iter=4880 tvalid=0 tlast=0 trdy=1
[CPP-FLUSH] iter=4881 tvalid=0 tlast=0 trdy=1
[CPP-FLUSH] iter=4882 tvalid=0 tlast=0 trdy=1
[CPP-FLUSH] iter=4883 tvalid=0 tlast=0 trdy=1
[CPP-FLUSH] iter=4884 tvalid=0 tlast=0 trdy=1
[CPP-FLUSH] iter=4885 tvalid=0 tlast=0 trdy=1
[CPP-FLUSH] iter=4886 tvalid=0 tlast=0 trdy=1
[CPP-FLUSH] iter=4887 tvalid=0 tlast=0 trdy=1
[CPP-FLUSH] iter=4888 tvalid=0 tlast=0 trdy=1
[CPP-FLUSH] iter=4889 tvalid=0 tlast=0 trdy=1
[CPP-FLUSH] iter=4890 tvalid=0 tlast=0 trdy=1
[CPP-FLUSH] iter=4891 tvalid=0 tlast=0 trdy=1
[CPP-FLUSH] iter=4892 tvalid=0 tlast=0 trdy=1
[CPP-FLUSH] iter=4893 tvalid=0 tlast=0 trdy=1
[CPP-FLUSH] iter=4894 tvalid=0 tlast=0 trdy=1
[CPP-FLUSH] iter=4895 tvalid=0 tlast=0 trdy=1
[CPP-FLUSH] iter=4896 tvalid=0 tlast=0 trdy=1
[CPP-FLUSH] iter=4897 tvalid=0 tlast=0 trdy=1
[CPP-FLUSH] iter=4898 tvalid=0 tlast=0 trdy=1
[CPP-FLUSH] iter=4899 tvalid=0 tlast=0 trdy=1
[CPP-FLUSH] iter=4900 tvalid=0 tlast=0 trdy=1
[CPP-FLUSH] iter=4901 tvalid=0 tlast=0 trdy=1
[CPP-FLUSH] iter=4902 tvalid=0 tlast=0 trdy=1
[CPP-FLUSH] iter=4903 tvalid=0 tlast=0 trdy=1
[CPP-FLUSH] iter=4904 tvalid=0 tlast=0 trdy=1
[CPP-FLUSH] iter=4905 tvalid=0 tlast=0 trdy=1
[CPP-FLUSH] iter=4906 tvalid=0 tlast=0 trdy=1
[CPP-FLUSH] iter=4907 tvalid=0 tlast=0 trdy=1
[CPP-FLUSH] iter=4908 tvalid=0 tlast=0 trdy=1
[CPP-FLUSH] iter=4909 tvalid=0 tlast=0 trdy=1
[CPP-FLUSH] iter=4910 tvalid=0 tlast=0 trdy=1
[CPP-FLUSH] iter=4911 tvalid=0 tlast=0 trdy=1
[CPP-FLUSH] iter=4912 tvalid=0 tlast=0 trdy=1
[CPP-FLUSH] iter=4913 tvalid=0 tlast=0 trdy=1
[CPP-FLUSH] iter=4914 tvalid=0 tlast=0 trdy=1
[CPP-FLUSH] iter=4915 tvalid=0 tlast=0 trdy=1
[CPP-FLUSH] iter=4916 tvalid=0 tlast=0 trdy=1
[CPP-FLUSH] iter=4917 tvalid=0 tlast=0 trdy=1
[CPP-FLUSH] iter=4918 tvalid=0 tlast=0 trdy=1
[CPP-FLUSH] iter=4919 tvalid=0 tlast=0 trdy=1
[CPP-FLUSH] iter=4920 tvalid=0 tlast=0 trdy=1
[CPP-FLUSH] iter=4921 tvalid=0 tlast=0 trdy=1
[CPP-FLUSH] iter=4922 tvalid=0 tlast=0 trdy=1
[CPP-FLUSH] iter=4923 tvalid=0 tlast=0 trdy=1
[CPP-FLUSH] iter=4924 tvalid=0 tlast=0 trdy=1
[CPP-FLUSH] iter=4925 tvalid=0 tlast=0 trdy=1
[CPP-FLUSH] iter=4926 tvalid=0 tlast=0 trdy=1
[CPP-FLUSH] iter=4927 tvalid=0 tlast=0 trdy=1
[CPP-FLUSH] iter=4928 tvalid=0 tlast=0 trdy=1
[CPP-FLUSH] iter=4929 tvalid=0 tlast=0 trdy=1
[CPP-FLUSH] iter=4930 tvalid=0 tlast=0 trdy=1
[CPP-FLUSH] iter=4931 tvalid=0 tlast=0 trdy=1
[CPP-FLUSH] iter=4932 tvalid=0 tlast=0 trdy=1
[CPP-FLUSH] iter=4933 tvalid=0 tlast=0 trdy=1
[CPP-FLUSH] iter=4934 tvalid=0 tlast=0 trdy=1
[CPP-FLUSH] iter=4935 tvalid=0 tlast=0 trdy=1
[CPP-FLUSH] iter=4936 tvalid=0 tlast=0 trdy=1
[CPP-FLUSH] iter=4937 tvalid=0 tlast=0 trdy=1
[CPP-FLUSH] iter=4938 tvalid=0 tlast=0 trdy=1
[CPP-FLUSH] iter=4939 tvalid=0 tlast=0 trdy=1
[CPP-FLUSH] iter=4940 tvalid=0 tlast=0 trdy=1
[CPP-FLUSH] iter=4941 tvalid=0 tlast=0 trdy=1
[CPP-FLUSH] iter=4942 tvalid=0 tlast=0 trdy=1
[CPP-FLUSH] iter=4943 tvalid=0 tlast=0 trdy=1
[CPP-FLUSH] iter=4944 tvalid=0 tlast=0 trdy=1
[CPP-FLUSH] iter=4945 tvalid=0 tlast=0 trdy=1
[CPP-FLUSH] iter=4946 tvalid=0 tlast=0 trdy=1
[CPP-FLUSH] iter=4947 tvalid=0 tlast=0 trdy=1
[CPP-FLUSH] iter=4948 tvalid=0 tlast=0 trdy=1
[CPP-FLUSH] iter=4949 tvalid=0 tlast=0 trdy=1
[CPP-FLUSH] iter=4950 tvalid=0 tlast=0 trdy=1
[CPP-FLUSH] iter=4951 tvalid=0 tlast=0 trdy=1
[CPP-FLUSH] iter=4952 tvalid=0 tlast=0 trdy=1
[CPP-FLUSH] iter=4953 tvalid=0 tlast=0 trdy=1
[CPP-FLUSH] iter=4954 tvalid=0 tlast=0 trdy=1
[CPP-FLUSH] iter=4955 tvalid=0 tlast=0 trdy=1
[CPP-FLUSH] iter=4956 tvalid=0 tlast=0 trdy=1
[CPP-FLUSH] iter=4957 tvalid=0 tlast=0 trdy=1
[CPP-FLUSH] iter=4958 tvalid=0 tlast=0 trdy=1
[CPP-FLUSH] iter=4959 tvalid=0 tlast=0 trdy=1
[CPP-FLUSH] iter=4960 tvalid=0 tlast=0 trdy=1
[CPP-FLUSH] iter=4961 tvalid=0 tlast=0 trdy=1
[CPP-FLUSH] iter=4962 tvalid=0 tlast=0 trdy=1
[CPP-FLUSH] iter=4963 tvalid=0 tlast=0 trdy=1
[CPP-FLUSH] iter=4964 tvalid=0 tlast=0 trdy=1
[CPP-FLUSH] iter=4965 tvalid=0 tlast=0 trdy=1
[CPP-FLUSH] iter=4966 tvalid=0 tlast=0 trdy=1
[CPP-FLUSH] iter=4967 tvalid=0 tlast=0 trdy=1
[CPP-FLUSH] iter=4968 tvalid=0 tlast=0 trdy=1
[CPP-FLUSH] iter=4969 tvalid=0 tlast=0 trdy=1
[CPP-FLUSH] iter=4970 tvalid=0 tlast=0 trdy=1
[CPP-FLUSH] iter=4971 tvalid=0 tlast=0 trdy=1
[CPP-FLUSH] iter=4972 tvalid=0 tlast=0 trdy=1
[CPP-FLUSH] iter=4973 tvalid=0 tlast=0 trdy=1
[CPP-FLUSH] iter=4974 tvalid=0 tlast=0 trdy=1
[CPP-FLUSH] iter=4975 tvalid=0 tlast=0 trdy=1
[CPP-FLUSH] iter=4976 tvalid=0 tlast=0 trdy=1
[CPP-FLUSH] iter=4977 tvalid=0 tlast=0 trdy=1
[CPP-FLUSH] iter=4978 tvalid=0 tlast=0 trdy=1
[CPP-FLUSH] iter=4979 tvalid=0 tlast=0 trdy=1
[CPP-FLUSH] iter=4980 tvalid=0 tlast=0 trdy=1
[CPP-FLUSH] iter=4981 tvalid=0 tlast=0 trdy=1
[CPP-FLUSH] iter=4982 tvalid=0 tlast=0 trdy=1
[CPP-FLUSH] iter=4983 tvalid=0 tlast=0 trdy=1
[CPP-FLUSH] iter=4984 tvalid=0 tlast=0 trdy=1
[CPP-FLUSH] iter=4985 tvalid=0 tlast=0 trdy=1
[CPP-FLUSH] iter=4986 tvalid=0 tlast=0 trdy=1
[CPP-FLUSH] iter=4987 tvalid=0 tlast=0 trdy=1
[CPP-FLUSH] iter=4988 tvalid=0 tlast=0 trdy=1
[CPP-FLUSH] iter=4989 tvalid=0 tlast=0 trdy=1
[CPP-FLUSH] iter=4990 tvalid=0 tlast=0 trdy=1
[CPP-FLUSH] iter=4991 tvalid=0 tlast=0 trdy=1
[CPP-FLUSH] iter=4992 tvalid=0 tlast=0 trdy=1
[CPP-FLUSH] iter=4993 tvalid=0 tlast=0 trdy=1
[CPP-FLUSH] iter=4994 tvalid=0 tlast=0 trdy=1
[CPP-FLUSH] iter=4995 tvalid=0 tlast=0 trdy=1
[CPP-FLUSH] iter=4996 tvalid=0 tlast=0 trdy=1
[CPP-FLUSH] iter=4997 tvalid=0 tlast=0 trdy=1
[CPP-FLUSH] iter=4998 tvalid=0 tlast=0 trdy=1
[CPP-FLUSH] iter=4999 tvalid=0 tlast=0 trdy=1
[CPP-FLUSH] iter=5000 tvalid=0 tlast=0 trdy=1

[TB ERROR] Flushing timed out! Check line_buffer_top FSM tlast logic.

[TB] Simulation Complete!
[TB] Total Valid 3x3 Windows Produced: 1154
